EnergyConvTech,ModelGeography,SubGeography1,SubGeography2,Year,MaxCapacity,MinCapacity
EG_CCGT,INDIA,SR,AP,2021,0,0
EG_CCGT,INDIA,SR,AP,2022,0,0
EG_CCGT,INDIA,SR,AP,2023,0.157970682,0
EG_CCGT,INDIA,SR,AP,2024,0.157970682,0
EG_CCGT,INDIA,SR,AP,2025,0.157970682,0
EG_CCGT,INDIA,SR,AP,2026,0.157970682,0
EG_CCGT,INDIA,SR,AP,2027,0.157970682,0
EG_CCGT,INDIA,SR,AP,2028,0.157970682,0
EG_CCGT,INDIA,SR,AP,2029,0.157970682,0
EG_CCGT,INDIA,SR,AP,2030,0.157970682,0
EG_CCGT,INDIA,SR,AP,2031,0.157970682,0
EG_CCGT,INDIA,NER,AS,2021,0,0
EG_CCGT,INDIA,NER,AS,2022,0.056884948,0.03615
EG_CCGT,INDIA,NER,AS,2023,0.031387537,0
EG_CCGT,INDIA,NER,AS,2024,0.031387537,0
EG_CCGT,INDIA,NER,NE,2021,0,0
EG_CCGT,INDIA,NER,NE,2022,0,0
EG_CCGT,INDIA,NER,NE,2023,0.035080798,0
EG_CCGT,INDIA,NER,NE,2024,0.035080798,0
EG_CCGT,INDIA,NER,NE,2025,0.035080798,0
EG_CCGT,INDIA,NER,NE,2026,0.035080798,0
EG_CCGT,INDIA,NER,NE,2027,0.035080798,0
EG_CCGT,INDIA,NER,NE,2028,0.035080798,0
EG_CCGT,INDIA,NER,NE,2029,0.035080798,0
EG_CCGT,INDIA,NER,NE,2030,0.035080798,0
EG_CCGT,INDIA,NER,NE,2031,0.035080798,0
EG_CCGT,INDIA,NER,AS,2025,0.031387537,0
EG_CCGT,INDIA,NER,AS,2026,0.031387537,0
EG_CCGT,INDIA,NER,AS,2027,0.031387537,0
EG_CCGT,INDIA,NER,AS,2028,0.031387537,0
EG_CCGT,INDIA,NER,AS,2029,0.031387537,0
EG_CCGT,INDIA,NER,AS,2030,0.031387537,0
EG_CCGT,INDIA,NER,AS,2031,0.031387537,0
EG_CCGT,INDIA,ER,BR,2021,0,0
EG_CCGT,INDIA,ER,BR,2022,0,0
EG_CCGT,INDIA,ER,BR,2023,0.001287339,0
EG_CCGT,INDIA,ER,BR,2024,0.001287339,0
EG_CCGT,INDIA,ER,BR,2025,0.001287339,0
EG_CCGT,INDIA,ER,BR,2026,0.001287339,0
EG_CCGT,INDIA,ER,BR,2027,0.001287339,0
EG_CCGT,INDIA,ER,BR,2028,0.001287339,0
EG_CCGT,INDIA,ER,BR,2029,0.001287339,0
EG_CCGT,INDIA,ER,BR,2030,0.001287339,0
EG_CCGT,INDIA,ER,BR,2031,0.001287339,0
EG_CCGT,INDIA,WR,CG,2021,0,0
EG_CCGT,INDIA,WR,CG,2022,0,0
EG_CCGT,INDIA,WR,CG,2023,0.002834476,0
EG_CCGT,INDIA,WR,CG,2024,0.002834476,0
EG_CCGT,INDIA,WR,CG,2025,0.002834476,0
EG_CCGT,INDIA,WR,CG,2026,0.002834476,0
EG_CCGT,INDIA,WR,CG,2027,0.002834476,0
EG_CCGT,INDIA,WR,CG,2028,0.002834476,0
EG_CCGT,INDIA,WR,CG,2029,0.002834476,0
EG_CCGT,INDIA,WR,CG,2030,0.002834476,0
EG_CCGT,INDIA,WR,CG,2031,0.002834476,0
EG_CCGT,INDIA,WR,GA,2021,0,0
EG_CCGT,INDIA,WR,GA,2022,0,0
EG_CCGT,INDIA,WR,GA,2023,0.004068641,0
EG_CCGT,INDIA,WR,GA,2024,0.004068641,0
EG_CCGT,INDIA,WR,GA,2025,0.004068641,0
EG_CCGT,INDIA,WR,GA,2026,0.004068641,0
EG_CCGT,INDIA,WR,GA,2027,0.004068641,0
EG_CCGT,INDIA,WR,GA,2028,0.004068641,0
EG_CCGT,INDIA,WR,GA,2029,0.004068641,0
EG_CCGT,INDIA,WR,GA,2030,0.004068641,0
EG_CCGT,INDIA,WR,GA,2031,0.004068641,0
EG_CCGT,INDIA,WR,GJ,2021,0,0
EG_CCGT,INDIA,WR,GJ,2022,0,0
EG_CCGT,INDIA,WR,GJ,2023,0.325771734,0
EG_CCGT,INDIA,WR,GJ,2024,0.325771734,0
EG_CCGT,INDIA,WR,GJ,2025,0.325771734,0
EG_CCGT,INDIA,WR,GJ,2026,0.325771734,0
EG_CCGT,INDIA,WR,GJ,2027,0.325771734,0
EG_CCGT,INDIA,WR,GJ,2028,0.325771734,0
EG_CCGT,INDIA,WR,GJ,2029,0.325771734,0
EG_CCGT,INDIA,WR,GJ,2030,0.325771734,0
EG_CCGT,INDIA,WR,GJ,2031,0.325771734,0
EG_CCGT,INDIA,NR,HR,2021,0,0
EG_CCGT,INDIA,NR,HR,2022,0,0
EG_CCGT,INDIA,NR,HR,2023,0.028049981,0
EG_CCGT,INDIA,NR,HR,2024,0.028049981,0
EG_CCGT,INDIA,NR,HR,2025,0.028049981,0
EG_CCGT,INDIA,NR,HR,2026,0.028049981,0
EG_CCGT,INDIA,NR,HR,2027,0.028049981,0
EG_CCGT,INDIA,NR,HR,2028,0.028049981,0
EG_CCGT,INDIA,NR,HR,2029,0.028049981,0
EG_CCGT,INDIA,NR,HR,2030,0.028049981,0
EG_CCGT,INDIA,NR,HR,2031,0.028049981,0
EG_CCGT,INDIA,NR,HP,2021,0,0
EG_CCGT,INDIA,NR,HP,2022,0,0
EG_CCGT,INDIA,NR,HP,2023,0,0
EG_CCGT,INDIA,NR,HP,2024,0,0
EG_CCGT,INDIA,NR,HP,2025,0,0
EG_CCGT,INDIA,NR,HP,2026,0,0
EG_CCGT,INDIA,NR,HP,2027,0,0
EG_CCGT,INDIA,NR,HP,2028,0,0
EG_CCGT,INDIA,NR,HP,2029,0,0
EG_CCGT,INDIA,NR,HP,2030,0,0
EG_CCGT,INDIA,NR,HP,2031,0,0
EG_CCGT,INDIA,NR,JK,2021,0,0
EG_CCGT,INDIA,NR,JK,2022,0,0
EG_CCGT,INDIA,NR,JK,2023,0.005422789,0
EG_CCGT,INDIA,NR,JK,2024,0.005422789,0
EG_CCGT,INDIA,NR,JK,2025,0.005422789,0
EG_CCGT,INDIA,NR,JK,2026,0.005422789,0
EG_CCGT,INDIA,NR,JK,2027,0.005422789,0
EG_CCGT,INDIA,NR,JK,2028,0.005422789,0
EG_CCGT,INDIA,NR,JK,2029,0.005422789,0
EG_CCGT,INDIA,NR,JK,2030,0.005422789,0
EG_CCGT,INDIA,NR,JK,2031,0.005422789,0
EG_CCGT,INDIA,ER,JH,2021,0,0
EG_CCGT,INDIA,ER,JH,2022,0,0
EG_CCGT,INDIA,ER,JH,2023,0.003160711,0
EG_CCGT,INDIA,ER,JH,2024,0.003160711,0
EG_CCGT,INDIA,ER,JH,2025,0.003160711,0
EG_CCGT,INDIA,ER,JH,2026,0.003160711,0
EG_CCGT,INDIA,ER,JH,2027,0.003160711,0
EG_CCGT,INDIA,ER,JH,2028,0.003160711,0
EG_CCGT,INDIA,ER,JH,2029,0.003160711,0
EG_CCGT,INDIA,ER,JH,2030,0.003160711,0
EG_CCGT,INDIA,ER,JH,2031,0.003160711,0
EG_CCGT,INDIA,SR,KA,2021,0,0
EG_CCGT,INDIA,SR,KA,2022,0.37,0.37
EG_CCGT,INDIA,SR,KA,2023,0.015707496,0
EG_CCGT,INDIA,SR,KA,2024,0.015707496,0
EG_CCGT,INDIA,SR,KA,2025,0.015707496,0
EG_CCGT,INDIA,SR,KA,2026,0.015707496,0
EG_CCGT,INDIA,SR,KA,2027,0.015707496,0
EG_CCGT,INDIA,SR,KA,2028,0.015707496,0
EG_CCGT,INDIA,SR,KA,2029,0.015707496,0
EG_CCGT,INDIA,SR,KA,2030,0.015707496,0
EG_CCGT,INDIA,SR,KA,2031,0.015707496,0
EG_CCGT,INDIA,SR,KL,2021,0,0
EG_CCGT,INDIA,SR,KL,2022,0,0
EG_CCGT,INDIA,SR,KL,2023,0.022591649,0
EG_CCGT,INDIA,SR,KL,2024,0.022591649,0
EG_CCGT,INDIA,SR,KL,2025,0.022591649,0
EG_CCGT,INDIA,SR,KL,2026,0.022591649,0
EG_CCGT,INDIA,SR,KL,2027,0.022591649,0
EG_CCGT,INDIA,SR,KL,2028,0.022591649,0
EG_CCGT,INDIA,SR,KL,2029,0.022591649,0
EG_CCGT,INDIA,SR,KL,2030,0.022591649,0
EG_CCGT,INDIA,SR,KL,2031,0.022591649,0
EG_CCGT,INDIA,WR,MP,2021,0,0
EG_CCGT,INDIA,WR,MP,2022,0,0
EG_CCGT,INDIA,WR,MP,2023,0.00509296,0
EG_CCGT,INDIA,WR,MP,2024,0.00509296,0
EG_CCGT,INDIA,WR,MP,2025,0.00509296,0
EG_CCGT,INDIA,WR,MP,2026,0.00509296,0
EG_CCGT,INDIA,WR,MP,2027,0.00509296,0
EG_CCGT,INDIA,WR,MP,2028,0.00509296,0
EG_CCGT,INDIA,WR,MP,2029,0.00509296,0
EG_CCGT,INDIA,WR,MP,2030,0.00509296,0
EG_CCGT,INDIA,WR,MP,2031,0.00509296,0
EG_CCGT,INDIA,WR,MH,2021,0,0
EG_CCGT,INDIA,WR,MH,2022,0,0
EG_CCGT,INDIA,WR,MH,2023,0.121182171,0
EG_CCGT,INDIA,WR,MH,2024,0.121182171,0
EG_CCGT,INDIA,WR,MH,2025,0.121182171,0
EG_CCGT,INDIA,WR,MH,2026,0.121182171,0
EG_CCGT,INDIA,WR,MH,2027,0.121182171,0
EG_CCGT,INDIA,WR,MH,2028,0.121182171,0
EG_CCGT,INDIA,WR,MH,2029,0.121182171,0
EG_CCGT,INDIA,WR,MH,2030,0.121182171,0
EG_CCGT,INDIA,WR,MH,2031,0.121182171,0
EG_CCGT,INDIA,ER,OD,2021,0,0
EG_CCGT,INDIA,ER,OD,2022,0,0
EG_CCGT,INDIA,ER,OD,2023,0.011558288,0
EG_CCGT,INDIA,ER,OD,2024,0.011558288,0
EG_CCGT,INDIA,ER,OD,2025,0.011558288,0
EG_CCGT,INDIA,ER,OD,2026,0.011558288,0
EG_CCGT,INDIA,ER,OD,2027,0.011558288,0
EG_CCGT,INDIA,ER,OD,2028,0.011558288,0
EG_CCGT,INDIA,ER,OD,2029,0.011558288,0
EG_CCGT,INDIA,ER,OD,2030,0.011558288,0
EG_CCGT,INDIA,ER,OD,2031,0.011558288,0
EG_CCGT,INDIA,NR,PB,2021,0,0
EG_CCGT,INDIA,NR,PB,2022,0,0
EG_CCGT,INDIA,NR,PB,2023,0.002331551,0
EG_CCGT,INDIA,NR,PB,2024,0.002331551,0
EG_CCGT,INDIA,NR,PB,2025,0.002331551,0
EG_CCGT,INDIA,NR,PB,2026,0.002331551,0
EG_CCGT,INDIA,NR,PB,2027,0.002331551,0
EG_CCGT,INDIA,NR,PB,2028,0.002331551,0
EG_CCGT,INDIA,NR,PB,2029,0.002331551,0
EG_CCGT,INDIA,NR,PB,2030,0.002331551,0
EG_CCGT,INDIA,NR,PB,2031,0.002331551,0
EG_CCGT,INDIA,NR,RJ,2021,0,0
EG_CCGT,INDIA,NR,RJ,2022,0,0
EG_CCGT,INDIA,NR,RJ,2023,0.034843094,0
EG_CCGT,INDIA,NR,RJ,2024,0.034843094,0
EG_CCGT,INDIA,NR,RJ,2025,0.034843094,0
EG_CCGT,INDIA,NR,RJ,2026,0.034843094,0
EG_CCGT,INDIA,NR,RJ,2027,0.034843094,0
EG_CCGT,INDIA,NR,RJ,2028,0.034843094,0
EG_CCGT,INDIA,NR,RJ,2029,0.034843094,0
EG_CCGT,INDIA,NR,RJ,2030,0.034843094,0
EG_CCGT,INDIA,NR,RJ,2031,0.034843094,0
EG_CCGT,INDIA,SR,TN,2021,0,0
EG_CCGT,INDIA,SR,TN,2022,0,0
EG_CCGT,INDIA,SR,TN,2023,0.041047632,0
EG_CCGT,INDIA,SR,TN,2024,0.041047632,0
EG_CCGT,INDIA,SR,TN,2025,0.041047632,0
EG_CCGT,INDIA,SR,TN,2026,0.041047632,0
EG_CCGT,INDIA,SR,TN,2027,0.041047632,0
EG_CCGT,INDIA,SR,TN,2028,0.041047632,0
EG_CCGT,INDIA,SR,TN,2029,0.041047632,0
EG_CCGT,INDIA,SR,TN,2030,0.041047632,0
EG_CCGT,INDIA,SR,TN,2031,0.041047632,0
EG_CCGT,INDIA,SR,TS,2021,0,0
EG_CCGT,INDIA,SR,TS,2022,0,0
EG_CCGT,INDIA,SR,TS,2023,3.09874E-05,0
EG_CCGT,INDIA,SR,TS,2024,3.09874E-05,0
EG_CCGT,INDIA,SR,TS,2025,3.09874E-05,0
EG_CCGT,INDIA,SR,TS,2026,3.09874E-05,0
EG_CCGT,INDIA,SR,TS,2027,3.09874E-05,0
EG_CCGT,INDIA,SR,TS,2028,3.09874E-05,0
EG_CCGT,INDIA,SR,TS,2029,3.09874E-05,0
EG_CCGT,INDIA,SR,TS,2030,3.09874E-05,0
EG_CCGT,INDIA,SR,TS,2031,3.09874E-05,0
EG_CCGT,INDIA,NR,UP,2021,0,0
EG_CCGT,INDIA,NR,UP,2022,0,0
EG_CCGT,INDIA,NR,UP,2023,0.056113938,0
EG_CCGT,INDIA,NR,UP,2024,0.056113938,0
EG_CCGT,INDIA,NR,UP,2025,0.056113938,0
EG_CCGT,INDIA,NR,UP,2026,0.056113938,0
EG_CCGT,INDIA,NR,UP,2027,0.056113938,0
EG_CCGT,INDIA,NR,UP,2028,0.056113938,0
EG_CCGT,INDIA,NR,UP,2029,0.056113938,0
EG_CCGT,INDIA,NR,UP,2030,0.056113938,0
EG_CCGT,INDIA,NR,UP,2031,0.056113938,0
EG_CCGT,INDIA,NR,UK,2021,0,0
EG_CCGT,INDIA,NR,UK,2022,0,0
EG_CCGT,INDIA,NR,UK,2023,0.01425078,0
EG_CCGT,INDIA,NR,UK,2024,0.01425078,0
EG_CCGT,INDIA,NR,UK,2025,0.01425078,0
EG_CCGT,INDIA,NR,UK,2026,0.01425078,0
EG_CCGT,INDIA,NR,UK,2027,0.01425078,0
EG_CCGT,INDIA,NR,UK,2028,0.01425078,0
EG_CCGT,INDIA,NR,UK,2029,0.01425078,0
EG_CCGT,INDIA,NR,UK,2030,0.01425078,0
EG_CCGT,INDIA,NR,UK,2031,0.01425078,0
EG_CCGT,INDIA,ER,WB,2021,0,0
EG_CCGT,INDIA,ER,WB,2022,0,0
EG_CCGT,INDIA,ER,WB,2023,0.009662729,0
EG_CCGT,INDIA,ER,WB,2024,0.009662729,0
EG_CCGT,INDIA,ER,WB,2025,0.009662729,0
EG_CCGT,INDIA,ER,WB,2026,0.009662729,0
EG_CCGT,INDIA,ER,WB,2027,0.009662729,0
EG_CCGT,INDIA,ER,WB,2028,0.009662729,0
EG_CCGT,INDIA,ER,WB,2029,0.009662729,0
EG_CCGT,INDIA,ER,WB,2030,0.009662729,0
EG_CCGT,INDIA,ER,WB,2031,0.009662729,0
EG_CCGT,INDIA,WR,UT,2021,0,0
EG_CCGT,INDIA,WR,UT,2022,0,0
EG_CCGT,INDIA,WR,UT,2023,0.002119536,0
EG_CCGT,INDIA,WR,UT,2024,0.002119536,0
EG_CCGT,INDIA,WR,UT,2025,0.002119536,0
EG_CCGT,INDIA,WR,UT,2026,0.002119536,0
EG_CCGT,INDIA,WR,UT,2027,0.002119536,0
EG_CCGT,INDIA,WR,UT,2028,0.002119536,0
EG_CCGT,INDIA,WR,UT,2029,0.002119536,0
EG_CCGT,INDIA,WR,UT,2030,0.002119536,0
EG_CCGT,INDIA,WR,UT,2031,0.002119536,0
EG_CCGT,INDIA,NR,DL,2021,0,0
EG_CCGT,INDIA,NR,DL,2022,0,0
EG_CCGT,INDIA,NR,DL,2023,0.0684325,0
EG_CCGT,INDIA,NR,DL,2024,0.0684325,0
EG_CCGT,INDIA,NR,DL,2025,0.0684325,0
EG_CCGT,INDIA,NR,DL,2026,0.0684325,0
EG_CCGT,INDIA,NR,DL,2027,0.0684325,0
EG_CCGT,INDIA,NR,DL,2028,0.0684325,0
EG_CCGT,INDIA,NR,DL,2029,0.0684325,0
EG_CCGT,INDIA,NR,DL,2030,0.0684325,0
EG_CCGT,INDIA,NR,DL,2031,0.0684325,0
EG_OCGT,INDIA,SR,AP,2021,0,0
EG_OCGT,INDIA,SR,AP,2022,0,0
EG_OCGT,INDIA,SR,AP,2023,0.473912046,0
EG_OCGT,INDIA,SR,AP,2024,0.473912046,0
EG_OCGT,INDIA,SR,AP,2025,0.473912046,0
EG_OCGT,INDIA,SR,AP,2026,0.473912046,0
EG_OCGT,INDIA,SR,AP,2027,0.473912046,0
EG_OCGT,INDIA,SR,AP,2028,0.473912046,0
EG_OCGT,INDIA,SR,AP,2029,0.473912046,0
EG_OCGT,INDIA,SR,AP,2030,0.473912046,0
EG_OCGT,INDIA,SR,AP,2031,0.473912046,0
EG_OCGT,INDIA,NER,AS,2021,0,0
EG_OCGT,INDIA,NER,AS,2022,0,0
EG_OCGT,INDIA,NER,AS,2023,0.094162612,0
EG_OCGT,INDIA,NER,AS,2024,0.094162612,0
EG_OCGT,INDIA,NER,NE,2021,0,0
EG_OCGT,INDIA,NER,NE,2022,0,0
EG_OCGT,INDIA,NER,NE,2023,0.105242393,0
EG_OCGT,INDIA,NER,NE,2024,0.105242393,0
EG_OCGT,INDIA,NER,NE,2025,0.105242393,0
EG_OCGT,INDIA,NER,NE,2026,0.105242393,0
EG_OCGT,INDIA,NER,NE,2027,0.105242393,0
EG_OCGT,INDIA,NER,NE,2028,0.105242393,0
EG_OCGT,INDIA,NER,NE,2029,0.105242393,0
EG_OCGT,INDIA,NER,NE,2030,0.105242393,0
EG_OCGT,INDIA,NER,NE,2031,0.105242393,0
EG_OCGT,INDIA,NER,AS,2025,0.094162612,0
EG_OCGT,INDIA,NER,AS,2026,0.094162612,0
EG_OCGT,INDIA,NER,AS,2027,0.094162612,0
EG_OCGT,INDIA,NER,AS,2028,0.094162612,0
EG_OCGT,INDIA,NER,AS,2029,0.094162612,0
EG_OCGT,INDIA,NER,AS,2030,0.094162612,0
EG_OCGT,INDIA,NER,AS,2031,0.094162612,0
EG_OCGT,INDIA,ER,BR,2021,0,0
EG_OCGT,INDIA,ER,BR,2022,0,0
EG_OCGT,INDIA,ER,BR,2023,0.003862017,0
EG_OCGT,INDIA,ER,BR,2024,0.003862017,0
EG_OCGT,INDIA,ER,BR,2025,0.003862017,0
EG_OCGT,INDIA,ER,BR,2026,0.003862017,0
EG_OCGT,INDIA,ER,BR,2027,0.003862017,0
EG_OCGT,INDIA,ER,BR,2028,0.003862017,0
EG_OCGT,INDIA,ER,BR,2029,0.003862017,0
EG_OCGT,INDIA,ER,BR,2030,0.003862017,0
EG_OCGT,INDIA,ER,BR,2031,0.003862017,0
EG_OCGT,INDIA,WR,CG,2021,0,0
EG_OCGT,INDIA,WR,CG,2022,0,0
EG_OCGT,INDIA,WR,CG,2023,0.008503429,0
EG_OCGT,INDIA,WR,CG,2024,0.008503429,0
EG_OCGT,INDIA,WR,CG,2025,0.008503429,0
EG_OCGT,INDIA,WR,CG,2026,0.008503429,0
EG_OCGT,INDIA,WR,CG,2027,0.008503429,0
EG_OCGT,INDIA,WR,CG,2028,0.008503429,0
EG_OCGT,INDIA,WR,CG,2029,0.008503429,0
EG_OCGT,INDIA,WR,CG,2030,0.008503429,0
EG_OCGT,INDIA,WR,CG,2031,0.008503429,0
EG_OCGT,INDIA,WR,GA,2021,0,0
EG_OCGT,INDIA,WR,GA,2022,0,0
EG_OCGT,INDIA,WR,GA,2023,0.012205924,0
EG_OCGT,INDIA,WR,GA,2024,0.012205924,0
EG_OCGT,INDIA,WR,GA,2025,0.012205924,0
EG_OCGT,INDIA,WR,GA,2026,0.012205924,0
EG_OCGT,INDIA,WR,GA,2027,0.012205924,0
EG_OCGT,INDIA,WR,GA,2028,0.012205924,0
EG_OCGT,INDIA,WR,GA,2029,0.012205924,0
EG_OCGT,INDIA,WR,GA,2030,0.012205924,0
EG_OCGT,INDIA,WR,GA,2031,0.012205924,0
EG_OCGT,INDIA,WR,GJ,2021,0,0
EG_OCGT,INDIA,WR,GJ,2022,0,0
EG_OCGT,INDIA,WR,GJ,2023,0.977315203,0
EG_OCGT,INDIA,WR,GJ,2024,0.977315203,0
EG_OCGT,INDIA,WR,GJ,2025,0.977315203,0
EG_OCGT,INDIA,WR,GJ,2026,0.977315203,0
EG_OCGT,INDIA,WR,GJ,2027,0.977315203,0
EG_OCGT,INDIA,WR,GJ,2028,0.977315203,0
EG_OCGT,INDIA,WR,GJ,2029,0.977315203,0
EG_OCGT,INDIA,WR,GJ,2030,0.977315203,0
EG_OCGT,INDIA,WR,GJ,2031,0.977315203,0
EG_OCGT,INDIA,NR,HR,2021,0,0
EG_OCGT,INDIA,NR,HR,2022,0,0
EG_OCGT,INDIA,NR,HR,2023,0.084149943,0
EG_OCGT,INDIA,NR,HR,2024,0.084149943,0
EG_OCGT,INDIA,NR,HR,2025,0.084149943,0
EG_OCGT,INDIA,NR,HR,2026,0.084149943,0
EG_OCGT,INDIA,NR,HR,2027,0.084149943,0
EG_OCGT,INDIA,NR,HR,2028,0.084149943,0
EG_OCGT,INDIA,NR,HR,2029,0.084149943,0
EG_OCGT,INDIA,NR,HR,2030,0.084149943,0
EG_OCGT,INDIA,NR,HR,2031,0.084149943,0
EG_OCGT,INDIA,NR,HP,2021,0,0
EG_OCGT,INDIA,NR,HP,2022,0,0
EG_OCGT,INDIA,NR,HP,2023,0,0
EG_OCGT,INDIA,NR,HP,2024,0,0
EG_OCGT,INDIA,NR,HP,2025,0,0
EG_OCGT,INDIA,NR,HP,2026,0,0
EG_OCGT,INDIA,NR,HP,2027,0,0
EG_OCGT,INDIA,NR,HP,2028,0,0
EG_OCGT,INDIA,NR,HP,2029,0,0
EG_OCGT,INDIA,NR,HP,2030,0,0
EG_OCGT,INDIA,NR,HP,2031,0,0
EG_OCGT,INDIA,NR,JK,2021,0,0
EG_OCGT,INDIA,NR,JK,2022,0,0
EG_OCGT,INDIA,NR,JK,2023,0.016268367,0
EG_OCGT,INDIA,NR,JK,2024,0.016268367,0
EG_OCGT,INDIA,NR,JK,2025,0.016268367,0
EG_OCGT,INDIA,NR,JK,2026,0.016268367,0
EG_OCGT,INDIA,NR,JK,2027,0.016268367,0
EG_OCGT,INDIA,NR,JK,2028,0.016268367,0
EG_OCGT,INDIA,NR,JK,2029,0.016268367,0
EG_OCGT,INDIA,NR,JK,2030,0.016268367,0
EG_OCGT,INDIA,NR,JK,2031,0.016268367,0
EG_OCGT,INDIA,ER,JH,2021,0,0
EG_OCGT,INDIA,ER,JH,2022,0,0
EG_OCGT,INDIA,ER,JH,2023,0.009482134,0
EG_OCGT,INDIA,ER,JH,2024,0.009482134,0
EG_OCGT,INDIA,ER,JH,2025,0.009482134,0
EG_OCGT,INDIA,ER,JH,2026,0.009482134,0
EG_OCGT,INDIA,ER,JH,2027,0.009482134,0
EG_OCGT,INDIA,ER,JH,2028,0.009482134,0
EG_OCGT,INDIA,ER,JH,2029,0.009482134,0
EG_OCGT,INDIA,ER,JH,2030,0.009482134,0
EG_OCGT,INDIA,ER,JH,2031,0.009482134,0
EG_OCGT,INDIA,SR,KA,2021,0,0
EG_OCGT,INDIA,SR,KA,2022,0,0
EG_OCGT,INDIA,SR,KA,2023,0.047122488,0
EG_OCGT,INDIA,SR,KA,2024,0.047122488,0
EG_OCGT,INDIA,SR,KA,2025,0.047122488,0
EG_OCGT,INDIA,SR,KA,2026,0.047122488,0
EG_OCGT,INDIA,SR,KA,2027,0.047122488,0
EG_OCGT,INDIA,SR,KA,2028,0.047122488,0
EG_OCGT,INDIA,SR,KA,2029,0.047122488,0
EG_OCGT,INDIA,SR,KA,2030,0.047122488,0
EG_OCGT,INDIA,SR,KA,2031,0.047122488,0
EG_OCGT,INDIA,SR,KL,2021,0,0
EG_OCGT,INDIA,SR,KL,2022,0,0
EG_OCGT,INDIA,SR,KL,2023,0.067774948,0
EG_OCGT,INDIA,SR,KL,2024,0.067774948,0
EG_OCGT,INDIA,SR,KL,2025,0.067774948,0
EG_OCGT,INDIA,SR,KL,2026,0.067774948,0
EG_OCGT,INDIA,SR,KL,2027,0.067774948,0
EG_OCGT,INDIA,SR,KL,2028,0.067774948,0
EG_OCGT,INDIA,SR,KL,2029,0.067774948,0
EG_OCGT,INDIA,SR,KL,2030,0.067774948,0
EG_OCGT,INDIA,SR,KL,2031,0.067774948,0
EG_OCGT,INDIA,WR,MP,2021,0,0
EG_OCGT,INDIA,WR,MP,2022,0,0
EG_OCGT,INDIA,WR,MP,2023,0.015278879,0
EG_OCGT,INDIA,WR,MP,2024,0.015278879,0
EG_OCGT,INDIA,WR,MP,2025,0.015278879,0
EG_OCGT,INDIA,WR,MP,2026,0.015278879,0
EG_OCGT,INDIA,WR,MP,2027,0.015278879,0
EG_OCGT,INDIA,WR,MP,2028,0.015278879,0
EG_OCGT,INDIA,WR,MP,2029,0.015278879,0
EG_OCGT,INDIA,WR,MP,2030,0.015278879,0
EG_OCGT,INDIA,WR,MP,2031,0.015278879,0
EG_OCGT,INDIA,WR,MH,2021,0,0
EG_OCGT,INDIA,WR,MH,2022,0,0
EG_OCGT,INDIA,WR,MH,2023,0.363546512,0
EG_OCGT,INDIA,WR,MH,2024,0.363546512,0
EG_OCGT,INDIA,WR,MH,2025,0.363546512,0
EG_OCGT,INDIA,WR,MH,2026,0.363546512,0
EG_OCGT,INDIA,WR,MH,2027,0.363546512,0
EG_OCGT,INDIA,WR,MH,2028,0.363546512,0
EG_OCGT,INDIA,WR,MH,2029,0.363546512,0
EG_OCGT,INDIA,WR,MH,2030,0.363546512,0
EG_OCGT,INDIA,WR,MH,2031,0.363546512,0
EG_OCGT,INDIA,ER,OD,2021,0,0
EG_OCGT,INDIA,ER,OD,2022,0,0
EG_OCGT,INDIA,ER,OD,2023,0.034674863,0
EG_OCGT,INDIA,ER,OD,2024,0.034674863,0
EG_OCGT,INDIA,ER,OD,2025,0.034674863,0
EG_OCGT,INDIA,ER,OD,2026,0.034674863,0
EG_OCGT,INDIA,ER,OD,2027,0.034674863,0
EG_OCGT,INDIA,ER,OD,2028,0.034674863,0
EG_OCGT,INDIA,ER,OD,2029,0.034674863,0
EG_OCGT,INDIA,ER,OD,2030,0.034674863,0
EG_OCGT,INDIA,ER,OD,2031,0.034674863,0
EG_OCGT,INDIA,NR,PB,2021,0,0
EG_OCGT,INDIA,NR,PB,2022,0,0
EG_OCGT,INDIA,NR,PB,2023,0.006994654,0
EG_OCGT,INDIA,NR,PB,2024,0.006994654,0
EG_OCGT,INDIA,NR,PB,2025,0.006994654,0
EG_OCGT,INDIA,NR,PB,2026,0.006994654,0
EG_OCGT,INDIA,NR,PB,2027,0.006994654,0
EG_OCGT,INDIA,NR,PB,2028,0.006994654,0
EG_OCGT,INDIA,NR,PB,2029,0.006994654,0
EG_OCGT,INDIA,NR,PB,2030,0.006994654,0
EG_OCGT,INDIA,NR,PB,2031,0.006994654,0
EG_OCGT,INDIA,NR,RJ,2021,0,0
EG_OCGT,INDIA,NR,RJ,2022,0,0
EG_OCGT,INDIA,NR,RJ,2023,0.104529281,0
EG_OCGT,INDIA,NR,RJ,2024,0.104529281,0
EG_OCGT,INDIA,NR,RJ,2025,0.104529281,0
EG_OCGT,INDIA,NR,RJ,2026,0.104529281,0
EG_OCGT,INDIA,NR,RJ,2027,0.104529281,0
EG_OCGT,INDIA,NR,RJ,2028,0.104529281,0
EG_OCGT,INDIA,NR,RJ,2029,0.104529281,0
EG_OCGT,INDIA,NR,RJ,2030,0.104529281,0
EG_OCGT,INDIA,NR,RJ,2031,0.104529281,0
EG_OCGT,INDIA,SR,TN,2021,0,0
EG_OCGT,INDIA,SR,TN,2022,0,0
EG_OCGT,INDIA,SR,TN,2023,0.123142896,0
EG_OCGT,INDIA,SR,TN,2024,0.123142896,0
EG_OCGT,INDIA,SR,TN,2025,0.123142896,0
EG_OCGT,INDIA,SR,TN,2026,0.123142896,0
EG_OCGT,INDIA,SR,TN,2027,0.123142896,0
EG_OCGT,INDIA,SR,TN,2028,0.123142896,0
EG_OCGT,INDIA,SR,TN,2029,0.123142896,0
EG_OCGT,INDIA,SR,TN,2030,0.123142896,0
EG_OCGT,INDIA,SR,TN,2031,0.123142896,0
EG_OCGT,INDIA,SR,TS,2021,0,0
EG_OCGT,INDIA,SR,TS,2022,0,0
EG_OCGT,INDIA,SR,TS,2023,9.29621E-05,0
EG_OCGT,INDIA,SR,TS,2024,9.29621E-05,0
EG_OCGT,INDIA,SR,TS,2025,9.29621E-05,0
EG_OCGT,INDIA,SR,TS,2026,9.29621E-05,0
EG_OCGT,INDIA,SR,TS,2027,9.29621E-05,0
EG_OCGT,INDIA,SR,TS,2028,9.29621E-05,0
EG_OCGT,INDIA,SR,TS,2029,9.29621E-05,0
EG_OCGT,INDIA,SR,TS,2030,9.29621E-05,0
EG_OCGT,INDIA,SR,TS,2031,9.29621E-05,0
EG_OCGT,INDIA,NR,UP,2021,0,0
EG_OCGT,INDIA,NR,UP,2022,0,0
EG_OCGT,INDIA,NR,UP,2023,0.168341813,0
EG_OCGT,INDIA,NR,UP,2024,0.168341813,0
EG_OCGT,INDIA,NR,UP,2025,0.168341813,0
EG_OCGT,INDIA,NR,UP,2026,0.168341813,0
EG_OCGT,INDIA,NR,UP,2027,0.168341813,0
EG_OCGT,INDIA,NR,UP,2028,0.168341813,0
EG_OCGT,INDIA,NR,UP,2029,0.168341813,0
EG_OCGT,INDIA,NR,UP,2030,0.168341813,0
EG_OCGT,INDIA,NR,UP,2031,0.168341813,0
EG_OCGT,INDIA,NR,UK,2021,0,0
EG_OCGT,INDIA,NR,UK,2022,0,0
EG_OCGT,INDIA,NR,UK,2023,0.04275234,0
EG_OCGT,INDIA,NR,UK,2024,0.04275234,0
EG_OCGT,INDIA,NR,UK,2025,0.04275234,0
EG_OCGT,INDIA,NR,UK,2026,0.04275234,0
EG_OCGT,INDIA,NR,UK,2027,0.04275234,0
EG_OCGT,INDIA,NR,UK,2028,0.04275234,0
EG_OCGT,INDIA,NR,UK,2029,0.04275234,0
EG_OCGT,INDIA,NR,UK,2030,0.04275234,0
EG_OCGT,INDIA,NR,UK,2031,0.04275234,0
EG_OCGT,INDIA,ER,WB,2021,0,0
EG_OCGT,INDIA,ER,WB,2022,0,0
EG_OCGT,INDIA,ER,WB,2023,0.028988186,0
EG_OCGT,INDIA,ER,WB,2024,0.028988186,0
EG_OCGT,INDIA,ER,WB,2025,0.028988186,0
EG_OCGT,INDIA,ER,WB,2026,0.028988186,0
EG_OCGT,INDIA,ER,WB,2027,0.028988186,0
EG_OCGT,INDIA,ER,WB,2028,0.028988186,0
EG_OCGT,INDIA,ER,WB,2029,0.028988186,0
EG_OCGT,INDIA,ER,WB,2030,0.028988186,0
EG_OCGT,INDIA,ER,WB,2031,0.028988186,0
EG_OCGT,INDIA,WR,UT,2021,0,0
EG_OCGT,INDIA,WR,UT,2022,0,0
EG_OCGT,INDIA,WR,UT,2023,0.006358608,0
EG_OCGT,INDIA,WR,UT,2024,0.006358608,0
EG_OCGT,INDIA,WR,UT,2025,0.006358608,0
EG_OCGT,INDIA,WR,UT,2026,0.006358608,0
EG_OCGT,INDIA,WR,UT,2027,0.006358608,0
EG_OCGT,INDIA,WR,UT,2028,0.006358608,0
EG_OCGT,INDIA,WR,UT,2029,0.006358608,0
EG_OCGT,INDIA,WR,UT,2030,0.006358608,0
EG_OCGT,INDIA,WR,UT,2031,0.006358608,0
EG_OCGT,INDIA,NR,DL,2021,0,0
EG_OCGT,INDIA,NR,DL,2022,0,0
EG_OCGT,INDIA,NR,DL,2023,0.205297501,0
EG_OCGT,INDIA,NR,DL,2024,0.205297501,0
EG_OCGT,INDIA,NR,DL,2025,0.205297501,0
EG_OCGT,INDIA,NR,DL,2026,0.205297501,0
EG_OCGT,INDIA,NR,DL,2027,0.205297501,0
EG_OCGT,INDIA,NR,DL,2028,0.205297501,0
EG_OCGT,INDIA,NR,DL,2029,0.205297501,0
EG_OCGT,INDIA,NR,DL,2030,0.205297501,0
EG_OCGT,INDIA,NR,DL,2031,0.205297501,0
EG_SOLARPV,INDIA,SR,AP,2021,0.388308118,0.38648
EG_SOLARPV,INDIA,SR,AP,2022,0.875919747,0.871796
EG_SOLARPV,INDIA,SR,AP,2023,0.385324779,0.232694
EG_SOLARPV,INDIA,SR,AP,2024,0.667896284,0.30449
EG_SOLARPV,INDIA,SR,AP,2025,0.899091152,0
EG_SOLARPV,INDIA,SR,AP,2026,1.13028602,0
EG_SOLARPV,INDIA,SR,AP,2027,1.13028602,0
EG_SOLARPV,INDIA,SR,AP,2028,1.13028602,0
EG_SOLARPV,INDIA,SR,AP,2029,1.13028602,0
EG_SOLARPV,INDIA,SR,AP,2030,1.13028602,0
EG_SOLARPV,INDIA,SR,AP,2031,1.13028602,0
EG_SOLARPV,INDIA,NER,AS,2021,0.00176,0.00176
EG_SOLARPV,INDIA,NER,AS,2022,0.03,0.03
EG_SOLARPV,INDIA,NER,AS,2023,0.137931034,0
EG_SOLARPV,INDIA,NER,AS,2024,0.23908046,0
EG_SOLARPV,INDIA,NER,NE,2021,0.00121,0.00121
EG_SOLARPV,INDIA,NER,NE,2022,0,0
EG_SOLARPV,INDIA,NER,NE,2023,0.486567763,0
EG_SOLARPV,INDIA,NER,NE,2024,0.843384122,0
EG_SOLARPV,INDIA,NER,NE,2025,1.135324779,0
EG_SOLARPV,INDIA,NER,NE,2026,1.427265437,0
EG_SOLARPV,INDIA,NER,NE,2027,1.427265437,0
EG_SOLARPV,INDIA,NER,NE,2028,1.427265437,0
EG_SOLARPV,INDIA,NER,NE,2029,1.427265437,0
EG_SOLARPV,INDIA,NER,NE,2030,1.427265437,0
EG_SOLARPV,INDIA,NER,NE,2031,1.427265437,0
EG_SOLARPV,INDIA,NER,AS,2025,0.32183908,0
EG_SOLARPV,INDIA,NER,AS,2026,0.404597701,0
EG_SOLARPV,INDIA,NER,AS,2027,0.404597701,0
EG_SOLARPV,INDIA,NER,AS,2028,0.404597701,0
EG_SOLARPV,INDIA,NER,AS,2029,0.404597701,0
EG_SOLARPV,INDIA,NER,AS,2030,0.404597701,0
EG_SOLARPV,INDIA,NER,AS,2031,0.404597701,0
EG_SOLARPV,INDIA,ER,BR,2021,0.00794,0.00794
EG_SOLARPV,INDIA,ER,BR,2022,0.005,0.005
EG_SOLARPV,INDIA,ER,BR,2023,0.112269447,0
EG_SOLARPV,INDIA,ER,BR,2024,0.194600374,0
EG_SOLARPV,INDIA,ER,BR,2025,0.261962042,0
EG_SOLARPV,INDIA,ER,BR,2026,0.32932371,0
EG_SOLARPV,INDIA,ER,BR,2027,0.32932371,0
EG_SOLARPV,INDIA,ER,BR,2028,0.32932371,0
EG_SOLARPV,INDIA,ER,BR,2029,0.32932371,0
EG_SOLARPV,INDIA,ER,BR,2030,0.32932371,0
EG_SOLARPV,INDIA,ER,BR,2031,0.32932371,0
EG_SOLARPV,INDIA,WR,CG,2021,0.02113,0.02113
EG_SOLARPV,INDIA,WR,CG,2022,0,0
EG_SOLARPV,INDIA,WR,CG,2023,0.183139535,0
EG_SOLARPV,INDIA,WR,CG,2024,0.31744186,0
EG_SOLARPV,INDIA,WR,CG,2025,0.427325581,0
EG_SOLARPV,INDIA,WR,CG,2026,0.537209302,0
EG_SOLARPV,INDIA,WR,CG,2027,0.537209302,0
EG_SOLARPV,INDIA,WR,CG,2028,0.537209302,0
EG_SOLARPV,INDIA,WR,CG,2029,0.537209302,0
EG_SOLARPV,INDIA,WR,CG,2030,0.537209302,0
EG_SOLARPV,INDIA,WR,CG,2031,0.537209302,0
EG_SOLARPV,INDIA,WR,GA,2021,0.00266,0.00266
EG_SOLARPV,INDIA,WR,GA,2022,0,0
EG_SOLARPV,INDIA,WR,GA,2023,0.008821171,0
EG_SOLARPV,INDIA,WR,GA,2024,0.015290029,0
EG_SOLARPV,INDIA,WR,GA,2025,0.020582732,0
EG_SOLARPV,INDIA,WR,GA,2026,0.025875434,0
EG_SOLARPV,INDIA,WR,GA,2027,0.025875434,0
EG_SOLARPV,INDIA,WR,GA,2028,0.025875434,0
EG_SOLARPV,INDIA,WR,GA,2029,0.025875434,0
EG_SOLARPV,INDIA,WR,GA,2030,0.025875434,0
EG_SOLARPV,INDIA,WR,GA,2031,0.025875434,0
EG_SOLARPV,INDIA,WR,GJ,2021,1.139508787,1.11993
EG_SOLARPV,INDIA,WR,GJ,2022,0.682934021,0.6712
EG_SOLARPV,INDIA,WR,GJ,2023,1.024401031,1.0068
EG_SOLARPV,INDIA,WR,GJ,2024,1.707335051,1.678
EG_SOLARPV,INDIA,WR,GJ,2025,0.836641272,0
EG_SOLARPV,INDIA,WR,GJ,2026,1.0517776,0
EG_SOLARPV,INDIA,WR,GJ,2027,1.0517776,0
EG_SOLARPV,INDIA,WR,GJ,2028,1.0517776,0
EG_SOLARPV,INDIA,WR,GJ,2029,1.0517776,0
EG_SOLARPV,INDIA,WR,GJ,2030,1.0517776,0
EG_SOLARPV,INDIA,WR,GJ,2031,1.0517776,0
EG_SOLARPV,INDIA,NR,HR,2021,0.15569,0.15569
EG_SOLARPV,INDIA,NR,HR,2022,0.0702,0.0702
EG_SOLARPV,INDIA,NR,HR,2023,0.1053,0.1053
EG_SOLARPV,INDIA,NR,HR,2024,0.1755,0.1755
EG_SOLARPV,INDIA,NR,HR,2025,0.106655974,0
EG_SOLARPV,INDIA,NR,HR,2026,0.134081796,0
EG_SOLARPV,INDIA,NR,HR,2027,0.134081796,0
EG_SOLARPV,INDIA,NR,HR,2028,0.134081796,0
EG_SOLARPV,INDIA,NR,HR,2029,0.134081796,0
EG_SOLARPV,INDIA,NR,HR,2030,0.134081796,0
EG_SOLARPV,INDIA,NR,HR,2031,0.134081796,0
EG_SOLARPV,INDIA,NR,HP,2021,0.0098,0.0098
EG_SOLARPV,INDIA,NR,HP,2022,0,0
EG_SOLARPV,INDIA,NR,HP,2023,0.339214114,0
EG_SOLARPV,INDIA,NR,HP,2024,0.587971131,0
EG_SOLARPV,INDIA,NR,HP,2025,0.791499599,0
EG_SOLARPV,INDIA,NR,HP,2026,0.995028067,0
EG_SOLARPV,INDIA,NR,HP,2027,0.995028067,0
EG_SOLARPV,INDIA,NR,HP,2028,0.995028067,0
EG_SOLARPV,INDIA,NR,HP,2029,0.995028067,0
EG_SOLARPV,INDIA,NR,HP,2030,0.995028067,0
EG_SOLARPV,INDIA,NR,HP,2031,0.995028067,0
EG_SOLARPV,INDIA,NR,JK,2021,0.00143,0.00143
EG_SOLARPV,INDIA,NR,JK,2022,0,0
EG_SOLARPV,INDIA,NR,JK,2023,1.113171612,0
EG_SOLARPV,INDIA,NR,JK,2024,1.929497461,0
EG_SOLARPV,INDIA,NR,JK,2025,2.597400428,0
EG_SOLARPV,INDIA,NR,JK,2026,3.265303395,0
EG_SOLARPV,INDIA,NR,JK,2027,3.265303395,0
EG_SOLARPV,INDIA,NR,JK,2028,3.265303395,0
EG_SOLARPV,INDIA,NR,JK,2029,3.265303395,0
EG_SOLARPV,INDIA,NR,JK,2030,3.265303395,0
EG_SOLARPV,INDIA,NR,JK,2031,3.265303395,0
EG_SOLARPV,INDIA,ER,JH,2021,0.01023,0.01023
EG_SOLARPV,INDIA,ER,JH,2022,0.01,0.01
EG_SOLARPV,INDIA,ER,JH,2023,0.18223737,0.015
EG_SOLARPV,INDIA,ER,JH,2024,0.315878107,0.025
EG_SOLARPV,INDIA,ER,JH,2025,0.425220529,0
EG_SOLARPV,INDIA,ER,JH,2026,0.534562951,0
EG_SOLARPV,INDIA,ER,JH,2027,0.534562951,0
EG_SOLARPV,INDIA,ER,JH,2028,0.534562951,0
EG_SOLARPV,INDIA,ER,JH,2029,0.534562951,0
EG_SOLARPV,INDIA,ER,JH,2030,0.534562951,0
EG_SOLARPV,INDIA,ER,JH,2031,0.534562951,0
EG_SOLARPV,INDIA,SR,KA,2021,0.071614852,0.06892
EG_SOLARPV,INDIA,SR,KA,2022,0.115978236,0.111614
EG_SOLARPV,INDIA,SR,KA,2023,0.247594226,0.167421
EG_SOLARPV,INDIA,SR,KA,2024,0.429163325,0.279035
EG_SOLARPV,INDIA,SR,KA,2025,0.577719861,0
EG_SOLARPV,INDIA,SR,KA,2026,0.726276397,0
EG_SOLARPV,INDIA,SR,KA,2027,0.726276397,0
EG_SOLARPV,INDIA,SR,KA,2028,0.726276397,0
EG_SOLARPV,INDIA,SR,KA,2029,0.726276397,0
EG_SOLARPV,INDIA,SR,KA,2030,0.726276397,0
EG_SOLARPV,INDIA,SR,KA,2031,0.726276397,0
EG_SOLARPV,INDIA,SR,KL,2021,0.118712579,0.11477
EG_SOLARPV,INDIA,SR,KL,2022,0.044890877,0.0434
EG_SOLARPV,INDIA,SR,KL,2023,0.067336315,0.0651
EG_SOLARPV,INDIA,SR,KL,2024,0.112227192,0.1085
EG_SOLARPV,INDIA,SR,KL,2025,0.14290965,0
EG_SOLARPV,INDIA,SR,KL,2026,0.179657845,0
EG_SOLARPV,INDIA,SR,KL,2027,0.179657845,0
EG_SOLARPV,INDIA,SR,KL,2028,0.179657845,0
EG_SOLARPV,INDIA,SR,KL,2029,0.179657845,0
EG_SOLARPV,INDIA,SR,KL,2030,0.179657845,0
EG_SOLARPV,INDIA,SR,KL,2031,0.179657845,0
EG_SOLARPV,INDIA,WR,MP,2021,0.205371869,0.20476
EG_SOLARPV,INDIA,WR,MP,2022,0.149954764,0.149508
EG_SOLARPV,INDIA,WR,MP,2023,0.6180834,0.036762
EG_SOLARPV,INDIA,WR,MP,2024,1.07134456,0.06127
EG_SOLARPV,INDIA,WR,MP,2025,1.4421946,0
EG_SOLARPV,INDIA,WR,MP,2026,1.81304464,0
EG_SOLARPV,INDIA,WR,MP,2027,1.81304464,0
EG_SOLARPV,INDIA,WR,MP,2028,1.81304464,0
EG_SOLARPV,INDIA,WR,MP,2029,1.81304464,0
EG_SOLARPV,INDIA,WR,MP,2030,1.81304464,0
EG_SOLARPV,INDIA,WR,MP,2031,1.81304464,0
EG_SOLARPV,INDIA,WR,MH,2021,0.521812847,0.48817
EG_SOLARPV,INDIA,WR,MH,2022,0.597780725,0.55924
EG_SOLARPV,INDIA,WR,MH,2023,0.896671087,0.83886
EG_SOLARPV,INDIA,WR,MH,2024,1.494451811,1.3981
EG_SOLARPV,INDIA,WR,MH,2025,1.504410585,0
EG_SOLARPV,INDIA,WR,MH,2026,1.891259022,0
EG_SOLARPV,INDIA,WR,MH,2027,1.891259022,0
EG_SOLARPV,INDIA,WR,MH,2028,1.891259022,0
EG_SOLARPV,INDIA,WR,MH,2029,1.891259022,0
EG_SOLARPV,INDIA,WR,MH,2030,1.891259022,0
EG_SOLARPV,INDIA,WR,MH,2031,1.891259022,0
EG_SOLARPV,INDIA,ER,OD,2021,0.00388,0.00388
EG_SOLARPV,INDIA,ER,OD,2022,0.023032,0.023032
EG_SOLARPV,INDIA,ER,OD,2023,0.258420209,0.034548
EG_SOLARPV,INDIA,ER,OD,2024,0.447928361,0.05758
EG_SOLARPV,INDIA,ER,OD,2025,0.602980487,0
EG_SOLARPV,INDIA,ER,OD,2026,0.758032612,0
EG_SOLARPV,INDIA,ER,OD,2027,0.758032612,0
EG_SOLARPV,INDIA,ER,OD,2028,0.758032612,0
EG_SOLARPV,INDIA,ER,OD,2029,0.758032612,0
EG_SOLARPV,INDIA,ER,OD,2030,0.758032612,0
EG_SOLARPV,INDIA,ER,OD,2031,0.758032612,0
EG_SOLARPV,INDIA,NR,PB,2021,0,0
EG_SOLARPV,INDIA,NR,PB,2022,0.022,0.022
EG_SOLARPV,INDIA,NR,PB,2023,0.033,0.033
EG_SOLARPV,INDIA,NR,PB,2024,0.055,0.055
EG_SOLARPV,INDIA,NR,PB,2025,0.065724405,0
EG_SOLARPV,INDIA,NR,PB,2026,0.082624967,0
EG_SOLARPV,INDIA,NR,PB,2027,0.082624967,0
EG_SOLARPV,INDIA,NR,PB,2028,0.082624967,0
EG_SOLARPV,INDIA,NR,PB,2029,0.082624967,0
EG_SOLARPV,INDIA,NR,PB,2030,0.082624967,0
EG_SOLARPV,INDIA,NR,PB,2031,0.082624967,0
EG_SOLARPV,INDIA,NR,RJ,2021,0.353301047,0.33467
EG_SOLARPV,INDIA,NR,RJ,2022,5.367659194,5.0846
EG_SOLARPV,INDIA,NR,RJ,2023,8.61627219,8.1619
EG_SOLARPV,INDIA,NR,RJ,2024,10.38409701,9.8365
EG_SOLARPV,INDIA,NR,RJ,2025,3.328555199,0
EG_SOLARPV,INDIA,NR,RJ,2026,4.184469393,0
EG_SOLARPV,INDIA,NR,RJ,2027,4.184469393,0
EG_SOLARPV,INDIA,NR,RJ,2028,4.184469393,0
EG_SOLARPV,INDIA,NR,RJ,2029,4.184469393,0
EG_SOLARPV,INDIA,NR,RJ,2030,4.184469393,0
EG_SOLARPV,INDIA,NR,RJ,2031,4.184469393,0
EG_SOLARPV,INDIA,SR,TN,2021,0.501036652,0.4876
EG_SOLARPV,INDIA,SR,TN,2022,0.393143197,0.3826
EG_SOLARPV,INDIA,SR,TN,2023,0.20438103,0.1989
EG_SOLARPV,INDIA,SR,TN,2024,0.340635049,0.3315
EG_SOLARPV,INDIA,SR,TN,2025,0.413291901,0
EG_SOLARPV,INDIA,SR,TN,2026,0.519566961,0
EG_SOLARPV,INDIA,SR,TN,2027,0.519566961,0
EG_SOLARPV,INDIA,SR,TN,2028,0.519566961,0
EG_SOLARPV,INDIA,SR,TN,2029,0.519566961,0
EG_SOLARPV,INDIA,SR,TN,2030,0.519566961,0
EG_SOLARPV,INDIA,SR,TN,2031,0.519566961,0
EG_SOLARPV,INDIA,SR,TS,2021,0.455816232,0.31561
EG_SOLARPV,INDIA,SR,TS,2022,0.039860993,0.0276
EG_SOLARPV,INDIA,SR,TS,2023,0.204591018,0.0414
EG_SOLARPV,INDIA,SR,TS,2024,0.354624432,0.069
EG_SOLARPV,INDIA,SR,TS,2025,0.477379043,0
EG_SOLARPV,INDIA,SR,TS,2026,0.600133654,0
EG_SOLARPV,INDIA,SR,TS,2027,0.600133654,0
EG_SOLARPV,INDIA,SR,TS,2028,0.600133654,0
EG_SOLARPV,INDIA,SR,TS,2029,0.600133654,0
EG_SOLARPV,INDIA,SR,TS,2030,0.600133654,0
EG_SOLARPV,INDIA,SR,TS,2031,0.600133654,0
EG_SOLARPV,INDIA,NR,UP,2021,0.5724,0.5724
EG_SOLARPV,INDIA,NR,UP,2022,0.289,0.289
EG_SOLARPV,INDIA,NR,UP,2023,0.5335,0.5335
EG_SOLARPV,INDIA,NR,UP,2024,0.7225,0.7225
EG_SOLARPV,INDIA,NR,UP,2025,0.533981556,0
EG_SOLARPV,INDIA,NR,UP,2026,0.671291099,0
EG_SOLARPV,INDIA,NR,UP,2027,0.671291099,0
EG_SOLARPV,INDIA,NR,UP,2028,0.671291099,0
EG_SOLARPV,INDIA,NR,UP,2029,0.671291099,0
EG_SOLARPV,INDIA,NR,UP,2030,0.671291099,0
EG_SOLARPV,INDIA,NR,UP,2031,0.671291099,0
EG_SOLARPV,INDIA,NR,UK,2021,0.03751,0.03751
EG_SOLARPV,INDIA,NR,UK,2022,0,0
EG_SOLARPV,INDIA,NR,UK,2023,0.16840417,0
EG_SOLARPV,INDIA,NR,UK,2024,0.291900561,0
EG_SOLARPV,INDIA,NR,UK,2025,0.392943063,0
EG_SOLARPV,INDIA,NR,UK,2026,0.493985565,0
EG_SOLARPV,INDIA,NR,UK,2027,0.493985565,0
EG_SOLARPV,INDIA,NR,UK,2028,0.493985565,0
EG_SOLARPV,INDIA,NR,UK,2029,0.493985565,0
EG_SOLARPV,INDIA,NR,UK,2030,0.493985565,0
EG_SOLARPV,INDIA,NR,UK,2031,0.493985565,0
EG_SOLARPV,INDIA,ER,WB,2021,0.03538,0.03538
EG_SOLARPV,INDIA,ER,WB,2022,0.006108,0.006108
EG_SOLARPV,INDIA,ER,WB,2023,0.062750601,0.009162
EG_SOLARPV,INDIA,ER,WB,2024,0.108767709,0.01527
EG_SOLARPV,INDIA,ER,WB,2025,0.14641807,0
EG_SOLARPV,INDIA,ER,WB,2026,0.184068431,0
EG_SOLARPV,INDIA,ER,WB,2027,0.184068431,0
EG_SOLARPV,INDIA,ER,WB,2028,0.184068431,0
EG_SOLARPV,INDIA,ER,WB,2029,0.184068431,0
EG_SOLARPV,INDIA,ER,WB,2030,0.184068431,0
EG_SOLARPV,INDIA,ER,WB,2031,0.184068431,0
EG_SOLARPV,INDIA,WR,UT,2021,0.02912,0.02912
EG_SOLARPV,INDIA,WR,UT,2022,0,0
EG_SOLARPV,INDIA,WR,UT,2023,0,0
EG_SOLARPV,INDIA,WR,UT,2024,0,0
EG_SOLARPV,INDIA,WR,UT,2025,0,0
EG_SOLARPV,INDIA,WR,UT,2026,0,0
EG_SOLARPV,INDIA,WR,UT,2027,0,0
EG_SOLARPV,INDIA,WR,UT,2028,0,0
EG_SOLARPV,INDIA,WR,UT,2029,0,0
EG_SOLARPV,INDIA,WR,UT,2030,0,0
EG_SOLARPV,INDIA,WR,UT,2031,0,0
EG_SOLARPV,INDIA,NR,DL,2021,0.02781,0.02781
EG_SOLARPV,INDIA,NR,DL,2022,0.003,0.003
EG_SOLARPV,INDIA,NR,DL,2023,0.020549318,0
EG_SOLARPV,INDIA,NR,DL,2024,0.035618818,0
EG_SOLARPV,INDIA,NR,DL,2025,0.04794841,0
EG_SOLARPV,INDIA,NR,DL,2026,0.060278001,0
EG_SOLARPV,INDIA,NR,DL,2027,0.060278001,0
EG_SOLARPV,INDIA,NR,DL,2028,0.060278001,0
EG_SOLARPV,INDIA,NR,DL,2029,0.060278001,0
EG_SOLARPV,INDIA,NR,DL,2030,0.060278001,0
EG_SOLARPV,INDIA,NR,DL,2031,0.060278001,0
EG_WIND,INDIA,SR,AP,2021,0.004221931,0.0042
EG_WIND,INDIA,SR,AP,2022,0,0
EG_WIND,INDIA,SR,AP,2023,0,0
EG_WIND,INDIA,SR,AP,2024,1.402732062,0
EG_WIND,INDIA,SR,AP,2025,1.88829316,0
EG_WIND,INDIA,SR,AP,2026,2.373854258,0
EG_WIND,INDIA,SR,AP,2027,2.373854258,0
EG_WIND,INDIA,SR,AP,2028,2.373854258,0
EG_WIND,INDIA,SR,AP,2029,2.373854258,0
EG_WIND,INDIA,SR,AP,2030,2.373854258,0
EG_WIND,INDIA,SR,AP,2031,2.373854258,0
EG_WIND,INDIA,NER,AS,2021,0,0
EG_WIND,INDIA,NER,AS,2022,0,0
EG_WIND,INDIA,NER,AS,2023,0,0
EG_WIND,INDIA,NER,AS,2024,0.004606735,0
EG_WIND,INDIA,NER,NE,2021,0,0
EG_WIND,INDIA,NER,NE,2022,0,0
EG_WIND,INDIA,NER,NE,2023,0,0
EG_WIND,INDIA,NER,NE,2024,0.005149805,0
EG_WIND,INDIA,NER,NE,2025,0.00693243,0
EG_WIND,INDIA,NER,NE,2026,0.008715055,0
EG_WIND,INDIA,NER,NE,2027,0.008715055,0
EG_WIND,INDIA,NER,NE,2028,0.008715055,0
EG_WIND,INDIA,NER,NE,2029,0.008715055,0
EG_WIND,INDIA,NER,NE,2030,0.008715055,0
EG_WIND,INDIA,NER,NE,2031,0.008715055,0
EG_WIND,INDIA,NER,AS,2025,0.006201374,0
EG_WIND,INDIA,NER,AS,2026,0.007796013,0
EG_WIND,INDIA,NER,AS,2027,0.007796013,0
EG_WIND,INDIA,NER,AS,2028,0.007796013,0
EG_WIND,INDIA,NER,AS,2029,0.007796013,0
EG_WIND,INDIA,NER,AS,2030,0.007796013,0
EG_WIND,INDIA,NER,AS,2031,0.007796013,0
EG_WIND,INDIA,ER,BR,2021,0,0
EG_WIND,INDIA,ER,BR,2022,0,0
EG_WIND,INDIA,ER,BR,2023,0,0
EG_WIND,INDIA,ER,BR,2024,0.068351961,0
EG_WIND,INDIA,ER,BR,2025,0.092012256,0
EG_WIND,INDIA,ER,BR,2026,0.11567255,0
EG_WIND,INDIA,ER,BR,2027,0.11567255,0
EG_WIND,INDIA,ER,BR,2028,0.11567255,0
EG_WIND,INDIA,ER,BR,2029,0.11567255,0
EG_WIND,INDIA,ER,BR,2030,0.11567255,0
EG_WIND,INDIA,ER,BR,2031,0.11567255,0
EG_WIND,INDIA,WR,CG,2021,0,0
EG_WIND,INDIA,WR,CG,2022,0,0
EG_WIND,INDIA,WR,CG,2023,0,0
EG_WIND,INDIA,WR,CG,2024,0.006516845,0
EG_WIND,INDIA,WR,CG,2025,0.008772675,0
EG_WIND,INDIA,WR,CG,2026,0.011028506,0
EG_WIND,INDIA,WR,CG,2027,0.011028506,0
EG_WIND,INDIA,WR,CG,2028,0.011028506,0
EG_WIND,INDIA,WR,CG,2029,0.011028506,0
EG_WIND,INDIA,WR,CG,2030,0.011028506,0
EG_WIND,INDIA,WR,CG,2031,0.011028506,0
EG_WIND,INDIA,WR,GA,2021,0,0
EG_WIND,INDIA,WR,GA,2022,0,0
EG_WIND,INDIA,WR,GA,2023,0,0
EG_WIND,INDIA,WR,GA,2024,0.000149813,0
EG_WIND,INDIA,WR,GA,2025,0.000201671,0
EG_WIND,INDIA,WR,GA,2026,0.000253529,0
EG_WIND,INDIA,WR,GA,2027,0.000253529,0
EG_WIND,INDIA,WR,GA,2028,0.000253529,0
EG_WIND,INDIA,WR,GA,2029,0.000253529,0
EG_WIND,INDIA,WR,GA,2030,0.000253529,0
EG_WIND,INDIA,WR,GA,2031,0.000253529,0
EG_WIND,INDIA,WR,GJ,2021,0.929915545,0.7649
EG_WIND,INDIA,WR,GJ,2022,2.420965643,1.99136
EG_WIND,INDIA,WR,GJ,2023,2.09798138,1.72569
EG_WIND,INDIA,WR,GJ,2024,2.669659076,2.42195
EG_WIND,INDIA,WR,GJ,2025,3.593771833,0
EG_WIND,INDIA,WR,GJ,2026,4.51788459,0
EG_WIND,INDIA,WR,GJ,2027,4.51788459,0
EG_WIND,INDIA,WR,GJ,2028,4.51788459,0
EG_WIND,INDIA,WR,GJ,2029,4.51788459,0
EG_WIND,INDIA,WR,GJ,2030,4.51788459,0
EG_WIND,INDIA,WR,GJ,2031,4.51788459,0
EG_WIND,INDIA,NR,HR,2021,0,0
EG_WIND,INDIA,NR,HR,2022,0,0
EG_WIND,INDIA,NR,HR,2023,0,0
EG_WIND,INDIA,NR,HR,2024,0.007846431,0
EG_WIND,INDIA,NR,HR,2025,0.010562503,0
EG_WIND,INDIA,NR,HR,2026,0.013278575,0
EG_WIND,INDIA,NR,HR,2027,0.013278575,0
EG_WIND,INDIA,NR,HR,2028,0.013278575,0
EG_WIND,INDIA,NR,HR,2029,0.013278575,0
EG_WIND,INDIA,NR,HR,2030,0.013278575,0
EG_WIND,INDIA,NR,HR,2031,0.013278575,0
EG_WIND,INDIA,NR,HP,2021,0,0
EG_WIND,INDIA,NR,HP,2022,0,0
EG_WIND,INDIA,NR,HP,2023,0,0
EG_WIND,INDIA,NR,HP,2024,0.002827711,0
EG_WIND,INDIA,NR,HP,2025,0.003806534,0
EG_WIND,INDIA,NR,HP,2026,0.004785358,0
EG_WIND,INDIA,NR,HP,2027,0.004785358,0
EG_WIND,INDIA,NR,HP,2028,0.004785358,0
EG_WIND,INDIA,NR,HP,2029,0.004785358,0
EG_WIND,INDIA,NR,HP,2030,0.004785358,0
EG_WIND,INDIA,NR,HP,2031,0.004785358,0
EG_WIND,INDIA,NR,JK,2021,0,0
EG_WIND,INDIA,NR,JK,2022,0,0
EG_WIND,INDIA,NR,JK,2023,0,0
EG_WIND,INDIA,NR,JK,2024,5.61797E-05,0
EG_WIND,INDIA,NR,JK,2025,7.56265E-05,0
EG_WIND,INDIA,NR,JK,2026,9.50733E-05,0
EG_WIND,INDIA,NR,JK,2027,9.50733E-05,0
EG_WIND,INDIA,NR,JK,2028,9.50733E-05,0
EG_WIND,INDIA,NR,JK,2029,9.50733E-05,0
EG_WIND,INDIA,NR,JK,2030,9.50733E-05,0
EG_WIND,INDIA,NR,JK,2031,9.50733E-05,0
EG_WIND,INDIA,ER,JH,2021,0,0
EG_WIND,INDIA,ER,JH,2022,0,0
EG_WIND,INDIA,ER,JH,2023,0,0
EG_WIND,INDIA,ER,JH,2024,0,0
EG_WIND,INDIA,ER,JH,2025,0,0
EG_WIND,INDIA,ER,JH,2026,0,0
EG_WIND,INDIA,ER,JH,2027,0,0
EG_WIND,INDIA,ER,JH,2028,0,0
EG_WIND,INDIA,ER,JH,2029,0,0
EG_WIND,INDIA,ER,JH,2030,0,0
EG_WIND,INDIA,ER,JH,2031,0,0
EG_WIND,INDIA,SR,KA,2021,0.12459198,0.122
EG_WIND,INDIA,SR,KA,2022,0.243750933,0.23868
EG_WIND,INDIA,SR,KA,2023,0.672000121,0.65802
EG_WIND,INDIA,SR,KA,2024,2.324996651,0.5967
EG_WIND,INDIA,SR,KA,2025,3.129803184,0
EG_WIND,INDIA,SR,KA,2026,3.934609717,0
EG_WIND,INDIA,SR,KA,2027,3.934609717,0
EG_WIND,INDIA,SR,KA,2028,3.934609717,0
EG_WIND,INDIA,SR,KA,2029,3.934609717,0
EG_WIND,INDIA,SR,KA,2030,3.934609717,0
EG_WIND,INDIA,SR,KA,2031,3.934609717,0
EG_WIND,INDIA,SR,KL,2021,0,0
EG_WIND,INDIA,SR,KL,2022,0.3,0.3
EG_WIND,INDIA,SR,KL,2023,0,0
EG_WIND,INDIA,SR,KL,2024,0.043277091,0
EG_WIND,INDIA,SR,KL,2025,0.058257623,0
EG_WIND,INDIA,SR,KL,2026,0.073238154,0
EG_WIND,INDIA,SR,KL,2027,0.073238154,0
EG_WIND,INDIA,SR,KL,2028,0.073238154,0
EG_WIND,INDIA,SR,KL,2029,0.073238154,0
EG_WIND,INDIA,SR,KL,2030,0.073238154,0
EG_WIND,INDIA,SR,KL,2031,0.073238154,0
EG_WIND,INDIA,WR,MP,2021,0,0
EG_WIND,INDIA,WR,MP,2022,0.049099567,0.0448
EG_WIND,INDIA,WR,MP,2023,0.402441093,0.3672
EG_WIND,INDIA,WR,MP,2024,0.288464004,0.212
EG_WIND,INDIA,WR,MP,2025,0.388316928,0
EG_WIND,INDIA,WR,MP,2026,0.488169853,0
EG_WIND,INDIA,WR,MP,2027,0.488169853,0
EG_WIND,INDIA,WR,MP,2028,0.488169853,0
EG_WIND,INDIA,WR,MP,2029,0.488169853,0
EG_WIND,INDIA,WR,MP,2030,0.488169853,0
EG_WIND,INDIA,WR,MP,2031,0.488169853,0
EG_WIND,INDIA,WR,MH,2021,0,0
EG_WIND,INDIA,WR,MH,2022,0.024637662,0.020854
EG_WIND,INDIA,WR,MH,2023,0.420214262,0.355681
EG_WIND,INDIA,WR,MH,2024,1.839192107,0.052135
EG_WIND,INDIA,WR,MH,2025,2.475835529,0
EG_WIND,INDIA,WR,MH,2026,3.112478951,0
EG_WIND,INDIA,WR,MH,2027,3.112478951,0
EG_WIND,INDIA,WR,MH,2028,3.112478951,0
EG_WIND,INDIA,WR,MH,2029,3.112478951,0
EG_WIND,INDIA,WR,MH,2030,3.112478951,0
EG_WIND,INDIA,WR,MH,2031,3.112478951,0
EG_WIND,INDIA,ER,OD,2021,0,0
EG_WIND,INDIA,ER,OD,2022,0,0
EG_WIND,INDIA,ER,OD,2023,0,0
EG_WIND,INDIA,ER,OD,2024,0.15629191,0
EG_WIND,INDIA,ER,OD,2025,0.210392955,0
EG_WIND,INDIA,ER,OD,2026,0.264494001,0
EG_WIND,INDIA,ER,OD,2027,0.264494001,0
EG_WIND,INDIA,ER,OD,2028,0.264494001,0
EG_WIND,INDIA,ER,OD,2029,0.264494001,0
EG_WIND,INDIA,ER,OD,2030,0.264494001,0
EG_WIND,INDIA,ER,OD,2031,0.264494001,0
EG_WIND,INDIA,NR,PB,2021,0,0
EG_WIND,INDIA,NR,PB,2022,0,0
EG_WIND,INDIA,NR,PB,2023,0,0
EG_WIND,INDIA,NR,PB,2024,0.005205985,0
EG_WIND,INDIA,NR,PB,2025,0.007008057,0
EG_WIND,INDIA,NR,PB,2026,0.008810128,0
EG_WIND,INDIA,NR,PB,2027,0.008810128,0
EG_WIND,INDIA,NR,PB,2028,0.008810128,0
EG_WIND,INDIA,NR,PB,2029,0.008810128,0
EG_WIND,INDIA,NR,PB,2030,0.008810128,0
EG_WIND,INDIA,NR,PB,2031,0.008810128,0
EG_WIND,INDIA,NR,RJ,2021,0.027659495,0.0271
EG_WIND,INDIA,NR,RJ,2022,0.002302576,0.002256
EG_WIND,INDIA,NR,RJ,2023,0.003453865,0.003384
EG_WIND,INDIA,NR,RJ,2024,2.392431011,0.00564
EG_WIND,INDIA,NR,RJ,2025,3.220580207,0
EG_WIND,INDIA,NR,RJ,2026,4.048729403,0
EG_WIND,INDIA,NR,RJ,2027,4.048729403,0
EG_WIND,INDIA,NR,RJ,2028,4.048729403,0
EG_WIND,INDIA,NR,RJ,2029,4.048729403,0
EG_WIND,INDIA,NR,RJ,2030,4.048729403,0
EG_WIND,INDIA,NR,RJ,2031,4.048729403,0
EG_WIND,INDIA,SR,TN,2021,0.175603422,0.1272
EG_WIND,INDIA,SR,TN,2022,0.082831803,0.06
EG_WIND,INDIA,SR,TN,2023,0.814512728,0.59
EG_WIND,INDIA,SR,TN,2024,1.287451329,0.15
EG_WIND,INDIA,SR,TN,2025,1.733107558,0
EG_WIND,INDIA,SR,TN,2026,2.178763787,0
EG_WIND,INDIA,SR,TN,2027,2.178763787,0
EG_WIND,INDIA,SR,TN,2028,2.178763787,0
EG_WIND,INDIA,SR,TN,2029,2.178763787,0
EG_WIND,INDIA,SR,TN,2030,2.178763787,0
EG_WIND,INDIA,SR,TN,2031,2.178763787,0
EG_WIND,INDIA,SR,TS,2021,0,0
EG_WIND,INDIA,SR,TS,2022,0,0
EG_WIND,INDIA,SR,TS,2023,0,0
EG_WIND,INDIA,SR,TS,2024,0.465074236,0
EG_WIND,INDIA,SR,TS,2025,0.626061472,0
EG_WIND,INDIA,SR,TS,2026,0.787048708,0
EG_WIND,INDIA,SR,TS,2027,0.787048708,0
EG_WIND,INDIA,SR,TS,2028,0.787048708,0
EG_WIND,INDIA,SR,TS,2029,0.787048708,0
EG_WIND,INDIA,SR,TS,2030,0.787048708,0
EG_WIND,INDIA,SR,TS,2031,0.787048708,0
EG_WIND,INDIA,NR,UP,2021,0,0
EG_WIND,INDIA,NR,UP,2022,0,0
EG_WIND,INDIA,NR,UP,2023,0,0
EG_WIND,INDIA,NR,UP,2024,0.001891383,0
EG_WIND,INDIA,NR,UP,2025,0.002546093,0
EG_WIND,INDIA,NR,UP,2026,0.003200802,0
EG_WIND,INDIA,NR,UP,2027,0.003200802,0
EG_WIND,INDIA,NR,UP,2028,0.003200802,0
EG_WIND,INDIA,NR,UP,2029,0.003200802,0
EG_WIND,INDIA,NR,UP,2030,0.003200802,0
EG_WIND,INDIA,NR,UP,2031,0.003200802,0
EG_WIND,INDIA,NR,UK,2021,0,0
EG_WIND,INDIA,NR,UK,2022,0,0
EG_WIND,INDIA,NR,UK,2023,0,0
EG_WIND,INDIA,NR,UK,2024,0.001011234,0
EG_WIND,INDIA,NR,UK,2025,0.001361277,0
EG_WIND,INDIA,NR,UK,2026,0.00171132,0
EG_WIND,INDIA,NR,UK,2027,0.00171132,0
EG_WIND,INDIA,NR,UK,2028,0.00171132,0
EG_WIND,INDIA,NR,UK,2029,0.00171132,0
EG_WIND,INDIA,NR,UK,2030,0.00171132,0
EG_WIND,INDIA,NR,UK,2031,0.00171132,0
EG_WIND,INDIA,ER,WB,2021,0,0
EG_WIND,INDIA,ER,WB,2022,0.0004,0.0004
EG_WIND,INDIA,ER,WB,2023,0.0006,0.0006
EG_WIND,INDIA,ER,WB,2024,0.019662893,0.001
EG_WIND,INDIA,ER,WB,2025,0.026469279,0
EG_WIND,INDIA,ER,WB,2026,0.033275665,0
EG_WIND,INDIA,ER,WB,2027,0.033275665,0
EG_WIND,INDIA,ER,WB,2028,0.033275665,0
EG_WIND,INDIA,ER,WB,2029,0.033275665,0
EG_WIND,INDIA,ER,WB,2030,0.033275665,0
EG_WIND,INDIA,ER,WB,2031,0.033275665,0
EG_WIND,INDIA,WR,UT,2021,0,0
EG_WIND,INDIA,WR,UT,2022,0,0
EG_WIND,INDIA,WR,UT,2023,0,0
EG_WIND,INDIA,WR,UT,2024,0.007153548,0
EG_WIND,INDIA,WR,UT,2025,0.009629776,0
EG_WIND,INDIA,WR,UT,2026,0.012106004,0
EG_WIND,INDIA,WR,UT,2027,0.012106004,0
EG_WIND,INDIA,WR,UT,2028,0.012106004,0
EG_WIND,INDIA,WR,UT,2029,0.012106004,0
EG_WIND,INDIA,WR,UT,2030,0.012106004,0
EG_WIND,INDIA,WR,UT,2031,0.012106004,0
EG_WIND,INDIA,NR,DL,2021,0,0
EG_WIND,INDIA,NR,DL,2022,0,0
EG_WIND,INDIA,NR,DL,2023,0,0
EG_WIND,INDIA,NR,DL,2024,0,0
EG_WIND,INDIA,NR,DL,2025,0,0
EG_WIND,INDIA,NR,DL,2026,0,0
EG_WIND,INDIA,NR,DL,2027,0,0
EG_WIND,INDIA,NR,DL,2028,0,0
EG_WIND,INDIA,NR,DL,2029,0,0
EG_WIND,INDIA,NR,DL,2030,0,0
EG_WIND,INDIA,NR,DL,2031,0,0
EG_PHWR,INDIA,SR,AP,2021,0,0
EG_PHWR,INDIA,SR,AP,2022,0,0
EG_PHWR,INDIA,SR,AP,2023,0,0
EG_PHWR,INDIA,SR,AP,2024,0,0
EG_PHWR,INDIA,SR,AP,2025,0,0
EG_PHWR,INDIA,SR,AP,2026,0,0
EG_PHWR,INDIA,SR,AP,2027,0,0
EG_PHWR,INDIA,SR,AP,2028,0,0
EG_PHWR,INDIA,SR,AP,2029,0,0
EG_PHWR,INDIA,SR,AP,2030,0,0
EG_PHWR,INDIA,SR,AP,2031,0,0
EG_PHWR,INDIA,NER,AS,2021,0,0
EG_PHWR,INDIA,NER,AS,2022,0,0
EG_PHWR,INDIA,NER,AS,2023,0,0
EG_PHWR,INDIA,NER,AS,2024,0,0
EG_PHWR,INDIA,NER,NE,2021,0,0
EG_PHWR,INDIA,NER,NE,2022,0,0
EG_PHWR,INDIA,NER,NE,2023,0,0
EG_PHWR,INDIA,NER,NE,2024,0,0
EG_PHWR,INDIA,NER,NE,2025,0,0
EG_PHWR,INDIA,NER,NE,2026,0,0
EG_PHWR,INDIA,NER,NE,2027,0,0
EG_PHWR,INDIA,NER,NE,2028,0,0
EG_PHWR,INDIA,NER,NE,2029,0,0
EG_PHWR,INDIA,NER,NE,2030,0,0
EG_PHWR,INDIA,NER,NE,2031,0,0
EG_PHWR,INDIA,NER,AS,2025,0,0
EG_PHWR,INDIA,NER,AS,2026,0,0
EG_PHWR,INDIA,NER,AS,2027,0,0
EG_PHWR,INDIA,NER,AS,2028,0,0
EG_PHWR,INDIA,NER,AS,2029,0,0
EG_PHWR,INDIA,NER,AS,2030,0,0
EG_PHWR,INDIA,NER,AS,2031,0,0
EG_PHWR,INDIA,ER,BR,2021,0,0
EG_PHWR,INDIA,ER,BR,2022,0,0
EG_PHWR,INDIA,ER,BR,2023,0,0
EG_PHWR,INDIA,ER,BR,2024,0,0
EG_PHWR,INDIA,ER,BR,2025,0,0
EG_PHWR,INDIA,ER,BR,2026,0,0
EG_PHWR,INDIA,ER,BR,2027,0,0
EG_PHWR,INDIA,ER,BR,2028,0,0
EG_PHWR,INDIA,ER,BR,2029,0,0
EG_PHWR,INDIA,ER,BR,2030,0,0
EG_PHWR,INDIA,ER,BR,2031,0,0
EG_PHWR,INDIA,WR,CG,2021,0,0
EG_PHWR,INDIA,WR,CG,2022,0,0
EG_PHWR,INDIA,WR,CG,2023,0,0
EG_PHWR,INDIA,WR,CG,2024,0,0
EG_PHWR,INDIA,WR,CG,2025,0,0
EG_PHWR,INDIA,WR,CG,2026,0,0
EG_PHWR,INDIA,WR,CG,2027,0,0
EG_PHWR,INDIA,WR,CG,2028,0,0
EG_PHWR,INDIA,WR,CG,2029,0,0
EG_PHWR,INDIA,WR,CG,2030,0,0
EG_PHWR,INDIA,WR,CG,2031,0,0
EG_PHWR,INDIA,WR,GA,2021,0,0
EG_PHWR,INDIA,WR,GA,2022,0,0
EG_PHWR,INDIA,WR,GA,2023,0,0
EG_PHWR,INDIA,WR,GA,2024,0,0
EG_PHWR,INDIA,WR,GA,2025,0,0
EG_PHWR,INDIA,WR,GA,2026,0,0
EG_PHWR,INDIA,WR,GA,2027,0,0
EG_PHWR,INDIA,WR,GA,2028,0,0
EG_PHWR,INDIA,WR,GA,2029,0,0
EG_PHWR,INDIA,WR,GA,2030,0,0
EG_PHWR,INDIA,WR,GA,2031,0,0
EG_PHWR,INDIA,WR,GJ,2021,0,0
EG_PHWR,INDIA,WR,GJ,2022,0.7,0.7
EG_PHWR,INDIA,WR,GJ,2023,0,0
EG_PHWR,INDIA,WR,GJ,2024,0.7,0.7
EG_PHWR,INDIA,WR,GJ,2025,0,0
EG_PHWR,INDIA,WR,GJ,2026,0,0
EG_PHWR,INDIA,WR,GJ,2027,0,0
EG_PHWR,INDIA,WR,GJ,2028,0,0
EG_PHWR,INDIA,WR,GJ,2029,0,0
EG_PHWR,INDIA,WR,GJ,2030,0,0
EG_PHWR,INDIA,WR,GJ,2031,0,0
EG_PHWR,INDIA,NR,HR,2021,0,0
EG_PHWR,INDIA,NR,HR,2022,0,0
EG_PHWR,INDIA,NR,HR,2023,0,0
EG_PHWR,INDIA,NR,HR,2024,0,0
EG_PHWR,INDIA,NR,HR,2025,0,0
EG_PHWR,INDIA,NR,HR,2026,0,0
EG_PHWR,INDIA,NR,HR,2027,0,0
EG_PHWR,INDIA,NR,HR,2028,0,0
EG_PHWR,INDIA,NR,HR,2029,0,0
EG_PHWR,INDIA,NR,HR,2030,0,0
EG_PHWR,INDIA,NR,HR,2031,0,0
EG_PHWR,INDIA,NR,HP,2021,0,0
EG_PHWR,INDIA,NR,HP,2022,0,0
EG_PHWR,INDIA,NR,HP,2023,0,0
EG_PHWR,INDIA,NR,HP,2024,0,0
EG_PHWR,INDIA,NR,HP,2025,0,0
EG_PHWR,INDIA,NR,HP,2026,0,0
EG_PHWR,INDIA,NR,HP,2027,0,0
EG_PHWR,INDIA,NR,HP,2028,0,0
EG_PHWR,INDIA,NR,HP,2029,0,0
EG_PHWR,INDIA,NR,HP,2030,0,0
EG_PHWR,INDIA,NR,HP,2031,0,0
EG_PHWR,INDIA,NR,JK,2021,0,0
EG_PHWR,INDIA,NR,JK,2022,0,0
EG_PHWR,INDIA,NR,JK,2023,0,0
EG_PHWR,INDIA,NR,JK,2024,0,0
EG_PHWR,INDIA,NR,JK,2025,0,0
EG_PHWR,INDIA,NR,JK,2026,0,0
EG_PHWR,INDIA,NR,JK,2027,0,0
EG_PHWR,INDIA,NR,JK,2028,0,0
EG_PHWR,INDIA,NR,JK,2029,0,0
EG_PHWR,INDIA,NR,JK,2030,0,0
EG_PHWR,INDIA,NR,JK,2031,0,0
EG_PHWR,INDIA,ER,JH,2021,0,0
EG_PHWR,INDIA,ER,JH,2022,0,0
EG_PHWR,INDIA,ER,JH,2023,0,0
EG_PHWR,INDIA,ER,JH,2024,0,0
EG_PHWR,INDIA,ER,JH,2025,0,0
EG_PHWR,INDIA,ER,JH,2026,0,0
EG_PHWR,INDIA,ER,JH,2027,0,0
EG_PHWR,INDIA,ER,JH,2028,0,0
EG_PHWR,INDIA,ER,JH,2029,0,0
EG_PHWR,INDIA,ER,JH,2030,0,0
EG_PHWR,INDIA,ER,JH,2031,0,0
EG_PHWR,INDIA,SR,KA,2021,0,0
EG_PHWR,INDIA,SR,KA,2022,0,0
EG_PHWR,INDIA,SR,KA,2023,0,0
EG_PHWR,INDIA,SR,KA,2024,0,0
EG_PHWR,INDIA,SR,KA,2025,0,0
EG_PHWR,INDIA,SR,KA,2026,0,0
EG_PHWR,INDIA,SR,KA,2027,0,0
EG_PHWR,INDIA,SR,KA,2028,0,0
EG_PHWR,INDIA,SR,KA,2029,0,0
EG_PHWR,INDIA,SR,KA,2030,0,0
EG_PHWR,INDIA,SR,KA,2031,0,0
EG_PHWR,INDIA,SR,KL,2021,0,0
EG_PHWR,INDIA,SR,KL,2022,0,0
EG_PHWR,INDIA,SR,KL,2023,0,0
EG_PHWR,INDIA,SR,KL,2024,0,0
EG_PHWR,INDIA,SR,KL,2025,0,0
EG_PHWR,INDIA,SR,KL,2026,0,0
EG_PHWR,INDIA,SR,KL,2027,0,0
EG_PHWR,INDIA,SR,KL,2028,0,0
EG_PHWR,INDIA,SR,KL,2029,0,0
EG_PHWR,INDIA,SR,KL,2030,0,0
EG_PHWR,INDIA,SR,KL,2031,0,0
EG_PHWR,INDIA,WR,MP,2021,0,0
EG_PHWR,INDIA,WR,MP,2022,0,0
EG_PHWR,INDIA,WR,MP,2023,0,0
EG_PHWR,INDIA,WR,MP,2024,0,0
EG_PHWR,INDIA,WR,MP,2025,0,0
EG_PHWR,INDIA,WR,MP,2026,0,0
EG_PHWR,INDIA,WR,MP,2027,0,0
EG_PHWR,INDIA,WR,MP,2028,0,0
EG_PHWR,INDIA,WR,MP,2029,0,0
EG_PHWR,INDIA,WR,MP,2030,0,0
EG_PHWR,INDIA,WR,MP,2031,0,0
EG_PHWR,INDIA,WR,MH,2021,0,0
EG_PHWR,INDIA,WR,MH,2022,0,0
EG_PHWR,INDIA,WR,MH,2023,0,0
EG_PHWR,INDIA,WR,MH,2024,0,0
EG_PHWR,INDIA,WR,MH,2025,0,0
EG_PHWR,INDIA,WR,MH,2026,0,0
EG_PHWR,INDIA,WR,MH,2027,0,0
EG_PHWR,INDIA,WR,MH,2028,0,0
EG_PHWR,INDIA,WR,MH,2029,0,0
EG_PHWR,INDIA,WR,MH,2030,0,0
EG_PHWR,INDIA,WR,MH,2031,0,0
EG_PHWR,INDIA,ER,OD,2021,0,0
EG_PHWR,INDIA,ER,OD,2022,0,0
EG_PHWR,INDIA,ER,OD,2023,0,0
EG_PHWR,INDIA,ER,OD,2024,0,0
EG_PHWR,INDIA,ER,OD,2025,0,0
EG_PHWR,INDIA,ER,OD,2026,0,0
EG_PHWR,INDIA,ER,OD,2027,0,0
EG_PHWR,INDIA,ER,OD,2028,0,0
EG_PHWR,INDIA,ER,OD,2029,0,0
EG_PHWR,INDIA,ER,OD,2030,0,0
EG_PHWR,INDIA,ER,OD,2031,0,0
EG_PHWR,INDIA,NR,PB,2021,0,0
EG_PHWR,INDIA,NR,PB,2022,0,0
EG_PHWR,INDIA,NR,PB,2023,0,0
EG_PHWR,INDIA,NR,PB,2024,0,0
EG_PHWR,INDIA,NR,PB,2025,0,0
EG_PHWR,INDIA,NR,PB,2026,0,0
EG_PHWR,INDIA,NR,PB,2027,0,0
EG_PHWR,INDIA,NR,PB,2028,0,0
EG_PHWR,INDIA,NR,PB,2029,0,0
EG_PHWR,INDIA,NR,PB,2030,0,0
EG_PHWR,INDIA,NR,PB,2031,0,0
EG_PHWR,INDIA,NR,RJ,2021,0,0
EG_PHWR,INDIA,NR,RJ,2022,0,0
EG_PHWR,INDIA,NR,RJ,2023,0.7,0.7
EG_PHWR,INDIA,NR,RJ,2024,0,0
EG_PHWR,INDIA,NR,RJ,2025,0.7,0.7
EG_PHWR,INDIA,NR,RJ,2026,0,0
EG_PHWR,INDIA,NR,RJ,2027,0,0
EG_PHWR,INDIA,NR,RJ,2028,0,0
EG_PHWR,INDIA,NR,RJ,2029,0,0
EG_PHWR,INDIA,NR,RJ,2030,0,0
EG_PHWR,INDIA,NR,RJ,2031,0,0
EG_PHWR,INDIA,SR,TN,2021,0,0
EG_PHWR,INDIA,SR,TN,2022,0,0
EG_PHWR,INDIA,SR,TN,2023,0,0
EG_PHWR,INDIA,SR,TN,2024,0,0
EG_PHWR,INDIA,SR,TN,2025,0,0
EG_PHWR,INDIA,SR,TN,2026,0,0
EG_PHWR,INDIA,SR,TN,2027,1,1
EG_PHWR,INDIA,SR,TN,2028,1,1
EG_PHWR,INDIA,SR,TN,2029,0,0
EG_PHWR,INDIA,SR,TN,2030,0,0
EG_PHWR,INDIA,SR,TN,2031,0,0
EG_PHWR,INDIA,SR,TS,2021,0,0
EG_PHWR,INDIA,SR,TS,2022,0,0
EG_PHWR,INDIA,SR,TS,2023,0,0
EG_PHWR,INDIA,SR,TS,2024,0,0
EG_PHWR,INDIA,SR,TS,2025,0,0
EG_PHWR,INDIA,SR,TS,2026,0,0
EG_PHWR,INDIA,SR,TS,2027,0,0
EG_PHWR,INDIA,SR,TS,2028,0,0
EG_PHWR,INDIA,SR,TS,2029,0,0
EG_PHWR,INDIA,SR,TS,2030,0,0
EG_PHWR,INDIA,SR,TS,2031,0,0
EG_PHWR,INDIA,NR,UP,2021,0,0
EG_PHWR,INDIA,NR,UP,2022,0,0
EG_PHWR,INDIA,NR,UP,2023,0,0
EG_PHWR,INDIA,NR,UP,2024,0,0
EG_PHWR,INDIA,NR,UP,2025,0,0
EG_PHWR,INDIA,NR,UP,2026,0,0
EG_PHWR,INDIA,NR,UP,2027,0,0
EG_PHWR,INDIA,NR,UP,2028,0,0
EG_PHWR,INDIA,NR,UP,2029,0,0
EG_PHWR,INDIA,NR,UP,2030,0,0
EG_PHWR,INDIA,NR,UP,2031,0,0
EG_PHWR,INDIA,NR,UK,2021,0,0
EG_PHWR,INDIA,NR,UK,2022,0,0
EG_PHWR,INDIA,NR,UK,2023,0,0
EG_PHWR,INDIA,NR,UK,2024,0,0
EG_PHWR,INDIA,NR,UK,2025,0,0
EG_PHWR,INDIA,NR,UK,2026,0,0
EG_PHWR,INDIA,NR,UK,2027,0,0
EG_PHWR,INDIA,NR,UK,2028,0,0
EG_PHWR,INDIA,NR,UK,2029,0,0
EG_PHWR,INDIA,NR,UK,2030,0,0
EG_PHWR,INDIA,NR,UK,2031,0,0
EG_PHWR,INDIA,ER,WB,2021,0,0
EG_PHWR,INDIA,ER,WB,2022,0,0
EG_PHWR,INDIA,ER,WB,2023,0,0
EG_PHWR,INDIA,ER,WB,2024,0,0
EG_PHWR,INDIA,ER,WB,2025,0,0
EG_PHWR,INDIA,ER,WB,2026,0,0
EG_PHWR,INDIA,ER,WB,2027,0,0
EG_PHWR,INDIA,ER,WB,2028,0,0
EG_PHWR,INDIA,ER,WB,2029,0,0
EG_PHWR,INDIA,ER,WB,2030,0,0
EG_PHWR,INDIA,ER,WB,2031,0,0
EG_PHWR,INDIA,WR,UT,2021,0,0
EG_PHWR,INDIA,WR,UT,2022,0,0
EG_PHWR,INDIA,WR,UT,2023,0,0
EG_PHWR,INDIA,WR,UT,2024,0,0
EG_PHWR,INDIA,WR,UT,2025,0,0
EG_PHWR,INDIA,WR,UT,2026,0,0
EG_PHWR,INDIA,WR,UT,2027,0,0
EG_PHWR,INDIA,WR,UT,2028,0,0
EG_PHWR,INDIA,WR,UT,2029,0,0
EG_PHWR,INDIA,WR,UT,2030,0,0
EG_PHWR,INDIA,WR,UT,2031,0,0
EG_PHWR,INDIA,NR,DL,2021,0,0
EG_PHWR,INDIA,NR,DL,2022,0,0
EG_PHWR,INDIA,NR,DL,2023,0,0
EG_PHWR,INDIA,NR,DL,2024,0,0
EG_PHWR,INDIA,NR,DL,2025,0,0
EG_PHWR,INDIA,NR,DL,2026,0,0
EG_PHWR,INDIA,NR,DL,2027,0,0
EG_PHWR,INDIA,NR,DL,2028,0,0
EG_PHWR,INDIA,NR,DL,2029,0,0
EG_PHWR,INDIA,NR,DL,2030,0,0
EG_PHWR,INDIA,NR,DL,2031,0,0
EG_LH,INDIA,SR,AP,2021,0,0
EG_LH,INDIA,SR,AP,2022,0.160186335,0.16
EG_LH,INDIA,SR,AP,2023,0.160186335,0.16
EG_LH,INDIA,SR,AP,2024,0.160186335,0.16
EG_LH,INDIA,SR,AP,2025,0.160186335,0.16
EG_LH,INDIA,SR,AP,2026,0.160186335,0.16
EG_LH,INDIA,SR,AP,2027,0.160186335,0.16
EG_LH,INDIA,SR,AP,2028,0,0
EG_LH,INDIA,SR,AP,2029,0,0
EG_LH,INDIA,SR,AP,2030,0,0
EG_LH,INDIA,SR,AP,2031,0,0
EG_LH,INDIA,NER,AS,2021,0,0
EG_LH,INDIA,NER,AS,2022,0.333333333,0.333333333
EG_LH,INDIA,NER,AS,2023,0.333333333,0.333333333
EG_LH,INDIA,NER,AS,2024,0.333333333,0.333333333
EG_LH,INDIA,NER,NE,2021,0.431,0.431
EG_LH,INDIA,NER,NE,2022,0.191666667,0.191666667
EG_LH,INDIA,NER,NE,2023,0.191666667,0.191666667
EG_LH,INDIA,NER,NE,2024,0.191666667,0.191666667
EG_LH,INDIA,NER,NE,2025,0.191666667,0.191666667
EG_LH,INDIA,NER,NE,2026,0.191666667,0.191666667
EG_LH,INDIA,NER,NE,2027,0.91780054,0.191666667
EG_LH,INDIA,NER,NE,2028,0.91780054,0
EG_LH,INDIA,NER,NE,2029,0.91780054,0
EG_LH,INDIA,NER,NE,2030,0.91780054,0
EG_LH,INDIA,NER,NE,2031,0.91780054,0
EG_LH,INDIA,NER,AS,2025,0.333333333,0.333333333
EG_LH,INDIA,NER,AS,2026,0.333333333,0.333333333
EG_LH,INDIA,NER,AS,2027,0.333333333,0.333333333
EG_LH,INDIA,NER,AS,2028,0,0
EG_LH,INDIA,NER,AS,2029,0,0
EG_LH,INDIA,NER,AS,2030,0,0
EG_LH,INDIA,NER,AS,2031,0,0
EG_LH,INDIA,ER,BR,2021,0,0
EG_LH,INDIA,ER,BR,2022,0,0
EG_LH,INDIA,ER,BR,2023,0,0
EG_LH,INDIA,ER,BR,2024,0,0
EG_LH,INDIA,ER,BR,2025,0,0
EG_LH,INDIA,ER,BR,2026,0,0
EG_LH,INDIA,ER,BR,2027,0,0
EG_LH,INDIA,ER,BR,2028,0,0
EG_LH,INDIA,ER,BR,2029,0,0
EG_LH,INDIA,ER,BR,2030,0,0
EG_LH,INDIA,ER,BR,2031,0,0
EG_LH,INDIA,WR,CG,2021,0,0
EG_LH,INDIA,WR,CG,2022,0,0
EG_LH,INDIA,WR,CG,2023,0,0
EG_LH,INDIA,WR,CG,2024,0,0
EG_LH,INDIA,WR,CG,2025,0,0
EG_LH,INDIA,WR,CG,2026,0,0
EG_LH,INDIA,WR,CG,2027,0.036854341,0
EG_LH,INDIA,WR,CG,2028,0.036854341,0
EG_LH,INDIA,WR,CG,2029,0.036854341,0
EG_LH,INDIA,WR,CG,2030,0.036854341,0
EG_LH,INDIA,WR,CG,2031,0.036854341,0
EG_LH,INDIA,WR,GA,2021,0.0065,0.0065
EG_LH,INDIA,WR,GA,2022,0,0
EG_LH,INDIA,WR,GA,2023,0,0
EG_LH,INDIA,WR,GA,2024,0,0
EG_LH,INDIA,WR,GA,2025,0,0
EG_LH,INDIA,WR,GA,2026,0,0
EG_LH,INDIA,WR,GA,2027,0.000973578,0
EG_LH,INDIA,WR,GA,2028,0.000973578,0
EG_LH,INDIA,WR,GA,2029,0.000973578,0
EG_LH,INDIA,WR,GA,2030,0.000973578,0
EG_LH,INDIA,WR,GA,2031,0.000973578,0
EG_LH,INDIA,WR,GJ,2021,0,0
EG_LH,INDIA,WR,GJ,2022,0,0
EG_LH,INDIA,WR,GJ,2023,0,0
EG_LH,INDIA,WR,GJ,2024,0,0
EG_LH,INDIA,WR,GJ,2025,0,0
EG_LH,INDIA,WR,GJ,2026,0,0
EG_LH,INDIA,WR,GJ,2027,0,0
EG_LH,INDIA,WR,GJ,2028,0,0
EG_LH,INDIA,WR,GJ,2029,0,0
EG_LH,INDIA,WR,GJ,2030,0,0
EG_LH,INDIA,WR,GJ,2031,0,0
EG_LH,INDIA,NR,HR,2021,0,0
EG_LH,INDIA,NR,HR,2022,0,0
EG_LH,INDIA,NR,HR,2023,0,0
EG_LH,INDIA,NR,HR,2024,0,0
EG_LH,INDIA,NR,HR,2025,0,0
EG_LH,INDIA,NR,HR,2026,0,0
EG_LH,INDIA,NR,HR,2027,0,0
EG_LH,INDIA,NR,HR,2028,0,0
EG_LH,INDIA,NR,HR,2029,0,0
EG_LH,INDIA,NR,HR,2030,0,0
EG_LH,INDIA,NR,HR,2031,0,0
EG_LH,INDIA,NR,HP,2021,0,0
EG_LH,INDIA,NR,HP,2022,0.370798926,0.370666667
EG_LH,INDIA,NR,HP,2023,0.370798926,0.370666667
EG_LH,INDIA,NR,HP,2024,0.370798926,0.370666667
EG_LH,INDIA,NR,HP,2025,0.370798926,0.370666667
EG_LH,INDIA,NR,HP,2026,0.370798926,0.370666667
EG_LH,INDIA,NR,HP,2027,0.370798926,0.370666667
EG_LH,INDIA,NR,HP,2028,0.081815929,0
EG_LH,INDIA,NR,HP,2029,0.081815929,0
EG_LH,INDIA,NR,HP,2030,0.081815929,0
EG_LH,INDIA,NR,HP,2031,0.081815929,0
EG_LH,INDIA,NR,JK,2021,0.0275,0.0275
EG_LH,INDIA,NR,JK,2022,0.426583333,0.426583333
EG_LH,INDIA,NR,JK,2023,0.426583333,0.426583333
EG_LH,INDIA,NR,JK,2024,0.426583333,0.426583333
EG_LH,INDIA,NR,JK,2025,0.426583333,0.426583333
EG_LH,INDIA,NR,JK,2026,0.426583333,0.426583333
EG_LH,INDIA,NR,JK,2027,0.426583333,0.426583333
EG_LH,INDIA,NR,JK,2028,0.099110209,0
EG_LH,INDIA,NR,JK,2029,0.099110209,0
EG_LH,INDIA,NR,JK,2030,0.099110209,0
EG_LH,INDIA,NR,JK,2031,0.099110209,0
EG_LH,INDIA,ER,JH,2021,0,0
EG_LH,INDIA,ER,JH,2022,0,0
EG_LH,INDIA,ER,JH,2023,0,0
EG_LH,INDIA,ER,JH,2024,0,0
EG_LH,INDIA,ER,JH,2025,0,0
EG_LH,INDIA,ER,JH,2026,0,0
EG_LH,INDIA,ER,JH,2027,0,0
EG_LH,INDIA,ER,JH,2028,0,0
EG_LH,INDIA,ER,JH,2029,0,0
EG_LH,INDIA,ER,JH,2030,0,0
EG_LH,INDIA,ER,JH,2031,0,0
EG_LH,INDIA,SR,KA,2021,0,0
EG_LH,INDIA,SR,KA,2022,0,0
EG_LH,INDIA,SR,KA,2023,0,0
EG_LH,INDIA,SR,KA,2024,0,0
EG_LH,INDIA,SR,KA,2025,0,0
EG_LH,INDIA,SR,KA,2026,0,0
EG_LH,INDIA,SR,KA,2027,0.049825936,0
EG_LH,INDIA,SR,KA,2028,0.049825936,0
EG_LH,INDIA,SR,KA,2029,0.049825936,0
EG_LH,INDIA,SR,KA,2030,0.049825936,0
EG_LH,INDIA,SR,KA,2031,0.049825936,0
EG_LH,INDIA,SR,KL,2021,0,0
EG_LH,INDIA,SR,KL,2022,0.01715145,0.016666667
EG_LH,INDIA,SR,KL,2023,0.01715145,0.016666667
EG_LH,INDIA,SR,KL,2024,0.01715145,0.016666667
EG_LH,INDIA,SR,KL,2025,0.01715145,0.016666667
EG_LH,INDIA,SR,KL,2026,0.01715145,0.016666667
EG_LH,INDIA,SR,KL,2027,0.023392417,0.016666667
EG_LH,INDIA,SR,KL,2028,0.023392417,0
EG_LH,INDIA,SR,KL,2029,0.023392417,0
EG_LH,INDIA,SR,KL,2030,0.023392417,0
EG_LH,INDIA,SR,KL,2031,0.023392417,0
EG_LH,INDIA,WR,MP,2021,0.001,0.001
EG_LH,INDIA,WR,MP,2022,0.066666667,0.066666667
EG_LH,INDIA,WR,MP,2023,0.066666667,0.066666667
EG_LH,INDIA,WR,MP,2024,0.066666667,0.066666667
EG_LH,INDIA,WR,MP,2025,0.066666667,0.066666667
EG_LH,INDIA,WR,MP,2026,0.066666667,0.066666667
EG_LH,INDIA,WR,MP,2027,0.066666667,0.066666667
EG_LH,INDIA,WR,MP,2028,0,0
EG_LH,INDIA,WR,MP,2029,0,0
EG_LH,INDIA,WR,MP,2030,0,0
EG_LH,INDIA,WR,MP,2031,0,0
EG_LH,INDIA,WR,MH,2021,0,0
EG_LH,INDIA,WR,MH,2022,0,0
EG_LH,INDIA,WR,MH,2023,0,0
EG_LH,INDIA,WR,MH,2024,0,0
EG_LH,INDIA,WR,MH,2025,0,0
EG_LH,INDIA,WR,MH,2026,0,0
EG_LH,INDIA,WR,MH,2027,0.011806842,0
EG_LH,INDIA,WR,MH,2028,0.011806842,0
EG_LH,INDIA,WR,MH,2029,0.011806842,0
EG_LH,INDIA,WR,MH,2030,0.011806842,0
EG_LH,INDIA,WR,MH,2031,0.011806842,0
EG_LH,INDIA,ER,OD,2021,0,0
EG_LH,INDIA,ER,OD,2022,0,0
EG_LH,INDIA,ER,OD,2023,0,0
EG_LH,INDIA,ER,OD,2024,0,0
EG_LH,INDIA,ER,OD,2025,0,0
EG_LH,INDIA,ER,OD,2026,0,0
EG_LH,INDIA,ER,OD,2027,0.014847945,0
EG_LH,INDIA,ER,OD,2028,0.014847945,0
EG_LH,INDIA,ER,OD,2029,0.014847945,0
EG_LH,INDIA,ER,OD,2030,0.014847945,0
EG_LH,INDIA,ER,OD,2031,0.014847945,0
EG_LH,INDIA,NR,PB,2021,0.099,0.099
EG_LH,INDIA,NR,PB,2022,0.034333333,0.034333333
EG_LH,INDIA,NR,PB,2023,0.034333333,0.034333333
EG_LH,INDIA,NR,PB,2024,0.034333333,0.034333333
EG_LH,INDIA,NR,PB,2025,0.034333333,0.034333333
EG_LH,INDIA,NR,PB,2026,0.034333333,0.034333333
EG_LH,INDIA,NR,PB,2027,0.034333333,0.034333333
EG_LH,INDIA,NR,PB,2028,0,0
EG_LH,INDIA,NR,PB,2029,0,0
EG_LH,INDIA,NR,PB,2030,0,0
EG_LH,INDIA,NR,PB,2031,0,0
EG_LH,INDIA,NR,RJ,2021,0,0
EG_LH,INDIA,NR,RJ,2022,0,0
EG_LH,INDIA,NR,RJ,2023,0,0
EG_LH,INDIA,NR,RJ,2024,0,0
EG_LH,INDIA,NR,RJ,2025,0,0
EG_LH,INDIA,NR,RJ,2026,0,0
EG_LH,INDIA,NR,RJ,2027,0,0
EG_LH,INDIA,NR,RJ,2028,0,0
EG_LH,INDIA,NR,RJ,2029,0,0
EG_LH,INDIA,NR,RJ,2030,0,0
EG_LH,INDIA,NR,RJ,2031,0,0
EG_LH,INDIA,SR,TN,2021,0,0
EG_LH,INDIA,SR,TN,2022,0,0
EG_LH,INDIA,SR,TN,2023,0,0
EG_LH,INDIA,SR,TN,2024,0,0
EG_LH,INDIA,SR,TN,2025,0,0
EG_LH,INDIA,SR,TN,2026,0,0
EG_LH,INDIA,SR,TN,2027,0,0
EG_LH,INDIA,SR,TN,2028,0,0
EG_LH,INDIA,SR,TN,2029,0,0
EG_LH,INDIA,SR,TN,2030,0,0
EG_LH,INDIA,SR,TN,2031,0,0
EG_LH,INDIA,SR,TS,2021,0,0
EG_LH,INDIA,SR,TS,2022,0,0
EG_LH,INDIA,SR,TS,2023,0,0
EG_LH,INDIA,SR,TS,2024,0,0
EG_LH,INDIA,SR,TS,2025,0,0
EG_LH,INDIA,SR,TS,2026,0,0
EG_LH,INDIA,SR,TS,2027,0.021578022,0
EG_LH,INDIA,SR,TS,2028,0.021578022,0
EG_LH,INDIA,SR,TS,2029,0.021578022,0
EG_LH,INDIA,SR,TS,2030,0.021578022,0
EG_LH,INDIA,SR,TS,2031,0.021578022,0
EG_LH,INDIA,NR,UP,2021,0,0
EG_LH,INDIA,NR,UP,2022,0,0
EG_LH,INDIA,NR,UP,2023,0,0
EG_LH,INDIA,NR,UP,2024,0,0
EG_LH,INDIA,NR,UP,2025,0,0
EG_LH,INDIA,NR,UP,2026,0,0
EG_LH,INDIA,NR,UP,2027,0.002874709,0
EG_LH,INDIA,NR,UP,2028,0.002874709,0
EG_LH,INDIA,NR,UP,2029,0.002874709,0
EG_LH,INDIA,NR,UP,2030,0.002874709,0
EG_LH,INDIA,NR,UP,2031,0.002874709,0
EG_LH,INDIA,NR,UK,2021,0.0065,0.0065
EG_LH,INDIA,NR,UK,2022,0.231833333,0.231833333
EG_LH,INDIA,NR,UK,2023,0.231833333,0.231833333
EG_LH,INDIA,NR,UK,2024,0.231833333,0.231833333
EG_LH,INDIA,NR,UK,2025,0.231833333,0.231833333
EG_LH,INDIA,NR,UK,2026,0.231833333,0.231833333
EG_LH,INDIA,NR,UK,2027,0.231833333,0.231833333
EG_LH,INDIA,NR,UK,2028,0.201100438,0
EG_LH,INDIA,NR,UK,2029,0.201100438,0
EG_LH,INDIA,NR,UK,2030,0.201100438,0
EG_LH,INDIA,NR,UK,2031,0.201100438,0
EG_LH,INDIA,ER,WB,2021,0,0
EG_LH,INDIA,ER,WB,2022,0.02,0.02
EG_LH,INDIA,ER,WB,2023,0.02,0.02
EG_LH,INDIA,ER,WB,2024,0.02,0.02
EG_LH,INDIA,ER,WB,2025,0.02,0.02
EG_LH,INDIA,ER,WB,2026,0.02,0.02
EG_LH,INDIA,ER,WB,2027,0.038019094,0.02
EG_LH,INDIA,ER,WB,2028,0.038019094,0
EG_LH,INDIA,ER,WB,2029,0.038019094,0
EG_LH,INDIA,ER,WB,2030,0.038019094,0
EG_LH,INDIA,ER,WB,2031,0.038019094,0
EG_LH,INDIA,WR,UT,2021,0.111,0.111
EG_LH,INDIA,WR,UT,2022,0,0
EG_LH,INDIA,WR,UT,2023,0,0
EG_LH,INDIA,WR,UT,2024,0,0
EG_LH,INDIA,WR,UT,2025,0,0
EG_LH,INDIA,WR,UT,2026,0,0
EG_LH,INDIA,WR,UT,2027,0,0
EG_LH,INDIA,WR,UT,2028,0,0
EG_LH,INDIA,WR,UT,2029,0,0
EG_LH,INDIA,WR,UT,2030,0,0
EG_LH,INDIA,WR,UT,2031,0,0
EG_LH,INDIA,NR,DL,2021,0,0
EG_LH,INDIA,NR,DL,2022,0,0
EG_LH,INDIA,NR,DL,2023,0,0
EG_LH,INDIA,NR,DL,2024,0,0
EG_LH,INDIA,NR,DL,2025,0,0
EG_LH,INDIA,NR,DL,2026,0,0
EG_LH,INDIA,NR,DL,2027,0,0
EG_LH,INDIA,NR,DL,2028,0,0
EG_LH,INDIA,NR,DL,2029,0,0
EG_LH,INDIA,NR,DL,2030,0,0
EG_LH,INDIA,NR,DL,2031,0,0
EG_COAL,INDIA,SR,AP,2021,0.026719199,0.022104833
EG_COAL,INDIA,SR,AP,2022,1.933998689,1.6
EG_COAL,INDIA,SR,AP,2023,0,0
EG_COAL,INDIA,SR,AP,2024,0,0
EG_COAL,INDIA,SR,AP,2025,1.091596697,0
EG_COAL,INDIA,SR,AP,2026,1.091596697,0
EG_COAL,INDIA,SR,AP,2027,1.091596697,0
EG_COAL,INDIA,SR,AP,2028,1.091596697,0
EG_COAL,INDIA,SR,AP,2029,1.091596697,0
EG_COAL,INDIA,SR,AP,2030,1.091596697,0
EG_COAL,INDIA,SR,AP,2031,1.091596697,0
EG_COAL,INDIA,NER,AS,2021,0.00158506,0.00136958
EG_COAL,INDIA,NER,AS,2022,0,0
EG_COAL,INDIA,NER,AS,2023,0,0
EG_COAL,INDIA,NER,AS,2024,0,0
EG_COAL,INDIA,NER,NE,2021,0.003459221,0.003459221
EG_COAL,INDIA,NER,NE,2022,0,0
EG_COAL,INDIA,NER,NE,2023,0,0
EG_COAL,INDIA,NER,NE,2024,0,0
EG_COAL,INDIA,NER,NE,2025,0.003023252,0
EG_COAL,INDIA,NER,NE,2026,0.003023252,0
EG_COAL,INDIA,NER,NE,2027,0.003023252,0
EG_COAL,INDIA,NER,NE,2028,0.003023252,0
EG_COAL,INDIA,NER,NE,2029,0.003023252,0
EG_COAL,INDIA,NER,NE,2030,0.003023252,0
EG_COAL,INDIA,NER,NE,2031,0.003023252,0
EG_COAL,INDIA,NER,AS,2025,0.06763357,0
EG_COAL,INDIA,NER,AS,2026,0.06763357,0
EG_COAL,INDIA,NER,AS,2027,0.06763357,0
EG_COAL,INDIA,NER,AS,2028,0.06763357,0
EG_COAL,INDIA,NER,AS,2029,0.06763357,0
EG_COAL,INDIA,NER,AS,2030,0.06763357,0
EG_COAL,INDIA,NER,AS,2031,0.06763357,0
EG_COAL,INDIA,ER,BR,2021,0.544370164,0.52789713
EG_COAL,INDIA,ER,BR,2022,1.618991862,1.57
EG_COAL,INDIA,ER,BR,2023,2.041785915,1.98
EG_COAL,INDIA,ER,BR,2024,0,0
EG_COAL,INDIA,ER,BR,2025,1.36119061,1.32
EG_COAL,INDIA,ER,BR,2026,0.513438529,0
EG_COAL,INDIA,ER,BR,2027,0.513438529,0
EG_COAL,INDIA,ER,BR,2028,0.513438529,0
EG_COAL,INDIA,ER,BR,2029,0.513438529,0
EG_COAL,INDIA,ER,BR,2030,0.513438529,0
EG_COAL,INDIA,ER,BR,2031,0.513438529,0
EG_COAL,INDIA,WR,CG,2021,0.329902066,0.259270214
EG_COAL,INDIA,WR,CG,2022,1.017940505,0.8
EG_COAL,INDIA,WR,CG,2023,0,0
EG_COAL,INDIA,WR,CG,2024,0,0
EG_COAL,INDIA,WR,CG,2025,2.293047608,0
EG_COAL,INDIA,WR,CG,2026,2.293047608,0
EG_COAL,INDIA,WR,CG,2027,2.293047608,0
EG_COAL,INDIA,WR,CG,2028,2.293047608,0
EG_COAL,INDIA,WR,CG,2029,2.293047608,0
EG_COAL,INDIA,WR,CG,2030,2.293047608,0
EG_COAL,INDIA,WR,CG,2031,2.293047608,0
EG_COAL,INDIA,WR,GA,2021,0.010963088,0.010963088
EG_COAL,INDIA,WR,GA,2022,0,0
EG_COAL,INDIA,WR,GA,2023,0,0
EG_COAL,INDIA,WR,GA,2024,0,0
EG_COAL,INDIA,WR,GA,2025,0.00123891,0
EG_COAL,INDIA,WR,GA,2026,0.00123891,0
EG_COAL,INDIA,WR,GA,2027,0.00123891,0
EG_COAL,INDIA,WR,GA,2028,0.00123891,0
EG_COAL,INDIA,WR,GA,2029,0.00123891,0
EG_COAL,INDIA,WR,GA,2030,0.00123891,0
EG_COAL,INDIA,WR,GA,2031,0.00123891,0
EG_COAL,INDIA,WR,GJ,2021,0.393191834,0.312559005
EG_COAL,INDIA,WR,GJ,2022,0,0
EG_COAL,INDIA,WR,GJ,2023,0,0
EG_COAL,INDIA,WR,GJ,2024,0,0
EG_COAL,INDIA,WR,GJ,2025,1.591061959,0
EG_COAL,INDIA,WR,GJ,2026,1.591061959,0
EG_COAL,INDIA,WR,GJ,2027,1.591061959,0
EG_COAL,INDIA,WR,GJ,2028,1.591061959,0
EG_COAL,INDIA,WR,GJ,2029,1.591061959,0
EG_COAL,INDIA,WR,GJ,2030,1.591061959,0
EG_COAL,INDIA,WR,GJ,2031,1.591061959,0
EG_COAL,INDIA,NR,HR,2021,0.033084258,0.031014437
EG_COAL,INDIA,NR,HR,2022,0,0
EG_COAL,INDIA,NR,HR,2023,0,0
EG_COAL,INDIA,NR,HR,2024,0,0
EG_COAL,INDIA,NR,HR,2025,0.443024036,0
EG_COAL,INDIA,NR,HR,2026,0.443024036,0
EG_COAL,INDIA,NR,HR,2027,0.443024036,0
EG_COAL,INDIA,NR,HR,2028,0.443024036,0
EG_COAL,INDIA,NR,HR,2029,0.443024036,0
EG_COAL,INDIA,NR,HR,2030,0.443024036,0
EG_COAL,INDIA,NR,HR,2031,0.443024036,0
EG_COAL,INDIA,NR,HP,2021,4.92686E-05,4.92686E-05
EG_COAL,INDIA,NR,HP,2022,0,0
EG_COAL,INDIA,NR,HP,2023,0,0
EG_COAL,INDIA,NR,HP,2024,0,0
EG_COAL,INDIA,NR,HP,2025,0.002433016,0
EG_COAL,INDIA,NR,HP,2026,0.002433016,0
EG_COAL,INDIA,NR,HP,2027,0.002433016,0
EG_COAL,INDIA,NR,HP,2028,0.002433016,0
EG_COAL,INDIA,NR,HP,2029,0.002433016,0
EG_COAL,INDIA,NR,HP,2030,0.002433016,0
EG_COAL,INDIA,NR,HP,2031,0.002433016,0
EG_COAL,INDIA,NR,JK,2021,0.053721,0.053721
EG_COAL,INDIA,NR,JK,2022,0,0
EG_COAL,INDIA,NR,JK,2023,0,0
EG_COAL,INDIA,NR,JK,2024,0,0
EG_COAL,INDIA,NR,JK,2025,0,0
EG_COAL,INDIA,NR,JK,2026,0,0
EG_COAL,INDIA,NR,JK,2027,0,0
EG_COAL,INDIA,NR,JK,2028,0,0
EG_COAL,INDIA,NR,JK,2029,0,0
EG_COAL,INDIA,NR,JK,2030,0,0
EG_COAL,INDIA,NR,JK,2031,0,0
EG_COAL,INDIA,ER,JH,2021,0.039070981,0.029365192
EG_COAL,INDIA,ER,JH,2022,0,0
EG_COAL,INDIA,ER,JH,2023,2.82070278,2.12
EG_COAL,INDIA,ER,JH,2024,3.006975605,2.26
EG_COAL,INDIA,ER,JH,2025,0.462379859,0
EG_COAL,INDIA,ER,JH,2026,0.462379859,0
EG_COAL,INDIA,ER,JH,2027,0.462379859,0
EG_COAL,INDIA,ER,JH,2028,0.462379859,0
EG_COAL,INDIA,ER,JH,2029,0.462379859,0
EG_COAL,INDIA,ER,JH,2030,0.462379859,0
EG_COAL,INDIA,ER,JH,2031,0.462379859,0
EG_COAL,INDIA,SR,KA,2021,0.029525866,0.021015479
EG_COAL,INDIA,SR,KA,2022,0.519834466,0.37
EG_COAL,INDIA,SR,KA,2023,0,0
EG_COAL,INDIA,SR,KA,2024,0,0
EG_COAL,INDIA,SR,KA,2025,1.037801438,0
EG_COAL,INDIA,SR,KA,2026,1.037801438,0
EG_COAL,INDIA,SR,KA,2027,1.037801438,0
EG_COAL,INDIA,SR,KA,2028,1.037801438,0
EG_COAL,INDIA,SR,KA,2029,1.037801438,0
EG_COAL,INDIA,SR,KA,2030,1.037801438,0
EG_COAL,INDIA,SR,KA,2031,1.037801438,0
EG_COAL,INDIA,SR,KL,2021,0.000260504,0.000260504
EG_COAL,INDIA,SR,KL,2022,0,0
EG_COAL,INDIA,SR,KL,2023,0,0
EG_COAL,INDIA,SR,KL,2024,0,0
EG_COAL,INDIA,SR,KL,2025,0.012864404,0
EG_COAL,INDIA,SR,KL,2026,0.012864404,0
EG_COAL,INDIA,SR,KL,2027,0.012864404,0
EG_COAL,INDIA,SR,KL,2028,0.012864404,0
EG_COAL,INDIA,SR,KL,2029,0.012864404,0
EG_COAL,INDIA,SR,KL,2030,0.012864404,0
EG_COAL,INDIA,SR,KL,2031,0.012864404,0
EG_COAL,INDIA,WR,MP,2021,0.694507968,0.518417043
EG_COAL,INDIA,WR,MP,2022,1.071736322,0.8
EG_COAL,INDIA,WR,MP,2023,0,0
EG_COAL,INDIA,WR,MP,2024,0,0
EG_COAL,INDIA,WR,MP,2025,2.207755209,0
EG_COAL,INDIA,WR,MP,2026,2.207755209,0
EG_COAL,INDIA,WR,MP,2027,2.207755209,0
EG_COAL,INDIA,WR,MP,2028,2.207755209,0
EG_COAL,INDIA,WR,MP,2029,2.207755209,0
EG_COAL,INDIA,WR,MP,2030,2.207755209,0
EG_COAL,INDIA,WR,MP,2031,2.207755209,0
EG_COAL,INDIA,WR,MH,2021,0.21330753,0.185625384
EG_COAL,INDIA,WR,MH,2022,0,0
EG_COAL,INDIA,WR,MH,2023,0,0
EG_COAL,INDIA,WR,MH,2024,0.758425203,0.66
EG_COAL,INDIA,WR,MH,2025,2.235426378,0
EG_COAL,INDIA,WR,MH,2026,2.235426378,0
EG_COAL,INDIA,WR,MH,2027,2.235426378,0
EG_COAL,INDIA,WR,MH,2028,2.235426378,0
EG_COAL,INDIA,WR,MH,2029,2.235426378,0
EG_COAL,INDIA,WR,MH,2030,2.235426378,0
EG_COAL,INDIA,WR,MH,2031,2.235426378,0
EG_COAL,INDIA,ER,OD,2021,0.067834563,0.032387122
EG_COAL,INDIA,ER,OD,2022,1.675593469,0.8
EG_COAL,INDIA,ER,OD,2023,0.523622959,0.25
EG_COAL,INDIA,ER,OD,2024,0,0
EG_COAL,INDIA,ER,OD,2025,1.599364057,0
EG_COAL,INDIA,ER,OD,2026,1.599364057,0
EG_COAL,INDIA,ER,OD,2027,1.599364057,0
EG_COAL,INDIA,ER,OD,2028,1.599364057,0
EG_COAL,INDIA,ER,OD,2029,1.599364057,0
EG_COAL,INDIA,ER,OD,2030,1.599364057,0
EG_COAL,INDIA,ER,OD,2031,1.599364057,0
EG_COAL,INDIA,NR,PB,2021,0.037351907,0.033902181
EG_COAL,INDIA,NR,PB,2022,0,0
EG_COAL,INDIA,NR,PB,2023,0,0
EG_COAL,INDIA,NR,PB,2024,0,0
EG_COAL,INDIA,NR,PB,2025,0.487613882,0
EG_COAL,INDIA,NR,PB,2026,0.487613882,0
EG_COAL,INDIA,NR,PB,2027,0.487613882,0
EG_COAL,INDIA,NR,PB,2028,0.487613882,0
EG_COAL,INDIA,NR,PB,2029,0.487613882,0
EG_COAL,INDIA,NR,PB,2030,0.487613882,0
EG_COAL,INDIA,NR,PB,2031,0.487613882,0
EG_COAL,INDIA,NR,RJ,2021,0.115469588,0.095713721
EG_COAL,INDIA,NR,RJ,2022,0.796227831,0.66
EG_COAL,INDIA,NR,RJ,2023,0,0
EG_COAL,INDIA,NR,RJ,2024,0,0
EG_COAL,INDIA,NR,RJ,2025,0.92309732,0
EG_COAL,INDIA,NR,RJ,2026,0.92309732,0
EG_COAL,INDIA,NR,RJ,2027,0.92309732,0
EG_COAL,INDIA,NR,RJ,2028,0.92309732,0
EG_COAL,INDIA,NR,RJ,2029,0.92309732,0
EG_COAL,INDIA,NR,RJ,2030,0.92309732,0
EG_COAL,INDIA,NR,RJ,2031,0.92309732,0
EG_COAL,INDIA,SR,TN,2021,0.033385119,0.026178751
EG_COAL,INDIA,SR,TN,2022,2.327377752,1.825
EG_COAL,INDIA,SR,TN,2023,1.683363634,1.32
EG_COAL,INDIA,SR,TN,2024,1.861902201,1.46
EG_COAL,INDIA,SR,TN,2025,1.861902201,1.46
EG_COAL,INDIA,SR,TN,2026,1.292777814,0
EG_COAL,INDIA,SR,TN,2027,1.292777814,0
EG_COAL,INDIA,SR,TN,2028,1.292777814,0
EG_COAL,INDIA,SR,TN,2029,1.292777814,0
EG_COAL,INDIA,SR,TN,2030,1.292777814,0
EG_COAL,INDIA,SR,TN,2031,1.292777814,0
EG_COAL,INDIA,SR,TS,2021,0.965848389,0.822533342
EG_COAL,INDIA,SR,TS,2022,0.951131286,0.81
EG_COAL,INDIA,SR,TS,2023,2.19582161,1.87
EG_COAL,INDIA,SR,TS,2024,0,0
EG_COAL,INDIA,SR,TS,2025,4.696944621,4
EG_COAL,INDIA,SR,TS,2026,0.618735894,0
EG_COAL,INDIA,SR,TS,2027,0.618735894,0
EG_COAL,INDIA,SR,TS,2028,0.618735894,0
EG_COAL,INDIA,SR,TS,2029,0.618735894,0
EG_COAL,INDIA,SR,TS,2030,0.618735894,0
EG_COAL,INDIA,SR,TS,2031,0.618735894,0
EG_COAL,INDIA,NR,UP,2021,1.220078285,1.102674256
EG_COAL,INDIA,NR,UP,2022,2.190814732,1.98
EG_COAL,INDIA,NR,UP,2023,5.84217262,5.28
EG_COAL,INDIA,NR,UP,2024,0,0
EG_COAL,INDIA,NR,UP,2025,1.931992887,1.32
EG_COAL,INDIA,NR,UP,2026,1.931992887,0
EG_COAL,INDIA,NR,UP,2027,1.931992887,0
EG_COAL,INDIA,NR,UP,2028,1.931992887,0
EG_COAL,INDIA,NR,UP,2029,1.931992887,0
EG_COAL,INDIA,NR,UP,2030,1.931992887,0
EG_COAL,INDIA,NR,UP,2031,1.931992887,0
EG_COAL,INDIA,NR,UK,2021,0.000237152,0.000237152
EG_COAL,INDIA,NR,UK,2022,0,0
EG_COAL,INDIA,NR,UK,2023,0,0
EG_COAL,INDIA,NR,UK,2024,0,0
EG_COAL,INDIA,NR,UK,2025,0.011711205,0
EG_COAL,INDIA,NR,UK,2026,0.011711205,0
EG_COAL,INDIA,NR,UK,2027,0.011711205,0
EG_COAL,INDIA,NR,UK,2028,0.011711205,0
EG_COAL,INDIA,NR,UK,2029,0.011711205,0
EG_COAL,INDIA,NR,UK,2030,0.011711205,0
EG_COAL,INDIA,NR,UK,2031,0.011711205,0
EG_COAL,INDIA,ER,WB,2021,0.025015637,0.02365548
EG_COAL,INDIA,ER,WB,2022,0,0
EG_COAL,INDIA,ER,WB,2023,0,0
EG_COAL,INDIA,ER,WB,2024,0,0
EG_COAL,INDIA,ER,WB,2025,1.168171845,0
EG_COAL,INDIA,ER,WB,2026,1.168171845,0
EG_COAL,INDIA,ER,WB,2027,1.168171845,0
EG_COAL,INDIA,ER,WB,2028,1.168171845,0
EG_COAL,INDIA,ER,WB,2029,1.168171845,0
EG_COAL,INDIA,ER,WB,2030,1.168171845,0
EG_COAL,INDIA,ER,WB,2031,1.168171845,0
EG_COAL,INDIA,WR,UT,2021,0.030995157,0.030995157
EG_COAL,INDIA,WR,UT,2022,0,0
EG_COAL,INDIA,WR,UT,2023,0,0
EG_COAL,INDIA,WR,UT,2024,0,0
EG_COAL,INDIA,WR,UT,2025,0.003810232,0
EG_COAL,INDIA,WR,UT,2026,0.003810232,0
EG_COAL,INDIA,WR,UT,2027,0.003810232,0
EG_COAL,INDIA,WR,UT,2028,0.003810232,0
EG_COAL,INDIA,WR,UT,2029,0.003810232,0
EG_COAL,INDIA,WR,UT,2030,0.003810232,0
EG_COAL,INDIA,WR,UT,2031,0.003810232,0
EG_COAL,INDIA,NR,DL,2021,0,0
EG_COAL,INDIA,NR,DL,2022,0,0
EG_COAL,INDIA,NR,DL,2023,0,0
EG_COAL,INDIA,NR,DL,2024,0,0
EG_COAL,INDIA,NR,DL,2025,0,0
EG_COAL,INDIA,NR,DL,2026,0,0
EG_COAL,INDIA,NR,DL,2027,0,0
EG_COAL,INDIA,NR,DL,2028,0,0
EG_COAL,INDIA,NR,DL,2029,0,0
EG_COAL,INDIA,NR,DL,2030,0,0
EG_COAL,INDIA,NR,DL,2031,0,0
EG_SH,INDIA,SR,AP,2021,0,0
EG_SH,INDIA,SR,AP,2022,0.034654402,0
EG_SH,INDIA,SR,AP,2023,0.034654402,0
EG_SH,INDIA,SR,AP,2024,0.034654402,0
EG_SH,INDIA,SR,AP,2025,0.034654402,0
EG_SH,INDIA,SR,AP,2026,0.034654402,0
EG_SH,INDIA,SR,AP,2027,0.034654402,0
EG_SH,INDIA,SR,AP,2028,0.034654402,0
EG_SH,INDIA,SR,AP,2029,0.034654402,0
EG_SH,INDIA,SR,AP,2030,0.034654402,0
EG_SH,INDIA,SR,AP,2031,0.034654402,0
EG_SH,INDIA,NER,AS,2021,0,0
EG_SH,INDIA,NER,AS,2022,0.007291726,0
EG_SH,INDIA,NER,AS,2023,0.007291726,0
EG_SH,INDIA,NER,AS,2024,0.007291726,0
EG_SH,INDIA,NER,NE,2021,0,0
EG_SH,INDIA,NER,NE,2022,0.065060107,0
EG_SH,INDIA,NER,NE,2023,0.065060107,0
EG_SH,INDIA,NER,NE,2024,0.065060107,0
EG_SH,INDIA,NER,NE,2025,0.065060107,0
EG_SH,INDIA,NER,NE,2026,0.065060107,0
EG_SH,INDIA,NER,NE,2027,0.065060107,0
EG_SH,INDIA,NER,NE,2028,0.065060107,0
EG_SH,INDIA,NER,NE,2029,0.065060107,0
EG_SH,INDIA,NER,NE,2030,0.065060107,0
EG_SH,INDIA,NER,NE,2031,0.065060107,0
EG_SH,INDIA,NER,AS,2025,0.007291726,0
EG_SH,INDIA,NER,AS,2026,0.007291726,0
EG_SH,INDIA,NER,AS,2027,0.007291726,0
EG_SH,INDIA,NER,AS,2028,0.007291726,0
EG_SH,INDIA,NER,AS,2029,0.007291726,0
EG_SH,INDIA,NER,AS,2030,0.007291726,0
EG_SH,INDIA,NER,AS,2031,0.007291726,0
EG_SH,INDIA,ER,BR,2021,0,0
EG_SH,INDIA,ER,BR,2022,0.015113603,0
EG_SH,INDIA,ER,BR,2023,0.015113603,0
EG_SH,INDIA,ER,BR,2024,0.015113603,0
EG_SH,INDIA,ER,BR,2025,0.015113603,0
EG_SH,INDIA,ER,BR,2026,0.015113603,0
EG_SH,INDIA,ER,BR,2027,0.015113603,0
EG_SH,INDIA,ER,BR,2028,0.015113603,0
EG_SH,INDIA,ER,BR,2029,0.015113603,0
EG_SH,INDIA,ER,BR,2030,0.015113603,0
EG_SH,INDIA,ER,BR,2031,0.015113603,0
EG_SH,INDIA,WR,CG,2021,0,0
EG_SH,INDIA,WR,CG,2022,0.016246589,0
EG_SH,INDIA,WR,CG,2023,0.016246589,0
EG_SH,INDIA,WR,CG,2024,0.016246589,0
EG_SH,INDIA,WR,CG,2025,0.016246589,0
EG_SH,INDIA,WR,CG,2026,0.016246589,0
EG_SH,INDIA,WR,CG,2027,0.016246589,0
EG_SH,INDIA,WR,CG,2028,0.016246589,0
EG_SH,INDIA,WR,CG,2029,0.016246589,0
EG_SH,INDIA,WR,CG,2030,0.016246589,0
EG_SH,INDIA,WR,CG,2031,0.016246589,0
EG_SH,INDIA,WR,GA,2021,0,0
EG_SH,INDIA,WR,GA,2022,1.06885E-05,0
EG_SH,INDIA,WR,GA,2023,1.06885E-05,0
EG_SH,INDIA,WR,GA,2024,1.06885E-05,0
EG_SH,INDIA,WR,GA,2025,1.06885E-05,0
EG_SH,INDIA,WR,GA,2026,1.06885E-05,0
EG_SH,INDIA,WR,GA,2027,1.06885E-05,0
EG_SH,INDIA,WR,GA,2028,1.06885E-05,0
EG_SH,INDIA,WR,GA,2029,1.06885E-05,0
EG_SH,INDIA,WR,GA,2030,1.06885E-05,0
EG_SH,INDIA,WR,GA,2031,1.06885E-05,0
EG_SH,INDIA,WR,GJ,2021,0.00999,0.00999
EG_SH,INDIA,WR,GJ,2022,0.014739504,0
EG_SH,INDIA,WR,GJ,2023,0.014739504,0
EG_SH,INDIA,WR,GJ,2024,0.014739504,0
EG_SH,INDIA,WR,GJ,2025,0.014739504,0
EG_SH,INDIA,WR,GJ,2026,0.014739504,0
EG_SH,INDIA,WR,GJ,2027,0.014739504,0
EG_SH,INDIA,WR,GJ,2028,0.014739504,0
EG_SH,INDIA,WR,GJ,2029,0.014739504,0
EG_SH,INDIA,WR,GJ,2030,0.014739504,0
EG_SH,INDIA,WR,GJ,2031,0.014739504,0
EG_SH,INDIA,NR,HR,2021,0,0
EG_SH,INDIA,NR,HR,2022,0.015712162,0
EG_SH,INDIA,NR,HR,2023,0.015712162,0
EG_SH,INDIA,NR,HR,2024,0.015712162,0
EG_SH,INDIA,NR,HR,2025,0.015712162,0
EG_SH,INDIA,NR,HR,2026,0.015712162,0
EG_SH,INDIA,NR,HR,2027,0.015712162,0
EG_SH,INDIA,NR,HR,2028,0.015712162,0
EG_SH,INDIA,NR,HR,2029,0.015712162,0
EG_SH,INDIA,NR,HR,2030,0.015712162,0
EG_SH,INDIA,NR,HR,2031,0.015712162,0
EG_SH,INDIA,NR,HP,2021,0.0246,0.0246
EG_SH,INDIA,NR,HP,2022,0.19485432,0
EG_SH,INDIA,NR,HP,2023,0.19485432,0
EG_SH,INDIA,NR,HP,2024,0.19485432,0
EG_SH,INDIA,NR,HP,2025,0.19485432,0
EG_SH,INDIA,NR,HP,2026,0.19485432,0
EG_SH,INDIA,NR,HP,2027,0.19485432,0
EG_SH,INDIA,NR,HP,2028,0.19485432,0
EG_SH,INDIA,NR,HP,2029,0.19485432,0
EG_SH,INDIA,NR,HP,2030,0.19485432,0
EG_SH,INDIA,NR,HP,2031,0.19485432,0
EG_SH,INDIA,NR,JK,2021,0.0055,0.0055
EG_SH,INDIA,NR,JK,2022,0.038581373,0
EG_SH,INDIA,NR,JK,2023,0.038581373,0
EG_SH,INDIA,NR,JK,2024,0.038581373,0
EG_SH,INDIA,NR,JK,2025,0.038581373,0
EG_SH,INDIA,NR,JK,2026,0.038581373,0
EG_SH,INDIA,NR,JK,2027,0.038581373,0
EG_SH,INDIA,NR,JK,2028,0.038581373,0
EG_SH,INDIA,NR,JK,2029,0.038581373,0
EG_SH,INDIA,NR,JK,2030,0.038581373,0
EG_SH,INDIA,NR,JK,2031,0.038581373,0
EG_SH,INDIA,ER,JH,2021,0,0
EG_SH,INDIA,ER,JH,2022,0.000865772,0
EG_SH,INDIA,ER,JH,2023,0.000865772,0
EG_SH,INDIA,ER,JH,2024,0.000865772,0
EG_SH,INDIA,ER,JH,2025,0.000865772,0
EG_SH,INDIA,ER,JH,2026,0.000865772,0
EG_SH,INDIA,ER,JH,2027,0.000865772,0
EG_SH,INDIA,ER,JH,2028,0.000865772,0
EG_SH,INDIA,ER,JH,2029,0.000865772,0
EG_SH,INDIA,ER,JH,2030,0.000865772,0
EG_SH,INDIA,ER,JH,2031,0.000865772,0
EG_SH,INDIA,SR,KA,2021,0,0
EG_SH,INDIA,SR,KA,2022,0.273782815,0
EG_SH,INDIA,SR,KA,2023,0.273782815,0
EG_SH,INDIA,SR,KA,2024,0.273782815,0
EG_SH,INDIA,SR,KA,2025,0.273782815,0
EG_SH,INDIA,SR,KA,2026,0.273782815,0
EG_SH,INDIA,SR,KA,2027,0.273782815,0
EG_SH,INDIA,SR,KA,2028,0.273782815,0
EG_SH,INDIA,SR,KA,2029,0.273782815,0
EG_SH,INDIA,SR,KA,2030,0.273782815,0
EG_SH,INDIA,SR,KA,2031,0.273782815,0
EG_SH,INDIA,SR,KL,2021,0.008,0.008
EG_SH,INDIA,SR,KL,2022,0.047461417,0
EG_SH,INDIA,SR,KL,2023,0.047461417,0
EG_SH,INDIA,SR,KL,2024,0.047461417,0
EG_SH,INDIA,SR,KL,2025,0.047461417,0
EG_SH,INDIA,SR,KL,2026,0.047461417,0
EG_SH,INDIA,SR,KL,2027,0.047461417,0
EG_SH,INDIA,SR,KL,2028,0.047461417,0
EG_SH,INDIA,SR,KL,2029,0.047461417,0
EG_SH,INDIA,SR,KL,2030,0.047461417,0
EG_SH,INDIA,SR,KL,2031,0.047461417,0
EG_SH,INDIA,WR,MP,2021,0.0038,0.0038
EG_SH,INDIA,WR,MP,2022,0.020502768,0
EG_SH,INDIA,WR,MP,2023,0.020502768,0
EG_SH,INDIA,WR,MP,2024,0.020502768,0
EG_SH,INDIA,WR,MP,2025,0.020502768,0
EG_SH,INDIA,WR,MP,2026,0.020502768,0
EG_SH,INDIA,WR,MP,2027,0.020502768,0
EG_SH,INDIA,WR,MP,2028,0.020502768,0
EG_SH,INDIA,WR,MP,2029,0.020502768,0
EG_SH,INDIA,WR,MP,2030,0.020502768,0
EG_SH,INDIA,WR,MP,2031,0.020502768,0
EG_SH,INDIA,WR,MH,2021,5E-06,5E-06
EG_SH,INDIA,WR,MH,2022,0.081142092,0
EG_SH,INDIA,WR,MH,2023,0.081142092,0
EG_SH,INDIA,WR,MH,2024,0.081142092,0
EG_SH,INDIA,WR,MH,2025,0.081142092,0
EG_SH,INDIA,WR,MH,2026,0.081142092,0
EG_SH,INDIA,WR,MH,2027,0.081142092,0
EG_SH,INDIA,WR,MH,2028,0.081142092,0
EG_SH,INDIA,WR,MH,2029,0.081142092,0
EG_SH,INDIA,WR,MH,2030,0.081142092,0
EG_SH,INDIA,WR,MH,2031,0.081142092,0
EG_SH,INDIA,ER,OD,2021,0.024005,0.024005
EG_SH,INDIA,ER,OD,2022,0.013814945,0
EG_SH,INDIA,ER,OD,2023,0.013814945,0
EG_SH,INDIA,ER,OD,2024,0.013814945,0
EG_SH,INDIA,ER,OD,2025,0.013814945,0
EG_SH,INDIA,ER,OD,2026,0.013814945,0
EG_SH,INDIA,ER,OD,2027,0.013814945,0
EG_SH,INDIA,ER,OD,2028,0.013814945,0
EG_SH,INDIA,ER,OD,2029,0.013814945,0
EG_SH,INDIA,ER,OD,2030,0.013814945,0
EG_SH,INDIA,ER,OD,2031,0.013814945,0
EG_SH,INDIA,NR,PB,2021,0,0
EG_SH,INDIA,NR,PB,2022,0.037099941,0
EG_SH,INDIA,NR,PB,2023,0.037099941,0
EG_SH,INDIA,NR,PB,2024,0.037099941,0
EG_SH,INDIA,NR,PB,2025,0.037099941,0
EG_SH,INDIA,NR,PB,2026,0.037099941,0
EG_SH,INDIA,NR,PB,2027,0.037099941,0
EG_SH,INDIA,NR,PB,2028,0.037099941,0
EG_SH,INDIA,NR,PB,2029,0.037099941,0
EG_SH,INDIA,NR,PB,2030,0.037099941,0
EG_SH,INDIA,NR,PB,2031,0.037099941,0
EG_SH,INDIA,NR,RJ,2021,0,0
EG_SH,INDIA,NR,RJ,2022,0.005098436,0
EG_SH,INDIA,NR,RJ,2023,0.005098436,0
EG_SH,INDIA,NR,RJ,2024,0.005098436,0
EG_SH,INDIA,NR,RJ,2025,0.005098436,0
EG_SH,INDIA,NR,RJ,2026,0.005098436,0
EG_SH,INDIA,NR,RJ,2027,0.005098436,0
EG_SH,INDIA,NR,RJ,2028,0.005098436,0
EG_SH,INDIA,NR,RJ,2029,0.005098436,0
EG_SH,INDIA,NR,RJ,2030,0.005098436,0
EG_SH,INDIA,NR,RJ,2031,0.005098436,0
EG_SH,INDIA,SR,TN,2021,0,0
EG_SH,INDIA,SR,TN,2022,0.02630451,0
EG_SH,INDIA,SR,TN,2023,0.02630451,0
EG_SH,INDIA,SR,TN,2024,0.02630451,0
EG_SH,INDIA,SR,TN,2025,0.02630451,0
EG_SH,INDIA,SR,TN,2026,0.02630451,0
EG_SH,INDIA,SR,TN,2027,0.02630451,0
EG_SH,INDIA,SR,TN,2028,0.02630451,0
EG_SH,INDIA,SR,TN,2029,0.02630451,0
EG_SH,INDIA,SR,TN,2030,0.02630451,0
EG_SH,INDIA,SR,TN,2031,0.02630451,0
EG_SH,INDIA,SR,TS,2021,0,0
EG_SH,INDIA,SR,TS,2022,0.019425362,0
EG_SH,INDIA,SR,TS,2023,0.019425362,0
EG_SH,INDIA,SR,TS,2024,0.019425362,0
EG_SH,INDIA,SR,TS,2025,0.019425362,0
EG_SH,INDIA,SR,TS,2026,0.019425362,0
EG_SH,INDIA,SR,TS,2027,0.019425362,0
EG_SH,INDIA,SR,TS,2028,0.019425362,0
EG_SH,INDIA,SR,TS,2029,0.019425362,0
EG_SH,INDIA,SR,TS,2030,0.019425362,0
EG_SH,INDIA,SR,TS,2031,0.019425362,0
EG_SH,INDIA,NR,UP,2021,0.024,0.024
EG_SH,INDIA,NR,UP,2022,0.00536565,0
EG_SH,INDIA,NR,UP,2023,0.00536565,0
EG_SH,INDIA,NR,UP,2024,0.00536565,0
EG_SH,INDIA,NR,UP,2025,0.00536565,0
EG_SH,INDIA,NR,UP,2026,0.00536565,0
EG_SH,INDIA,NR,UP,2027,0.00536565,0
EG_SH,INDIA,NR,UP,2028,0.00536565,0
EG_SH,INDIA,NR,UP,2029,0.00536565,0
EG_SH,INDIA,NR,UP,2030,0.00536565,0
EG_SH,INDIA,NR,UP,2031,0.00536565,0
EG_SH,INDIA,NR,UK,2021,0,0
EG_SH,INDIA,NR,UK,2022,0.045815381,0
EG_SH,INDIA,NR,UK,2023,0.045815381,0
EG_SH,INDIA,NR,UK,2024,0.045815381,0
EG_SH,INDIA,NR,UK,2025,0.045815381,0
EG_SH,INDIA,NR,UK,2026,0.045815381,0
EG_SH,INDIA,NR,UK,2027,0.045815381,0
EG_SH,INDIA,NR,UK,2028,0.045815381,0
EG_SH,INDIA,NR,UK,2029,0.045815381,0
EG_SH,INDIA,NR,UK,2030,0.045815381,0
EG_SH,INDIA,NR,UK,2031,0.045815381,0
EG_SH,INDIA,ER,WB,2021,0,0
EG_SH,INDIA,ER,WB,2022,0.021056434,0
EG_SH,INDIA,ER,WB,2023,0.021056434,0
EG_SH,INDIA,ER,WB,2024,0.021056434,0
EG_SH,INDIA,ER,WB,2025,0.021056434,0
EG_SH,INDIA,ER,WB,2026,0.021056434,0
EG_SH,INDIA,ER,WB,2027,0.021056434,0
EG_SH,INDIA,ER,WB,2028,0.021056434,0
EG_SH,INDIA,ER,WB,2029,0.021056434,0
EG_SH,INDIA,ER,WB,2030,0.021056434,0
EG_SH,INDIA,ER,WB,2031,0.021056434,0
EG_SH,INDIA,WR,UT,2021,0,0
EG_SH,INDIA,WR,UT,2022,0,0
EG_SH,INDIA,WR,UT,2023,0,0
EG_SH,INDIA,WR,UT,2024,0,0
EG_SH,INDIA,WR,UT,2025,0,0
EG_SH,INDIA,WR,UT,2026,0,0
EG_SH,INDIA,WR,UT,2027,0,0
EG_SH,INDIA,WR,UT,2028,0,0
EG_SH,INDIA,WR,UT,2029,0,0
EG_SH,INDIA,WR,UT,2030,0,0
EG_SH,INDIA,WR,UT,2031,0,0
EG_SH,INDIA,NR,DL,2021,0,0
EG_SH,INDIA,NR,DL,2022,0,0
EG_SH,INDIA,NR,DL,2023,0,0
EG_SH,INDIA,NR,DL,2024,0,0
EG_SH,INDIA,NR,DL,2025,0,0
EG_SH,INDIA,NR,DL,2026,0,0
EG_SH,INDIA,NR,DL,2027,0,0
EG_SH,INDIA,NR,DL,2028,0,0
EG_SH,INDIA,NR,DL,2029,0,0
EG_SH,INDIA,NR,DL,2030,0,0
EG_SH,INDIA,NR,DL,2031,0,0
EG_BIOMASS,INDIA,SR,AP,2021,0.00649,0.00649
EG_BIOMASS,INDIA,SR,AP,2022,0.057395762,0
EG_BIOMASS,INDIA,SR,AP,2023,0.057395762,0
EG_BIOMASS,INDIA,SR,AP,2024,0.057395762,0
EG_BIOMASS,INDIA,SR,AP,2025,0.057395762,0
EG_BIOMASS,INDIA,SR,AP,2026,0.057395762,0
EG_BIOMASS,INDIA,SR,AP,2027,0.057395762,0
EG_BIOMASS,INDIA,SR,AP,2028,0.057395762,0
EG_BIOMASS,INDIA,SR,AP,2029,0.057395762,0
EG_BIOMASS,INDIA,SR,AP,2030,0.057395762,0
EG_BIOMASS,INDIA,SR,AP,2031,0.057395762,0
EG_BIOMASS,INDIA,NER,AS,2021,0.002,0.002
EG_BIOMASS,INDIA,NER,AS,2022,0,0
EG_BIOMASS,INDIA,NER,AS,2023,0,0
EG_BIOMASS,INDIA,NER,AS,2024,0,0
EG_BIOMASS,INDIA,NER,NE,2021,0,0
EG_BIOMASS,INDIA,NER,NE,2022,0.002544858,0
EG_BIOMASS,INDIA,NER,NE,2023,0.002544858,0
EG_BIOMASS,INDIA,NER,NE,2024,0.002544858,0
EG_BIOMASS,INDIA,NER,NE,2025,0.002544858,0
EG_BIOMASS,INDIA,NER,NE,2026,0.002544858,0
EG_BIOMASS,INDIA,NER,NE,2027,0.002544858,0
EG_BIOMASS,INDIA,NER,NE,2028,0.002544858,0
EG_BIOMASS,INDIA,NER,NE,2029,0.002544858,0
EG_BIOMASS,INDIA,NER,NE,2030,0.002544858,0
EG_BIOMASS,INDIA,NER,NE,2031,0.002544858,0
EG_BIOMASS,INDIA,NER,AS,2025,0,0
EG_BIOMASS,INDIA,NER,AS,2026,0,0
EG_BIOMASS,INDIA,NER,AS,2027,0,0
EG_BIOMASS,INDIA,NER,AS,2028,0,0
EG_BIOMASS,INDIA,NER,AS,2029,0,0
EG_BIOMASS,INDIA,NER,AS,2030,0,0
EG_BIOMASS,INDIA,NER,AS,2031,0,0
EG_BIOMASS,INDIA,ER,BR,2021,0.0035,0.0035
EG_BIOMASS,INDIA,ER,BR,2022,0.011931326,0
EG_BIOMASS,INDIA,ER,BR,2023,0.011931326,0
EG_BIOMASS,INDIA,ER,BR,2024,0.011931326,0
EG_BIOMASS,INDIA,ER,BR,2025,0.011931326,0
EG_BIOMASS,INDIA,ER,BR,2026,0.011931326,0
EG_BIOMASS,INDIA,ER,BR,2027,0.011931326,0
EG_BIOMASS,INDIA,ER,BR,2028,0.011931326,0
EG_BIOMASS,INDIA,ER,BR,2029,0.011931326,0
EG_BIOMASS,INDIA,ER,BR,2030,0.011931326,0
EG_BIOMASS,INDIA,ER,BR,2031,0.011931326,0
EG_BIOMASS,INDIA,WR,CG,2021,0.0004,0.0004
EG_BIOMASS,INDIA,WR,CG,2022,0.022774633,0
EG_BIOMASS,INDIA,WR,CG,2023,0.022774633,0
EG_BIOMASS,INDIA,WR,CG,2024,0.022774633,0
EG_BIOMASS,INDIA,WR,CG,2025,0.022774633,0
EG_BIOMASS,INDIA,WR,CG,2026,0.022774633,0
EG_BIOMASS,INDIA,WR,CG,2027,0.022774633,0
EG_BIOMASS,INDIA,WR,CG,2028,0.022774633,0
EG_BIOMASS,INDIA,WR,CG,2029,0.022774633,0
EG_BIOMASS,INDIA,WR,CG,2030,0.022774633,0
EG_BIOMASS,INDIA,WR,CG,2031,0.022774633,0
EG_BIOMASS,INDIA,WR,GA,2021,0,0
EG_BIOMASS,INDIA,WR,GA,2022,6.26994E-05,0
EG_BIOMASS,INDIA,WR,GA,2023,6.26994E-05,0
EG_BIOMASS,INDIA,WR,GA,2024,6.26994E-05,0
EG_BIOMASS,INDIA,WR,GA,2025,6.26994E-05,0
EG_BIOMASS,INDIA,WR,GA,2026,6.26994E-05,0
EG_BIOMASS,INDIA,WR,GA,2027,6.26994E-05,0
EG_BIOMASS,INDIA,WR,GA,2028,6.26994E-05,0
EG_BIOMASS,INDIA,WR,GA,2029,6.26994E-05,0
EG_BIOMASS,INDIA,WR,GA,2030,6.26994E-05,0
EG_BIOMASS,INDIA,WR,GA,2031,6.26994E-05,0
EG_BIOMASS,INDIA,WR,GJ,2021,0,0
EG_BIOMASS,INDIA,WR,GJ,2022,0.008233906,0
EG_BIOMASS,INDIA,WR,GJ,2023,0.008233906,0
EG_BIOMASS,INDIA,WR,GJ,2024,0.008233906,0
EG_BIOMASS,INDIA,WR,GJ,2025,0.008233906,0
EG_BIOMASS,INDIA,WR,GJ,2026,0.008233906,0
EG_BIOMASS,INDIA,WR,GJ,2027,0.008233906,0
EG_BIOMASS,INDIA,WR,GJ,2028,0.008233906,0
EG_BIOMASS,INDIA,WR,GJ,2029,0.008233906,0
EG_BIOMASS,INDIA,WR,GJ,2030,0.008233906,0
EG_BIOMASS,INDIA,WR,GJ,2031,0.008233906,0
EG_BIOMASS,INDIA,NR,HR,2021,0.0062,0.0062
EG_BIOMASS,INDIA,NR,HR,2022,0.026732071,0
EG_BIOMASS,INDIA,NR,HR,2023,0.026732071,0
EG_BIOMASS,INDIA,NR,HR,2024,0.026732071,0
EG_BIOMASS,INDIA,NR,HR,2025,0.026732071,0
EG_BIOMASS,INDIA,NR,HR,2026,0.026732071,0
EG_BIOMASS,INDIA,NR,HR,2027,0.026732071,0
EG_BIOMASS,INDIA,NR,HR,2028,0.026732071,0
EG_BIOMASS,INDIA,NR,HR,2029,0.026732071,0
EG_BIOMASS,INDIA,NR,HR,2030,0.026732071,0
EG_BIOMASS,INDIA,NR,HR,2031,0.026732071,0
EG_BIOMASS,INDIA,NR,HP,2021,0.002,0.002
EG_BIOMASS,INDIA,NR,HP,2022,0.001327752,0
EG_BIOMASS,INDIA,NR,HP,2023,0.001327752,0
EG_BIOMASS,INDIA,NR,HP,2024,0.001327752,0
EG_BIOMASS,INDIA,NR,HP,2025,0.001327752,0
EG_BIOMASS,INDIA,NR,HP,2026,0.001327752,0
EG_BIOMASS,INDIA,NR,HP,2027,0.001327752,0
EG_BIOMASS,INDIA,NR,HP,2028,0.001327752,0
EG_BIOMASS,INDIA,NR,HP,2029,0.001327752,0
EG_BIOMASS,INDIA,NR,HP,2030,0.001327752,0
EG_BIOMASS,INDIA,NR,HP,2031,0.001327752,0
EG_BIOMASS,INDIA,NR,JK,2021,0,0
EG_BIOMASS,INDIA,NR,JK,2022,0,0
EG_BIOMASS,INDIA,NR,JK,2023,0,0
EG_BIOMASS,INDIA,NR,JK,2024,0,0
EG_BIOMASS,INDIA,NR,JK,2025,0,0
EG_BIOMASS,INDIA,NR,JK,2026,0,0
EG_BIOMASS,INDIA,NR,JK,2027,0,0
EG_BIOMASS,INDIA,NR,JK,2028,0,0
EG_BIOMASS,INDIA,NR,JK,2029,0,0
EG_BIOMASS,INDIA,NR,JK,2030,0,0
EG_BIOMASS,INDIA,NR,JK,2031,0,0
EG_BIOMASS,INDIA,ER,JH,2021,0,0
EG_BIOMASS,INDIA,ER,JH,2022,0.000792963,0
EG_BIOMASS,INDIA,ER,JH,2023,0.000792963,0
EG_BIOMASS,INDIA,ER,JH,2024,0.000792963,0
EG_BIOMASS,INDIA,ER,JH,2025,0.000792963,0
EG_BIOMASS,INDIA,ER,JH,2026,0.000792963,0
EG_BIOMASS,INDIA,ER,JH,2027,0.000792963,0
EG_BIOMASS,INDIA,ER,JH,2028,0.000792963,0
EG_BIOMASS,INDIA,ER,JH,2029,0.000792963,0
EG_BIOMASS,INDIA,ER,JH,2030,0.000792963,0
EG_BIOMASS,INDIA,ER,JH,2031,0.000792963,0
EG_BIOMASS,INDIA,SR,KA,2021,0.0055,0.0055
EG_BIOMASS,INDIA,SR,KA,2022,0.175097276,0
EG_BIOMASS,INDIA,SR,KA,2023,0.175097276,0
EG_BIOMASS,INDIA,SR,KA,2024,0.175097276,0
EG_BIOMASS,INDIA,SR,KA,2025,0.175097276,0
EG_BIOMASS,INDIA,SR,KA,2026,0.175097276,0
EG_BIOMASS,INDIA,SR,KA,2027,0.175097276,0
EG_BIOMASS,INDIA,SR,KA,2028,0.175097276,0
EG_BIOMASS,INDIA,SR,KA,2029,0.175097276,0
EG_BIOMASS,INDIA,SR,KA,2030,0.175097276,0
EG_BIOMASS,INDIA,SR,KA,2031,0.175097276,0
EG_BIOMASS,INDIA,SR,KL,2021,0.00155,0.00155
EG_BIOMASS,INDIA,SR,KL,2022,0.000132775,0
EG_BIOMASS,INDIA,SR,KL,2023,0.000132775,0
EG_BIOMASS,INDIA,SR,KL,2024,0.000132775,0
EG_BIOMASS,INDIA,SR,KL,2025,0.000132775,0
EG_BIOMASS,INDIA,SR,KL,2026,0.000132775,0
EG_BIOMASS,INDIA,SR,KL,2027,0.000132775,0
EG_BIOMASS,INDIA,SR,KL,2028,0.000132775,0
EG_BIOMASS,INDIA,SR,KL,2029,0.000132775,0
EG_BIOMASS,INDIA,SR,KL,2030,0.000132775,0
EG_BIOMASS,INDIA,SR,KL,2031,0.000132775,0
EG_BIOMASS,INDIA,WR,MP,2021,0.002,0.002
EG_BIOMASS,INDIA,WR,MP,2022,0.013692441,0
EG_BIOMASS,INDIA,WR,MP,2023,0.013692441,0
EG_BIOMASS,INDIA,WR,MP,2024,0.013692441,0
EG_BIOMASS,INDIA,WR,MP,2025,0.013692441,0
EG_BIOMASS,INDIA,WR,MP,2026,0.013692441,0
EG_BIOMASS,INDIA,WR,MP,2027,0.013692441,0
EG_BIOMASS,INDIA,WR,MP,2028,0.013692441,0
EG_BIOMASS,INDIA,WR,MP,2029,0.013692441,0
EG_BIOMASS,INDIA,WR,MP,2030,0.013692441,0
EG_BIOMASS,INDIA,WR,MP,2031,0.013692441,0
EG_BIOMASS,INDIA,WR,MH,2021,0.0683,0.0683
EG_BIOMASS,INDIA,WR,MH,2022,0.235830859,0
EG_BIOMASS,INDIA,WR,MH,2023,0.235830859,0
EG_BIOMASS,INDIA,WR,MH,2024,0.235830859,0
EG_BIOMASS,INDIA,WR,MH,2025,0.235830859,0
EG_BIOMASS,INDIA,WR,MH,2026,0.235830859,0
EG_BIOMASS,INDIA,WR,MH,2027,0.235830859,0
EG_BIOMASS,INDIA,WR,MH,2028,0.235830859,0
EG_BIOMASS,INDIA,WR,MH,2029,0.235830859,0
EG_BIOMASS,INDIA,WR,MH,2030,0.235830859,0
EG_BIOMASS,INDIA,WR,MH,2031,0.235830859,0
EG_BIOMASS,INDIA,ER,OD,2021,0,0
EG_BIOMASS,INDIA,ER,OD,2022,0.006273628,0
EG_BIOMASS,INDIA,ER,OD,2023,0.006273628,0
EG_BIOMASS,INDIA,ER,OD,2024,0.006273628,0
EG_BIOMASS,INDIA,ER,OD,2025,0.006273628,0
EG_BIOMASS,INDIA,ER,OD,2026,0.006273628,0
EG_BIOMASS,INDIA,ER,OD,2027,0.006273628,0
EG_BIOMASS,INDIA,ER,OD,2028,0.006273628,0
EG_BIOMASS,INDIA,ER,OD,2029,0.006273628,0
EG_BIOMASS,INDIA,ER,OD,2030,0.006273628,0
EG_BIOMASS,INDIA,ER,OD,2031,0.006273628,0
EG_BIOMASS,INDIA,NR,PB,2021,0.15635,0.15635
EG_BIOMASS,INDIA,NR,PB,2022,0.042571044,0
EG_BIOMASS,INDIA,NR,PB,2023,0.042571044,0
EG_BIOMASS,INDIA,NR,PB,2024,0.042571044,0
EG_BIOMASS,INDIA,NR,PB,2025,0.042571044,0
EG_BIOMASS,INDIA,NR,PB,2026,0.042571044,0
EG_BIOMASS,INDIA,NR,PB,2027,0.042571044,0
EG_BIOMASS,INDIA,NR,PB,2028,0.042571044,0
EG_BIOMASS,INDIA,NR,PB,2029,0.042571044,0
EG_BIOMASS,INDIA,NR,PB,2030,0.042571044,0
EG_BIOMASS,INDIA,NR,PB,2031,0.042571044,0
EG_BIOMASS,INDIA,NR,RJ,2021,0,0
EG_BIOMASS,INDIA,NR,RJ,2022,0.011368875,0
EG_BIOMASS,INDIA,NR,RJ,2023,0.011368875,0
EG_BIOMASS,INDIA,NR,RJ,2024,0.011368875,0
EG_BIOMASS,INDIA,NR,RJ,2025,0.011368875,0
EG_BIOMASS,INDIA,NR,RJ,2026,0.011368875,0
EG_BIOMASS,INDIA,NR,RJ,2027,0.011368875,0
EG_BIOMASS,INDIA,NR,RJ,2028,0.011368875,0
EG_BIOMASS,INDIA,NR,RJ,2029,0.011368875,0
EG_BIOMASS,INDIA,NR,RJ,2030,0.011368875,0
EG_BIOMASS,INDIA,NR,RJ,2031,0.011368875,0
EG_BIOMASS,INDIA,SR,TN,2021,0.0151,0.0151
EG_BIOMASS,INDIA,SR,TN,2022,0.095791764,0
EG_BIOMASS,INDIA,SR,TN,2023,0.095791764,0
EG_BIOMASS,INDIA,SR,TN,2024,0.095791764,0
EG_BIOMASS,INDIA,SR,TN,2025,0.095791764,0
EG_BIOMASS,INDIA,SR,TN,2026,0.095791764,0
EG_BIOMASS,INDIA,SR,TN,2027,0.095791764,0
EG_BIOMASS,INDIA,SR,TN,2028,0.095791764,0
EG_BIOMASS,INDIA,SR,TN,2029,0.095791764,0
EG_BIOMASS,INDIA,SR,TN,2030,0.095791764,0
EG_BIOMASS,INDIA,SR,TN,2031,0.095791764,0
EG_BIOMASS,INDIA,SR,TS,2021,0.0208,0.0208
EG_BIOMASS,INDIA,SR,TS,2022,0.019556678,0
EG_BIOMASS,INDIA,SR,TS,2023,0.019556678,0
EG_BIOMASS,INDIA,SR,TS,2024,0.019556678,0
EG_BIOMASS,INDIA,SR,TS,2025,0.019556678,0
EG_BIOMASS,INDIA,SR,TS,2026,0.019556678,0
EG_BIOMASS,INDIA,SR,TS,2027,0.019556678,0
EG_BIOMASS,INDIA,SR,TS,2028,0.019556678,0
EG_BIOMASS,INDIA,SR,TS,2029,0.019556678,0
EG_BIOMASS,INDIA,SR,TS,2030,0.019556678,0
EG_BIOMASS,INDIA,SR,TS,2031,0.019556678,0
EG_BIOMASS,INDIA,NR,UP,2021,0.00175,0.00175
EG_BIOMASS,INDIA,NR,UP,2022,0.209629889,0
EG_BIOMASS,INDIA,NR,UP,2023,0.209629889,0
EG_BIOMASS,INDIA,NR,UP,2024,0.209629889,0
EG_BIOMASS,INDIA,NR,UP,2025,0.209629889,0
EG_BIOMASS,INDIA,NR,UP,2026,0.209629889,0
EG_BIOMASS,INDIA,NR,UP,2027,0.209629889,0
EG_BIOMASS,INDIA,NR,UP,2028,0.209629889,0
EG_BIOMASS,INDIA,NR,UP,2029,0.209629889,0
EG_BIOMASS,INDIA,NR,UP,2030,0.209629889,0
EG_BIOMASS,INDIA,NR,UP,2031,0.209629889,0
EG_BIOMASS,INDIA,NR,UK,2021,0,0
EG_BIOMASS,INDIA,NR,UK,2022,0.017334538,0
EG_BIOMASS,INDIA,NR,UK,2023,0.017334538,0
EG_BIOMASS,INDIA,NR,UK,2024,0.017334538,0
EG_BIOMASS,INDIA,NR,UK,2025,0.017334538,0
EG_BIOMASS,INDIA,NR,UK,2026,0.017334538,0
EG_BIOMASS,INDIA,NR,UK,2027,0.017334538,0
EG_BIOMASS,INDIA,NR,UK,2028,0.017334538,0
EG_BIOMASS,INDIA,NR,UK,2029,0.017334538,0
EG_BIOMASS,INDIA,NR,UK,2030,0.017334538,0
EG_BIOMASS,INDIA,NR,UK,2031,0.017334538,0
EG_BIOMASS,INDIA,ER,WB,2021,0,0
EG_BIOMASS,INDIA,ER,WB,2022,0.031334944,0
EG_BIOMASS,INDIA,ER,WB,2023,0.031334944,0
EG_BIOMASS,INDIA,ER,WB,2024,0.031334944,0
EG_BIOMASS,INDIA,ER,WB,2025,0.031334944,0
EG_BIOMASS,INDIA,ER,WB,2026,0.031334944,0
EG_BIOMASS,INDIA,ER,WB,2027,0.031334944,0
EG_BIOMASS,INDIA,ER,WB,2028,0.031334944,0
EG_BIOMASS,INDIA,ER,WB,2029,0.031334944,0
EG_BIOMASS,INDIA,ER,WB,2030,0.031334944,0
EG_BIOMASS,INDIA,ER,WB,2031,0.031334944,0
EG_BIOMASS,INDIA,WR,UT,2021,0,0
EG_BIOMASS,INDIA,WR,UT,2022,0,0
EG_BIOMASS,INDIA,WR,UT,2023,0,0
EG_BIOMASS,INDIA,WR,UT,2024,0,0
EG_BIOMASS,INDIA,WR,UT,2025,0,0
EG_BIOMASS,INDIA,WR,UT,2026,0,0
EG_BIOMASS,INDIA,WR,UT,2027,0,0
EG_BIOMASS,INDIA,WR,UT,2028,0,0
EG_BIOMASS,INDIA,WR,UT,2029,0,0
EG_BIOMASS,INDIA,WR,UT,2030,0,0
EG_BIOMASS,INDIA,WR,UT,2031,0,0
EG_BIOMASS,INDIA,NR,DL,2021,0,0
EG_BIOMASS,INDIA,NR,DL,2022,0.009589319,0
EG_BIOMASS,INDIA,NR,DL,2023,0.009589319,0
EG_BIOMASS,INDIA,NR,DL,2024,0.009589319,0
EG_BIOMASS,INDIA,NR,DL,2025,0.009589319,0
EG_BIOMASS,INDIA,NR,DL,2026,0.009589319,0
EG_BIOMASS,INDIA,NR,DL,2027,0.009589319,0
EG_BIOMASS,INDIA,NR,DL,2028,0.009589319,0
EG_BIOMASS,INDIA,NR,DL,2029,0.009589319,0
EG_BIOMASS,INDIA,NR,DL,2030,0.009589319,0
EG_BIOMASS,INDIA,NR,DL,2031,0.009589319,0
RF_LPG,INDIA,,,2021,2.8963,0
RF_LPG,INDIA,,,2022,3.18593,0.110170255
RF_LPG,INDIA,,,2023,3.504523,0.876673947
RF_LPG,INDIA,,,2024,3.8549753,0.257845278
RF_LPG,INDIA,,,2025,4.24047283,1.125143033
RF_LPG,INDIA,,,2026,4.664520113,0.234404799
RF_LPG,INDIA,,,2027,5.130972124,0
RF_LPG,INDIA,,,2028,5.644069337,0.468809597
RF_LPG,INDIA,,,2029,6.20847627,0
RF_LPG,INDIA,,,2030,6.829323897,0
RF_LPG,INDIA,,,2031,7.512256287,0.33754291
RF_MS,INDIA,,,2021,3.29725,0
RF_MS,INDIA,,,2022,3.626975,0.344520044
RF_MS,INDIA,,,2023,3.9896725,2.741499926
RF_MS,INDIA,,,2024,4.38863975,0.806323508
RF_MS,INDIA,,,2025,4.827503725,3.518502579
RF_MS,INDIA,,,2026,5.310254098,0.733021371
RF_MS,INDIA,,,2027,5.841279507,0
RF_MS,INDIA,,,2028,6.425407458,1.466042741
RF_MS,INDIA,,,2029,7.067948204,0
RF_MS,INDIA,,,2030,7.774743024,0
RF_MS,INDIA,,,2031,8.552217327,1.055550774
RF_ATF,INDIA,,,2021,0.87989,0
RF_ATF,INDIA,,,2022,0.967879,0.128568603
RF_ATF,INDIA,,,2023,1.0646669,1.023077823
RF_ATF,INDIA,,,2024,1.17113359,0.300905242
RF_ATF,INDIA,,,2025,1.313041056,1.313041056
RF_ATF,INDIA,,,2026,1.444345162,0.27355022
RF_ATF,INDIA,,,2027,1.588779678,0
RF_ATF,INDIA,,,2028,1.747657646,0.54710044
RF_ATF,INDIA,,,2029,1.92242341,0
RF_ATF,INDIA,,,2030,2.114665751,0
RF_ATF,INDIA,,,2031,2.326132327,0.393912317
RF_HSD,INDIA,,,2021,9.08622,0
RF_HSD,INDIA,,,2022,9.994842,0.99571469
RF_HSD,INDIA,,,2023,10.9943262,7.923346685
RF_HSD,INDIA,,,2024,12.09375882,2.330396084
RF_HSD,INDIA,,,2025,13.3031347,10.16900109
RF_HSD,INDIA,,,2026,14.63344817,2.118541894
RF_HSD,INDIA,,,2027,16.09679299,0
RF_HSD,INDIA,,,2028,17.70647229,4.237083789
RF_HSD,INDIA,,,2029,19.47711952,0
RF_HSD,INDIA,,,2030,21.42483147,0
RF_HSD,INDIA,,,2031,23.56731462,3.050700328
RF_OTHERPP,INDIA,,,2021,3.41385,0
RF_OTHERPP,INDIA,,,2022,3.755235,0.298574818
RF_OTHERPP,INDIA,,,2023,4.1307585,2.375893236
RF_OTHERPP,INDIA,,,2024,4.54383435,0.698792128
RF_OTHERPP,INDIA,,,2025,4.998217785,3.049274742
RF_OTHERPP,INDIA,,,2026,5.498039564,0.635265571
RF_OTHERPP,INDIA,,,2027,6.04784352,0
RF_OTHERPP,INDIA,,,2028,6.652627872,1.270531143
RF_OTHERPP,INDIA,,,2029,7.317890659,0
RF_OTHERPP,INDIA,,,2030,8.049679725,0
RF_OTHERPP,INDIA,,,2031,8.854647697,0.914782423
