EnergyCarrier,Year,Season,DayType,DaySlice,ModelGeography,SubGeography1,ECTVarCost
COKING_COAL,2021,,,,INDIA,ER,0.0
COKING_COAL,2021,,,,INDIA,WR,0.0
COKING_COAL,2021,,,,INDIA,NR,0.0
COKING_COAL,2021,,,,INDIA,SR,0.0
COKING_COAL,2021,,,,INDIA,NER,0.0
COKING_COAL,2022,,,,INDIA,ER,0.0
COKING_COAL,2022,,,,INDIA,WR,0.0
COKING_COAL,2022,,,,INDIA,NR,0.0
COKING_COAL,2022,,,,INDIA,SR,0.0
COKING_COAL,2022,,,,INDIA,NER,0.0
COKING_COAL,2023,,,,INDIA,ER,0.0
COKING_COAL,2023,,,,INDIA,WR,0.0
COKING_COAL,2023,,,,INDIA,NR,0.0
COKING_COAL,2023,,,,INDIA,SR,0.0
COKING_COAL,2023,,,,INDIA,NER,0.0
COKING_COAL,2024,,,,INDIA,ER,0.0
COKING_COAL,2024,,,,INDIA,WR,0.0
COKING_COAL,2024,,,,INDIA,NR,0.0
COKING_COAL,2024,,,,INDIA,SR,0.0
COKING_COAL,2024,,,,INDIA,NER,0.0
COKING_COAL,2025,,,,INDIA,ER,0.0
COKING_COAL,2025,,,,INDIA,WR,0.0
COKING_COAL,2025,,,,INDIA,NR,0.0
COKING_COAL,2025,,,,INDIA,SR,0.0
COKING_COAL,2025,,,,INDIA,NER,0.0
COKING_COAL,2026,,,,INDIA,ER,0.0
COKING_COAL,2026,,,,INDIA,WR,0.0
COKING_COAL,2026,,,,INDIA,NR,0.0
COKING_COAL,2026,,,,INDIA,SR,0.0
COKING_COAL,2026,,,,INDIA,NER,0.0
COKING_COAL,2027,,,,INDIA,ER,0.0
COKING_COAL,2027,,,,INDIA,WR,0.0
COKING_COAL,2027,,,,INDIA,NR,0.0
COKING_COAL,2027,,,,INDIA,SR,0.0
COKING_COAL,2027,,,,INDIA,NER,0.0
COKING_COAL,2028,,,,INDIA,ER,0.0
COKING_COAL,2028,,,,INDIA,WR,0.0
COKING_COAL,2028,,,,INDIA,NR,0.0
COKING_COAL,2028,,,,INDIA,SR,0.0
COKING_COAL,2028,,,,INDIA,NER,0.0
COKING_COAL,2029,,,,INDIA,ER,0.0
COKING_COAL,2029,,,,INDIA,WR,0.0
COKING_COAL,2029,,,,INDIA,NR,0.0
COKING_COAL,2029,,,,INDIA,SR,0.0
COKING_COAL,2029,,,,INDIA,NER,0.0
COKING_COAL,2030,,,,INDIA,ER,0.0
COKING_COAL,2030,,,,INDIA,WR,0.0
COKING_COAL,2030,,,,INDIA,NR,0.0
COKING_COAL,2030,,,,INDIA,SR,0.0
COKING_COAL,2030,,,,INDIA,NER,0.0
COKING_COAL,2031,,,,INDIA,ER,0.0
COKING_COAL,2031,,,,INDIA,WR,0.0
COKING_COAL,2031,,,,INDIA,NR,0.0
COKING_COAL,2031,,,,INDIA,SR,0.0
COKING_COAL,2031,,,,INDIA,NER,0.0
STEAM_COAL,2021,,,,INDIA,ER,52.56488973854755
STEAM_COAL,2021,,,,INDIA,WR,69.01605415416198
STEAM_COAL,2021,,,,INDIA,NR,14.738422441230988
STEAM_COAL,2021,,,,INDIA,SR,45.44004165097514
STEAM_COAL,2021,,,,INDIA,NER,0.5689052118316685
STEAM_COAL,2022,,,,INDIA,ER,55.09559971523733
STEAM_COAL,2022,,,,INDIA,WR,72.1363502119108
STEAM_COAL,2022,,,,INDIA,NR,15.1554732973396
STEAM_COAL,2022,,,,INDIA,SR,49.11728398295722
STEAM_COAL,2022,,,,INDIA,NER,0.5520263199791527
STEAM_COAL,2023,,,,INDIA,ER,59.6773980960063
STEAM_COAL,2023,,,,INDIA,WR,75.69566227681241
STEAM_COAL,2023,,,,INDIA,NR,10.924794089165138
STEAM_COAL,2023,,,,INDIA,SR,46.81585894075877
STEAM_COAL,2023,,,,INDIA,NER,0.30505712954276043
STEAM_COAL,2024,,,,INDIA,ER,62.17166033293772
STEAM_COAL,2024,,,,INDIA,WR,79.49597608462206
STEAM_COAL,2024,,,,INDIA,NR,10.988000013296185
STEAM_COAL,2024,,,,INDIA,SR,42.536310831905254
STEAM_COAL,2024,,,,INDIA,NER,0.20140393846863255
STEAM_COAL,2025,,,,INDIA,ER,63.652736605232576
STEAM_COAL,2025,,,,INDIA,WR,77.55199338188832
STEAM_COAL,2025,,,,INDIA,NR,11.570996265336303
STEAM_COAL,2025,,,,INDIA,SR,43.51608636716126
STEAM_COAL,2025,,,,INDIA,NER,0.16067594822527012
STEAM_COAL,2026,,,,INDIA,ER,61.92423274591
STEAM_COAL,2026,,,,INDIA,WR,80.1156152683821
STEAM_COAL,2026,,,,INDIA,NR,8.854664449509597
STEAM_COAL,2026,,,,INDIA,SR,42.24158048119738
STEAM_COAL,2026,,,,INDIA,NER,0.09492447070720123
STEAM_COAL,2027,,,,INDIA,ER,61.85143803726196
STEAM_COAL,2027,,,,INDIA,WR,77.1157605951742
STEAM_COAL,2027,,,,INDIA,NR,9.960604652483735
STEAM_COAL,2027,,,,INDIA,SR,39.73355665502749
STEAM_COAL,2027,,,,INDIA,NER,0.06485434196115503
STEAM_COAL,2028,,,,INDIA,ER,61.191893654857225
STEAM_COAL,2028,,,,INDIA,WR,76.43163423462477
STEAM_COAL,2028,,,,INDIA,NR,10.234430372450186
STEAM_COAL,2028,,,,INDIA,SR,38.587137433998244
STEAM_COAL,2028,,,,INDIA,NER,0.07052137202221033
STEAM_COAL,2029,,,,INDIA,ER,63.05698467368308
STEAM_COAL,2029,,,,INDIA,WR,75.20555220261896
STEAM_COAL,2029,,,,INDIA,NR,12.664303478719132
STEAM_COAL,2029,,,,INDIA,SR,39.03104051391347
STEAM_COAL,2029,,,,INDIA,NER,0.1056297274028271
STEAM_COAL,2030,,,,INDIA,ER,64.97453469216155
STEAM_COAL,2030,,,,INDIA,WR,72.92223378117406
STEAM_COAL,2030,,,,INDIA,NR,13.510415131257595
STEAM_COAL,2030,,,,INDIA,SR,38.68236688147087
STEAM_COAL,2030,,,,INDIA,NER,0.12757563743971678
STEAM_COAL,2031,,,,INDIA,ER,64.60179323238305
STEAM_COAL,2031,,,,INDIA,WR,75.30317420434123
STEAM_COAL,2031,,,,INDIA,NR,15.182396201362538
STEAM_COAL,2031,,,,INDIA,SR,40.13292997820557
STEAM_COAL,2031,,,,INDIA,NER,0.17521959441676033
NATGAS,2021,,,,INDIA,,0.05523673722949479
NATGAS,2022,,,,INDIA,,0.06401403091667648
NATGAS,2023,,,,INDIA,,0.0
NATGAS,2024,,,,INDIA,,0.11580548749101185
NATGAS,2025,,,,INDIA,,0.14860100705952303
NATGAS,2026,,,,INDIA,,0.21801010659043535
NATGAS,2027,,,,INDIA,,0.45823246847070087
NATGAS,2028,,,,INDIA,,0.33062766847162645
NATGAS,2029,,,,INDIA,,0.5174386925673631
NATGAS,2030,,,,INDIA,,0.5770668432577654
NATGAS,2031,,,,INDIA,,0.30180093731627516
BIOGAS,2021,,,,INDIA,,0.0
BIOGAS,2022,,,,INDIA,,0.0
BIOGAS,2023,,,,INDIA,,0.0
BIOGAS,2024,,,,INDIA,,0.0
BIOGAS,2025,,,,INDIA,,0.0
BIOGAS,2026,,,,INDIA,,0.0
BIOGAS,2027,,,,INDIA,,0.0
BIOGAS,2028,,,,INDIA,,0.0
BIOGAS,2029,,,,INDIA,,0.0
BIOGAS,2030,,,,INDIA,,0.0
BIOGAS,2031,,,,INDIA,,0.0
BIOMASS,2021,,,,INDIA,,0.0
BIOMASS,2022,,,,INDIA,,0.0
BIOMASS,2023,,,,INDIA,,0.0
BIOMASS,2024,,,,INDIA,,0.0
BIOMASS,2025,,,,INDIA,,0.0
BIOMASS,2026,,,,INDIA,,0.0
BIOMASS,2027,,,,INDIA,,0.0
BIOMASS,2028,,,,INDIA,,0.0
BIOMASS,2029,,,,INDIA,,0.0
BIOMASS,2030,,,,INDIA,,0.0
BIOMASS,2031,,,,INDIA,,0.0
CRUDE,2021,,,,INDIA,,594017.7544525412
CRUDE,2022,,,,INDIA,,641375.6755767348
CRUDE,2023,,,,INDIA,,678735.4139287762
CRUDE,2024,,,,INDIA,,717077.7588426587
CRUDE,2025,,,,INDIA,,756215.5159492415
CRUDE,2026,,,,INDIA,,796285.4804214203
CRUDE,2027,,,,INDIA,,836986.8247924313
CRUDE,2028,,,,INDIA,,878794.9820936236
CRUDE,2029,,,,INDIA,,921538.800495049
CRUDE,2030,,,,INDIA,,965256.4489442086
CRUDE,2031,,,,INDIA,,1009743.3604219599
ELECTRICITY,2021,SUMMER,ALLDAYS,EARLY,INDIA,ER,0.0
ELECTRICITY,2021,SUMMER,ALLDAYS,EARLY,INDIA,WR,0.0
ELECTRICITY,2021,SUMMER,ALLDAYS,EARLY,INDIA,NR,0.0
ELECTRICITY,2021,SUMMER,ALLDAYS,EARLY,INDIA,SR,0.0
ELECTRICITY,2021,SUMMER,ALLDAYS,EARLY,INDIA,NER,0.0
ELECTRICITY,2021,SUMMER,ALLDAYS,MORN,INDIA,ER,0.0
ELECTRICITY,2021,SUMMER,ALLDAYS,MORN,INDIA,WR,0.0
ELECTRICITY,2021,SUMMER,ALLDAYS,MORN,INDIA,NR,0.0
ELECTRICITY,2021,SUMMER,ALLDAYS,MORN,INDIA,SR,0.0
ELECTRICITY,2021,SUMMER,ALLDAYS,MORN,INDIA,NER,0.0
ELECTRICITY,2021,SUMMER,ALLDAYS,MID,INDIA,ER,0.0
ELECTRICITY,2021,SUMMER,ALLDAYS,MID,INDIA,WR,0.0
ELECTRICITY,2021,SUMMER,ALLDAYS,MID,INDIA,NR,0.0
ELECTRICITY,2021,SUMMER,ALLDAYS,MID,INDIA,SR,0.0
ELECTRICITY,2021,SUMMER,ALLDAYS,MID,INDIA,NER,0.0
ELECTRICITY,2021,SUMMER,ALLDAYS,AFTERNOON,INDIA,ER,0.0
ELECTRICITY,2021,SUMMER,ALLDAYS,AFTERNOON,INDIA,WR,0.0
ELECTRICITY,2021,SUMMER,ALLDAYS,AFTERNOON,INDIA,NR,0.0
ELECTRICITY,2021,SUMMER,ALLDAYS,AFTERNOON,INDIA,SR,0.0
ELECTRICITY,2021,SUMMER,ALLDAYS,AFTERNOON,INDIA,NER,0.0
ELECTRICITY,2021,SUMMER,ALLDAYS,EVENING,INDIA,ER,0.0
ELECTRICITY,2021,SUMMER,ALLDAYS,EVENING,INDIA,WR,0.0
ELECTRICITY,2021,SUMMER,ALLDAYS,EVENING,INDIA,NR,0.0
ELECTRICITY,2021,SUMMER,ALLDAYS,EVENING,INDIA,SR,0.0
ELECTRICITY,2021,SUMMER,ALLDAYS,EVENING,INDIA,NER,0.0
ELECTRICITY,2021,SUMMER,ALLDAYS,NIGHT,INDIA,ER,0.0
ELECTRICITY,2021,SUMMER,ALLDAYS,NIGHT,INDIA,WR,0.0
ELECTRICITY,2021,SUMMER,ALLDAYS,NIGHT,INDIA,NR,0.0
ELECTRICITY,2021,SUMMER,ALLDAYS,NIGHT,INDIA,SR,0.0
ELECTRICITY,2021,SUMMER,ALLDAYS,NIGHT,INDIA,NER,0.0
ELECTRICITY,2021,MONSOON,ALLDAYS,EARLY,INDIA,ER,0.0
ELECTRICITY,2021,MONSOON,ALLDAYS,EARLY,INDIA,WR,0.0
ELECTRICITY,2021,MONSOON,ALLDAYS,EARLY,INDIA,NR,0.0
ELECTRICITY,2021,MONSOON,ALLDAYS,EARLY,INDIA,SR,0.0
ELECTRICITY,2021,MONSOON,ALLDAYS,EARLY,INDIA,NER,0.0
ELECTRICITY,2021,MONSOON,ALLDAYS,MORN,INDIA,ER,0.0
ELECTRICITY,2021,MONSOON,ALLDAYS,MORN,INDIA,WR,0.0
ELECTRICITY,2021,MONSOON,ALLDAYS,MORN,INDIA,NR,0.0
ELECTRICITY,2021,MONSOON,ALLDAYS,MORN,INDIA,SR,0.0
ELECTRICITY,2021,MONSOON,ALLDAYS,MORN,INDIA,NER,0.0
ELECTRICITY,2021,MONSOON,ALLDAYS,MID,INDIA,ER,0.0
ELECTRICITY,2021,MONSOON,ALLDAYS,MID,INDIA,WR,0.0
ELECTRICITY,2021,MONSOON,ALLDAYS,MID,INDIA,NR,0.0
ELECTRICITY,2021,MONSOON,ALLDAYS,MID,INDIA,SR,0.0
ELECTRICITY,2021,MONSOON,ALLDAYS,MID,INDIA,NER,0.0
ELECTRICITY,2021,MONSOON,ALLDAYS,AFTERNOON,INDIA,ER,0.0
ELECTRICITY,2021,MONSOON,ALLDAYS,AFTERNOON,INDIA,WR,0.0
ELECTRICITY,2021,MONSOON,ALLDAYS,AFTERNOON,INDIA,NR,0.0
ELECTRICITY,2021,MONSOON,ALLDAYS,AFTERNOON,INDIA,SR,0.0
ELECTRICITY,2021,MONSOON,ALLDAYS,AFTERNOON,INDIA,NER,0.0
ELECTRICITY,2021,MONSOON,ALLDAYS,EVENING,INDIA,ER,0.0
ELECTRICITY,2021,MONSOON,ALLDAYS,EVENING,INDIA,WR,0.0
ELECTRICITY,2021,MONSOON,ALLDAYS,EVENING,INDIA,NR,0.0
ELECTRICITY,2021,MONSOON,ALLDAYS,EVENING,INDIA,SR,0.0
ELECTRICITY,2021,MONSOON,ALLDAYS,EVENING,INDIA,NER,0.0
ELECTRICITY,2021,MONSOON,ALLDAYS,NIGHT,INDIA,ER,0.0
ELECTRICITY,2021,MONSOON,ALLDAYS,NIGHT,INDIA,WR,0.0
ELECTRICITY,2021,MONSOON,ALLDAYS,NIGHT,INDIA,NR,0.0
ELECTRICITY,2021,MONSOON,ALLDAYS,NIGHT,INDIA,SR,0.0
ELECTRICITY,2021,MONSOON,ALLDAYS,NIGHT,INDIA,NER,0.0
ELECTRICITY,2021,AUTUMN,ALLDAYS,EARLY,INDIA,ER,0.0
ELECTRICITY,2021,AUTUMN,ALLDAYS,EARLY,INDIA,WR,0.0
ELECTRICITY,2021,AUTUMN,ALLDAYS,EARLY,INDIA,NR,0.0
ELECTRICITY,2021,AUTUMN,ALLDAYS,EARLY,INDIA,SR,0.0
ELECTRICITY,2021,AUTUMN,ALLDAYS,EARLY,INDIA,NER,0.0
ELECTRICITY,2021,AUTUMN,ALLDAYS,MORN,INDIA,ER,0.0
ELECTRICITY,2021,AUTUMN,ALLDAYS,MORN,INDIA,WR,0.0
ELECTRICITY,2021,AUTUMN,ALLDAYS,MORN,INDIA,NR,0.0
ELECTRICITY,2021,AUTUMN,ALLDAYS,MORN,INDIA,SR,0.0
ELECTRICITY,2021,AUTUMN,ALLDAYS,MORN,INDIA,NER,0.0
ELECTRICITY,2021,AUTUMN,ALLDAYS,MID,INDIA,ER,0.0
ELECTRICITY,2021,AUTUMN,ALLDAYS,MID,INDIA,WR,0.0
ELECTRICITY,2021,AUTUMN,ALLDAYS,MID,INDIA,NR,0.0
ELECTRICITY,2021,AUTUMN,ALLDAYS,MID,INDIA,SR,0.0
ELECTRICITY,2021,AUTUMN,ALLDAYS,MID,INDIA,NER,0.0
ELECTRICITY,2021,AUTUMN,ALLDAYS,AFTERNOON,INDIA,ER,0.0
ELECTRICITY,2021,AUTUMN,ALLDAYS,AFTERNOON,INDIA,WR,0.0
ELECTRICITY,2021,AUTUMN,ALLDAYS,AFTERNOON,INDIA,NR,0.0
ELECTRICITY,2021,AUTUMN,ALLDAYS,AFTERNOON,INDIA,SR,0.0
ELECTRICITY,2021,AUTUMN,ALLDAYS,AFTERNOON,INDIA,NER,0.0
ELECTRICITY,2021,AUTUMN,ALLDAYS,EVENING,INDIA,ER,0.0
ELECTRICITY,2021,AUTUMN,ALLDAYS,EVENING,INDIA,WR,0.0
ELECTRICITY,2021,AUTUMN,ALLDAYS,EVENING,INDIA,NR,0.0
ELECTRICITY,2021,AUTUMN,ALLDAYS,EVENING,INDIA,SR,0.0
ELECTRICITY,2021,AUTUMN,ALLDAYS,EVENING,INDIA,NER,0.0
ELECTRICITY,2021,AUTUMN,ALLDAYS,NIGHT,INDIA,ER,0.0
ELECTRICITY,2021,AUTUMN,ALLDAYS,NIGHT,INDIA,WR,0.0
ELECTRICITY,2021,AUTUMN,ALLDAYS,NIGHT,INDIA,NR,0.0
ELECTRICITY,2021,AUTUMN,ALLDAYS,NIGHT,INDIA,SR,0.0
ELECTRICITY,2021,AUTUMN,ALLDAYS,NIGHT,INDIA,NER,0.0
ELECTRICITY,2021,WINTER,ALLDAYS,EARLY,INDIA,ER,0.0
ELECTRICITY,2021,WINTER,ALLDAYS,EARLY,INDIA,WR,0.0
ELECTRICITY,2021,WINTER,ALLDAYS,EARLY,INDIA,NR,0.0
ELECTRICITY,2021,WINTER,ALLDAYS,EARLY,INDIA,SR,0.0
ELECTRICITY,2021,WINTER,ALLDAYS,EARLY,INDIA,NER,0.0
ELECTRICITY,2021,WINTER,ALLDAYS,MORN,INDIA,ER,0.0
ELECTRICITY,2021,WINTER,ALLDAYS,MORN,INDIA,WR,0.0
ELECTRICITY,2021,WINTER,ALLDAYS,MORN,INDIA,NR,0.0
ELECTRICITY,2021,WINTER,ALLDAYS,MORN,INDIA,SR,0.0
ELECTRICITY,2021,WINTER,ALLDAYS,MORN,INDIA,NER,0.0
ELECTRICITY,2021,WINTER,ALLDAYS,MID,INDIA,ER,0.0
ELECTRICITY,2021,WINTER,ALLDAYS,MID,INDIA,WR,0.0
ELECTRICITY,2021,WINTER,ALLDAYS,MID,INDIA,NR,0.0
ELECTRICITY,2021,WINTER,ALLDAYS,MID,INDIA,SR,0.0
ELECTRICITY,2021,WINTER,ALLDAYS,MID,INDIA,NER,0.0
ELECTRICITY,2021,WINTER,ALLDAYS,AFTERNOON,INDIA,ER,0.0
ELECTRICITY,2021,WINTER,ALLDAYS,AFTERNOON,INDIA,WR,0.0
ELECTRICITY,2021,WINTER,ALLDAYS,AFTERNOON,INDIA,NR,0.0
ELECTRICITY,2021,WINTER,ALLDAYS,AFTERNOON,INDIA,SR,0.0
ELECTRICITY,2021,WINTER,ALLDAYS,AFTERNOON,INDIA,NER,0.0
ELECTRICITY,2021,WINTER,ALLDAYS,EVENING,INDIA,ER,0.0
ELECTRICITY,2021,WINTER,ALLDAYS,EVENING,INDIA,WR,0.0
ELECTRICITY,2021,WINTER,ALLDAYS,EVENING,INDIA,NR,0.0
ELECTRICITY,2021,WINTER,ALLDAYS,EVENING,INDIA,SR,0.0
ELECTRICITY,2021,WINTER,ALLDAYS,EVENING,INDIA,NER,0.0
ELECTRICITY,2021,WINTER,ALLDAYS,NIGHT,INDIA,ER,0.0
ELECTRICITY,2021,WINTER,ALLDAYS,NIGHT,INDIA,WR,0.0
ELECTRICITY,2021,WINTER,ALLDAYS,NIGHT,INDIA,NR,0.0
ELECTRICITY,2021,WINTER,ALLDAYS,NIGHT,INDIA,SR,0.0
ELECTRICITY,2021,WINTER,ALLDAYS,NIGHT,INDIA,NER,0.0
ELECTRICITY,2021,SPRING,ALLDAYS,EARLY,INDIA,ER,0.0
ELECTRICITY,2021,SPRING,ALLDAYS,EARLY,INDIA,WR,0.0
ELECTRICITY,2021,SPRING,ALLDAYS,EARLY,INDIA,NR,0.0
ELECTRICITY,2021,SPRING,ALLDAYS,EARLY,INDIA,SR,0.0
ELECTRICITY,2021,SPRING,ALLDAYS,EARLY,INDIA,NER,0.0
ELECTRICITY,2021,SPRING,ALLDAYS,MORN,INDIA,ER,0.0
ELECTRICITY,2021,SPRING,ALLDAYS,MORN,INDIA,WR,0.0
ELECTRICITY,2021,SPRING,ALLDAYS,MORN,INDIA,NR,0.0
ELECTRICITY,2021,SPRING,ALLDAYS,MORN,INDIA,SR,0.0
ELECTRICITY,2021,SPRING,ALLDAYS,MORN,INDIA,NER,0.0
ELECTRICITY,2021,SPRING,ALLDAYS,MID,INDIA,ER,0.0
ELECTRICITY,2021,SPRING,ALLDAYS,MID,INDIA,WR,0.0
ELECTRICITY,2021,SPRING,ALLDAYS,MID,INDIA,NR,0.0
ELECTRICITY,2021,SPRING,ALLDAYS,MID,INDIA,SR,0.0
ELECTRICITY,2021,SPRING,ALLDAYS,MID,INDIA,NER,0.0
ELECTRICITY,2021,SPRING,ALLDAYS,AFTERNOON,INDIA,ER,0.0
ELECTRICITY,2021,SPRING,ALLDAYS,AFTERNOON,INDIA,WR,0.0
ELECTRICITY,2021,SPRING,ALLDAYS,AFTERNOON,INDIA,NR,0.0
ELECTRICITY,2021,SPRING,ALLDAYS,AFTERNOON,INDIA,SR,0.0
ELECTRICITY,2021,SPRING,ALLDAYS,AFTERNOON,INDIA,NER,0.0
ELECTRICITY,2021,SPRING,ALLDAYS,EVENING,INDIA,ER,0.0
ELECTRICITY,2021,SPRING,ALLDAYS,EVENING,INDIA,WR,0.0
ELECTRICITY,2021,SPRING,ALLDAYS,EVENING,INDIA,NR,0.0
ELECTRICITY,2021,SPRING,ALLDAYS,EVENING,INDIA,SR,0.0
ELECTRICITY,2021,SPRING,ALLDAYS,EVENING,INDIA,NER,0.0
ELECTRICITY,2021,SPRING,ALLDAYS,NIGHT,INDIA,ER,0.0
ELECTRICITY,2021,SPRING,ALLDAYS,NIGHT,INDIA,WR,0.0
ELECTRICITY,2021,SPRING,ALLDAYS,NIGHT,INDIA,NR,0.0
ELECTRICITY,2021,SPRING,ALLDAYS,NIGHT,INDIA,SR,0.0
ELECTRICITY,2021,SPRING,ALLDAYS,NIGHT,INDIA,NER,0.0
ELECTRICITY,2022,SUMMER,ALLDAYS,EARLY,INDIA,ER,0.0
ELECTRICITY,2022,SUMMER,ALLDAYS,EARLY,INDIA,WR,0.0
ELECTRICITY,2022,SUMMER,ALLDAYS,EARLY,INDIA,NR,0.0
ELECTRICITY,2022,SUMMER,ALLDAYS,EARLY,INDIA,SR,0.0
ELECTRICITY,2022,SUMMER,ALLDAYS,EARLY,INDIA,NER,0.0
ELECTRICITY,2022,SUMMER,ALLDAYS,MORN,INDIA,ER,0.0
ELECTRICITY,2022,SUMMER,ALLDAYS,MORN,INDIA,WR,0.0
ELECTRICITY,2022,SUMMER,ALLDAYS,MORN,INDIA,NR,0.0
ELECTRICITY,2022,SUMMER,ALLDAYS,MORN,INDIA,SR,0.0
ELECTRICITY,2022,SUMMER,ALLDAYS,MORN,INDIA,NER,0.0
ELECTRICITY,2022,SUMMER,ALLDAYS,MID,INDIA,ER,0.0
ELECTRICITY,2022,SUMMER,ALLDAYS,MID,INDIA,WR,0.0
ELECTRICITY,2022,SUMMER,ALLDAYS,MID,INDIA,NR,0.0
ELECTRICITY,2022,SUMMER,ALLDAYS,MID,INDIA,SR,0.0
ELECTRICITY,2022,SUMMER,ALLDAYS,MID,INDIA,NER,0.0
ELECTRICITY,2022,SUMMER,ALLDAYS,AFTERNOON,INDIA,ER,0.0
ELECTRICITY,2022,SUMMER,ALLDAYS,AFTERNOON,INDIA,WR,0.0
ELECTRICITY,2022,SUMMER,ALLDAYS,AFTERNOON,INDIA,NR,0.0
ELECTRICITY,2022,SUMMER,ALLDAYS,AFTERNOON,INDIA,SR,0.0
ELECTRICITY,2022,SUMMER,ALLDAYS,AFTERNOON,INDIA,NER,0.0
ELECTRICITY,2022,SUMMER,ALLDAYS,EVENING,INDIA,ER,0.0
ELECTRICITY,2022,SUMMER,ALLDAYS,EVENING,INDIA,WR,0.0
ELECTRICITY,2022,SUMMER,ALLDAYS,EVENING,INDIA,NR,0.0
ELECTRICITY,2022,SUMMER,ALLDAYS,EVENING,INDIA,SR,0.0
ELECTRICITY,2022,SUMMER,ALLDAYS,EVENING,INDIA,NER,0.0
ELECTRICITY,2022,SUMMER,ALLDAYS,NIGHT,INDIA,ER,0.0
ELECTRICITY,2022,SUMMER,ALLDAYS,NIGHT,INDIA,WR,0.0
ELECTRICITY,2022,SUMMER,ALLDAYS,NIGHT,INDIA,NR,0.0
ELECTRICITY,2022,SUMMER,ALLDAYS,NIGHT,INDIA,SR,0.0
ELECTRICITY,2022,SUMMER,ALLDAYS,NIGHT,INDIA,NER,0.0
ELECTRICITY,2022,MONSOON,ALLDAYS,EARLY,INDIA,ER,0.0
ELECTRICITY,2022,MONSOON,ALLDAYS,EARLY,INDIA,WR,0.0
ELECTRICITY,2022,MONSOON,ALLDAYS,EARLY,INDIA,NR,0.0
ELECTRICITY,2022,MONSOON,ALLDAYS,EARLY,INDIA,SR,0.0
ELECTRICITY,2022,MONSOON,ALLDAYS,EARLY,INDIA,NER,0.0
ELECTRICITY,2022,MONSOON,ALLDAYS,MORN,INDIA,ER,0.0
ELECTRICITY,2022,MONSOON,ALLDAYS,MORN,INDIA,WR,0.0
ELECTRICITY,2022,MONSOON,ALLDAYS,MORN,INDIA,NR,0.0
ELECTRICITY,2022,MONSOON,ALLDAYS,MORN,INDIA,SR,0.0
ELECTRICITY,2022,MONSOON,ALLDAYS,MORN,INDIA,NER,0.0
ELECTRICITY,2022,MONSOON,ALLDAYS,MID,INDIA,ER,0.0
ELECTRICITY,2022,MONSOON,ALLDAYS,MID,INDIA,WR,0.0
ELECTRICITY,2022,MONSOON,ALLDAYS,MID,INDIA,NR,0.0
ELECTRICITY,2022,MONSOON,ALLDAYS,MID,INDIA,SR,0.0
ELECTRICITY,2022,MONSOON,ALLDAYS,MID,INDIA,NER,0.0
ELECTRICITY,2022,MONSOON,ALLDAYS,AFTERNOON,INDIA,ER,0.0
ELECTRICITY,2022,MONSOON,ALLDAYS,AFTERNOON,INDIA,WR,0.0
ELECTRICITY,2022,MONSOON,ALLDAYS,AFTERNOON,INDIA,NR,0.0
ELECTRICITY,2022,MONSOON,ALLDAYS,AFTERNOON,INDIA,SR,0.0
ELECTRICITY,2022,MONSOON,ALLDAYS,AFTERNOON,INDIA,NER,0.0
ELECTRICITY,2022,MONSOON,ALLDAYS,EVENING,INDIA,ER,0.0
ELECTRICITY,2022,MONSOON,ALLDAYS,EVENING,INDIA,WR,0.0
ELECTRICITY,2022,MONSOON,ALLDAYS,EVENING,INDIA,NR,0.0
ELECTRICITY,2022,MONSOON,ALLDAYS,EVENING,INDIA,SR,0.0
ELECTRICITY,2022,MONSOON,ALLDAYS,EVENING,INDIA,NER,0.0
ELECTRICITY,2022,MONSOON,ALLDAYS,NIGHT,INDIA,ER,0.0
ELECTRICITY,2022,MONSOON,ALLDAYS,NIGHT,INDIA,WR,0.0
ELECTRICITY,2022,MONSOON,ALLDAYS,NIGHT,INDIA,NR,0.0
ELECTRICITY,2022,MONSOON,ALLDAYS,NIGHT,INDIA,SR,0.0
ELECTRICITY,2022,MONSOON,ALLDAYS,NIGHT,INDIA,NER,0.0
ELECTRICITY,2022,AUTUMN,ALLDAYS,EARLY,INDIA,ER,0.0
ELECTRICITY,2022,AUTUMN,ALLDAYS,EARLY,INDIA,WR,0.0
ELECTRICITY,2022,AUTUMN,ALLDAYS,EARLY,INDIA,NR,0.0
ELECTRICITY,2022,AUTUMN,ALLDAYS,EARLY,INDIA,SR,0.0
ELECTRICITY,2022,AUTUMN,ALLDAYS,EARLY,INDIA,NER,0.0
ELECTRICITY,2022,AUTUMN,ALLDAYS,MORN,INDIA,ER,0.0
ELECTRICITY,2022,AUTUMN,ALLDAYS,MORN,INDIA,WR,0.0
ELECTRICITY,2022,AUTUMN,ALLDAYS,MORN,INDIA,NR,0.0
ELECTRICITY,2022,AUTUMN,ALLDAYS,MORN,INDIA,SR,0.0
ELECTRICITY,2022,AUTUMN,ALLDAYS,MORN,INDIA,NER,0.0
ELECTRICITY,2022,AUTUMN,ALLDAYS,MID,INDIA,ER,0.0
ELECTRICITY,2022,AUTUMN,ALLDAYS,MID,INDIA,WR,0.0
ELECTRICITY,2022,AUTUMN,ALLDAYS,MID,INDIA,NR,0.0
ELECTRICITY,2022,AUTUMN,ALLDAYS,MID,INDIA,SR,0.0
ELECTRICITY,2022,AUTUMN,ALLDAYS,MID,INDIA,NER,0.0
ELECTRICITY,2022,AUTUMN,ALLDAYS,AFTERNOON,INDIA,ER,0.0
ELECTRICITY,2022,AUTUMN,ALLDAYS,AFTERNOON,INDIA,WR,0.0
ELECTRICITY,2022,AUTUMN,ALLDAYS,AFTERNOON,INDIA,NR,0.0
ELECTRICITY,2022,AUTUMN,ALLDAYS,AFTERNOON,INDIA,SR,0.0
ELECTRICITY,2022,AUTUMN,ALLDAYS,AFTERNOON,INDIA,NER,0.0
ELECTRICITY,2022,AUTUMN,ALLDAYS,EVENING,INDIA,ER,0.0
ELECTRICITY,2022,AUTUMN,ALLDAYS,EVENING,INDIA,WR,0.0
ELECTRICITY,2022,AUTUMN,ALLDAYS,EVENING,INDIA,NR,0.0
ELECTRICITY,2022,AUTUMN,ALLDAYS,EVENING,INDIA,SR,0.0
ELECTRICITY,2022,AUTUMN,ALLDAYS,EVENING,INDIA,NER,0.0
ELECTRICITY,2022,AUTUMN,ALLDAYS,NIGHT,INDIA,ER,0.0
ELECTRICITY,2022,AUTUMN,ALLDAYS,NIGHT,INDIA,WR,0.0
ELECTRICITY,2022,AUTUMN,ALLDAYS,NIGHT,INDIA,NR,0.0
ELECTRICITY,2022,AUTUMN,ALLDAYS,NIGHT,INDIA,SR,0.0
ELECTRICITY,2022,AUTUMN,ALLDAYS,NIGHT,INDIA,NER,0.0
ELECTRICITY,2022,WINTER,ALLDAYS,EARLY,INDIA,ER,0.0
ELECTRICITY,2022,WINTER,ALLDAYS,EARLY,INDIA,WR,0.0
ELECTRICITY,2022,WINTER,ALLDAYS,EARLY,INDIA,NR,0.0
ELECTRICITY,2022,WINTER,ALLDAYS,EARLY,INDIA,SR,0.0
ELECTRICITY,2022,WINTER,ALLDAYS,EARLY,INDIA,NER,0.0
ELECTRICITY,2022,WINTER,ALLDAYS,MORN,INDIA,ER,0.0
ELECTRICITY,2022,WINTER,ALLDAYS,MORN,INDIA,WR,0.0
ELECTRICITY,2022,WINTER,ALLDAYS,MORN,INDIA,NR,0.0
ELECTRICITY,2022,WINTER,ALLDAYS,MORN,INDIA,SR,0.0
ELECTRICITY,2022,WINTER,ALLDAYS,MORN,INDIA,NER,0.0
ELECTRICITY,2022,WINTER,ALLDAYS,MID,INDIA,ER,0.0
ELECTRICITY,2022,WINTER,ALLDAYS,MID,INDIA,WR,0.0
ELECTRICITY,2022,WINTER,ALLDAYS,MID,INDIA,NR,0.0
ELECTRICITY,2022,WINTER,ALLDAYS,MID,INDIA,SR,0.0
ELECTRICITY,2022,WINTER,ALLDAYS,MID,INDIA,NER,0.0
ELECTRICITY,2022,WINTER,ALLDAYS,AFTERNOON,INDIA,ER,0.0
ELECTRICITY,2022,WINTER,ALLDAYS,AFTERNOON,INDIA,WR,0.0
ELECTRICITY,2022,WINTER,ALLDAYS,AFTERNOON,INDIA,NR,0.0
ELECTRICITY,2022,WINTER,ALLDAYS,AFTERNOON,INDIA,SR,0.0
ELECTRICITY,2022,WINTER,ALLDAYS,AFTERNOON,INDIA,NER,0.0
ELECTRICITY,2022,WINTER,ALLDAYS,EVENING,INDIA,ER,0.0
ELECTRICITY,2022,WINTER,ALLDAYS,EVENING,INDIA,WR,0.0
ELECTRICITY,2022,WINTER,ALLDAYS,EVENING,INDIA,NR,0.0
ELECTRICITY,2022,WINTER,ALLDAYS,EVENING,INDIA,SR,0.0
ELECTRICITY,2022,WINTER,ALLDAYS,EVENING,INDIA,NER,0.0
ELECTRICITY,2022,WINTER,ALLDAYS,NIGHT,INDIA,ER,0.0
ELECTRICITY,2022,WINTER,ALLDAYS,NIGHT,INDIA,WR,0.0
ELECTRICITY,2022,WINTER,ALLDAYS,NIGHT,INDIA,NR,0.0
ELECTRICITY,2022,WINTER,ALLDAYS,NIGHT,INDIA,SR,0.0
ELECTRICITY,2022,WINTER,ALLDAYS,NIGHT,INDIA,NER,0.0
ELECTRICITY,2022,SPRING,ALLDAYS,EARLY,INDIA,ER,0.0
ELECTRICITY,2022,SPRING,ALLDAYS,EARLY,INDIA,WR,0.0
ELECTRICITY,2022,SPRING,ALLDAYS,EARLY,INDIA,NR,0.0
ELECTRICITY,2022,SPRING,ALLDAYS,EARLY,INDIA,SR,0.0
ELECTRICITY,2022,SPRING,ALLDAYS,EARLY,INDIA,NER,0.0
ELECTRICITY,2022,SPRING,ALLDAYS,MORN,INDIA,ER,0.0
ELECTRICITY,2022,SPRING,ALLDAYS,MORN,INDIA,WR,0.0
ELECTRICITY,2022,SPRING,ALLDAYS,MORN,INDIA,NR,0.0
ELECTRICITY,2022,SPRING,ALLDAYS,MORN,INDIA,SR,0.0
ELECTRICITY,2022,SPRING,ALLDAYS,MORN,INDIA,NER,0.0
ELECTRICITY,2022,SPRING,ALLDAYS,MID,INDIA,ER,0.0
ELECTRICITY,2022,SPRING,ALLDAYS,MID,INDIA,WR,0.0
ELECTRICITY,2022,SPRING,ALLDAYS,MID,INDIA,NR,0.0
ELECTRICITY,2022,SPRING,ALLDAYS,MID,INDIA,SR,0.0
ELECTRICITY,2022,SPRING,ALLDAYS,MID,INDIA,NER,0.0
ELECTRICITY,2022,SPRING,ALLDAYS,AFTERNOON,INDIA,ER,0.0
ELECTRICITY,2022,SPRING,ALLDAYS,AFTERNOON,INDIA,WR,0.0
ELECTRICITY,2022,SPRING,ALLDAYS,AFTERNOON,INDIA,NR,0.0
ELECTRICITY,2022,SPRING,ALLDAYS,AFTERNOON,INDIA,SR,0.0
ELECTRICITY,2022,SPRING,ALLDAYS,AFTERNOON,INDIA,NER,0.0
ELECTRICITY,2022,SPRING,ALLDAYS,EVENING,INDIA,ER,0.0
ELECTRICITY,2022,SPRING,ALLDAYS,EVENING,INDIA,WR,0.0
ELECTRICITY,2022,SPRING,ALLDAYS,EVENING,INDIA,NR,0.0
ELECTRICITY,2022,SPRING,ALLDAYS,EVENING,INDIA,SR,0.0
ELECTRICITY,2022,SPRING,ALLDAYS,EVENING,INDIA,NER,0.0
ELECTRICITY,2022,SPRING,ALLDAYS,NIGHT,INDIA,ER,0.0
ELECTRICITY,2022,SPRING,ALLDAYS,NIGHT,INDIA,WR,0.0
ELECTRICITY,2022,SPRING,ALLDAYS,NIGHT,INDIA,NR,0.0
ELECTRICITY,2022,SPRING,ALLDAYS,NIGHT,INDIA,SR,0.0
ELECTRICITY,2022,SPRING,ALLDAYS,NIGHT,INDIA,NER,0.0
ELECTRICITY,2023,SUMMER,ALLDAYS,EARLY,INDIA,ER,0.0
ELECTRICITY,2023,SUMMER,ALLDAYS,EARLY,INDIA,WR,0.0
ELECTRICITY,2023,SUMMER,ALLDAYS,EARLY,INDIA,NR,0.0
ELECTRICITY,2023,SUMMER,ALLDAYS,EARLY,INDIA,SR,0.0
ELECTRICITY,2023,SUMMER,ALLDAYS,EARLY,INDIA,NER,0.0
ELECTRICITY,2023,SUMMER,ALLDAYS,MORN,INDIA,ER,0.0
ELECTRICITY,2023,SUMMER,ALLDAYS,MORN,INDIA,WR,0.0
ELECTRICITY,2023,SUMMER,ALLDAYS,MORN,INDIA,NR,0.0
ELECTRICITY,2023,SUMMER,ALLDAYS,MORN,INDIA,SR,0.0
ELECTRICITY,2023,SUMMER,ALLDAYS,MORN,INDIA,NER,0.0
ELECTRICITY,2023,SUMMER,ALLDAYS,MID,INDIA,ER,0.0
ELECTRICITY,2023,SUMMER,ALLDAYS,MID,INDIA,WR,0.0
ELECTRICITY,2023,SUMMER,ALLDAYS,MID,INDIA,NR,0.0
ELECTRICITY,2023,SUMMER,ALLDAYS,MID,INDIA,SR,0.0
ELECTRICITY,2023,SUMMER,ALLDAYS,MID,INDIA,NER,0.0
ELECTRICITY,2023,SUMMER,ALLDAYS,AFTERNOON,INDIA,ER,0.0
ELECTRICITY,2023,SUMMER,ALLDAYS,AFTERNOON,INDIA,WR,0.0
ELECTRICITY,2023,SUMMER,ALLDAYS,AFTERNOON,INDIA,NR,0.0
ELECTRICITY,2023,SUMMER,ALLDAYS,AFTERNOON,INDIA,SR,0.0
ELECTRICITY,2023,SUMMER,ALLDAYS,AFTERNOON,INDIA,NER,0.0
ELECTRICITY,2023,SUMMER,ALLDAYS,EVENING,INDIA,ER,0.0
ELECTRICITY,2023,SUMMER,ALLDAYS,EVENING,INDIA,WR,0.0
ELECTRICITY,2023,SUMMER,ALLDAYS,EVENING,INDIA,NR,0.0
ELECTRICITY,2023,SUMMER,ALLDAYS,EVENING,INDIA,SR,0.0
ELECTRICITY,2023,SUMMER,ALLDAYS,EVENING,INDIA,NER,0.0
ELECTRICITY,2023,SUMMER,ALLDAYS,NIGHT,INDIA,ER,0.0
ELECTRICITY,2023,SUMMER,ALLDAYS,NIGHT,INDIA,WR,0.0
ELECTRICITY,2023,SUMMER,ALLDAYS,NIGHT,INDIA,NR,0.0
ELECTRICITY,2023,SUMMER,ALLDAYS,NIGHT,INDIA,SR,0.0
ELECTRICITY,2023,SUMMER,ALLDAYS,NIGHT,INDIA,NER,0.0
ELECTRICITY,2023,MONSOON,ALLDAYS,EARLY,INDIA,ER,0.0
ELECTRICITY,2023,MONSOON,ALLDAYS,EARLY,INDIA,WR,0.0
ELECTRICITY,2023,MONSOON,ALLDAYS,EARLY,INDIA,NR,0.0
ELECTRICITY,2023,MONSOON,ALLDAYS,EARLY,INDIA,SR,0.0
ELECTRICITY,2023,MONSOON,ALLDAYS,EARLY,INDIA,NER,0.0
ELECTRICITY,2023,MONSOON,ALLDAYS,MORN,INDIA,ER,0.0
ELECTRICITY,2023,MONSOON,ALLDAYS,MORN,INDIA,WR,0.0
ELECTRICITY,2023,MONSOON,ALLDAYS,MORN,INDIA,NR,0.0
ELECTRICITY,2023,MONSOON,ALLDAYS,MORN,INDIA,SR,0.0
ELECTRICITY,2023,MONSOON,ALLDAYS,MORN,INDIA,NER,0.0
ELECTRICITY,2023,MONSOON,ALLDAYS,MID,INDIA,ER,0.0
ELECTRICITY,2023,MONSOON,ALLDAYS,MID,INDIA,WR,0.0
ELECTRICITY,2023,MONSOON,ALLDAYS,MID,INDIA,NR,0.0
ELECTRICITY,2023,MONSOON,ALLDAYS,MID,INDIA,SR,0.0
ELECTRICITY,2023,MONSOON,ALLDAYS,MID,INDIA,NER,0.0
ELECTRICITY,2023,MONSOON,ALLDAYS,AFTERNOON,INDIA,ER,0.0
ELECTRICITY,2023,MONSOON,ALLDAYS,AFTERNOON,INDIA,WR,0.0
ELECTRICITY,2023,MONSOON,ALLDAYS,AFTERNOON,INDIA,NR,0.0
ELECTRICITY,2023,MONSOON,ALLDAYS,AFTERNOON,INDIA,SR,0.0
ELECTRICITY,2023,MONSOON,ALLDAYS,AFTERNOON,INDIA,NER,0.0
ELECTRICITY,2023,MONSOON,ALLDAYS,EVENING,INDIA,ER,0.0
ELECTRICITY,2023,MONSOON,ALLDAYS,EVENING,INDIA,WR,0.0
ELECTRICITY,2023,MONSOON,ALLDAYS,EVENING,INDIA,NR,0.0
ELECTRICITY,2023,MONSOON,ALLDAYS,EVENING,INDIA,SR,0.0
ELECTRICITY,2023,MONSOON,ALLDAYS,EVENING,INDIA,NER,0.0
ELECTRICITY,2023,MONSOON,ALLDAYS,NIGHT,INDIA,ER,0.0
ELECTRICITY,2023,MONSOON,ALLDAYS,NIGHT,INDIA,WR,0.0
ELECTRICITY,2023,MONSOON,ALLDAYS,NIGHT,INDIA,NR,0.0
ELECTRICITY,2023,MONSOON,ALLDAYS,NIGHT,INDIA,SR,0.0
ELECTRICITY,2023,MONSOON,ALLDAYS,NIGHT,INDIA,NER,0.0
ELECTRICITY,2023,AUTUMN,ALLDAYS,EARLY,INDIA,ER,0.0
ELECTRICITY,2023,AUTUMN,ALLDAYS,EARLY,INDIA,WR,0.0
ELECTRICITY,2023,AUTUMN,ALLDAYS,EARLY,INDIA,NR,0.0
ELECTRICITY,2023,AUTUMN,ALLDAYS,EARLY,INDIA,SR,0.0
ELECTRICITY,2023,AUTUMN,ALLDAYS,EARLY,INDIA,NER,0.0
ELECTRICITY,2023,AUTUMN,ALLDAYS,MORN,INDIA,ER,0.0
ELECTRICITY,2023,AUTUMN,ALLDAYS,MORN,INDIA,WR,0.0
ELECTRICITY,2023,AUTUMN,ALLDAYS,MORN,INDIA,NR,0.0
ELECTRICITY,2023,AUTUMN,ALLDAYS,MORN,INDIA,SR,0.0
ELECTRICITY,2023,AUTUMN,ALLDAYS,MORN,INDIA,NER,0.0
ELECTRICITY,2023,AUTUMN,ALLDAYS,MID,INDIA,ER,0.0
ELECTRICITY,2023,AUTUMN,ALLDAYS,MID,INDIA,WR,0.0
ELECTRICITY,2023,AUTUMN,ALLDAYS,MID,INDIA,NR,0.0
ELECTRICITY,2023,AUTUMN,ALLDAYS,MID,INDIA,SR,0.0
ELECTRICITY,2023,AUTUMN,ALLDAYS,MID,INDIA,NER,0.0
ELECTRICITY,2023,AUTUMN,ALLDAYS,AFTERNOON,INDIA,ER,0.0
ELECTRICITY,2023,AUTUMN,ALLDAYS,AFTERNOON,INDIA,WR,0.0
ELECTRICITY,2023,AUTUMN,ALLDAYS,AFTERNOON,INDIA,NR,0.0
ELECTRICITY,2023,AUTUMN,ALLDAYS,AFTERNOON,INDIA,SR,0.0
ELECTRICITY,2023,AUTUMN,ALLDAYS,AFTERNOON,INDIA,NER,0.0
ELECTRICITY,2023,AUTUMN,ALLDAYS,EVENING,INDIA,ER,0.0
ELECTRICITY,2023,AUTUMN,ALLDAYS,EVENING,INDIA,WR,0.0
ELECTRICITY,2023,AUTUMN,ALLDAYS,EVENING,INDIA,NR,0.0
ELECTRICITY,2023,AUTUMN,ALLDAYS,EVENING,INDIA,SR,0.0
ELECTRICITY,2023,AUTUMN,ALLDAYS,EVENING,INDIA,NER,0.0
ELECTRICITY,2023,AUTUMN,ALLDAYS,NIGHT,INDIA,ER,0.0
ELECTRICITY,2023,AUTUMN,ALLDAYS,NIGHT,INDIA,WR,0.0
ELECTRICITY,2023,AUTUMN,ALLDAYS,NIGHT,INDIA,NR,0.0
ELECTRICITY,2023,AUTUMN,ALLDAYS,NIGHT,INDIA,SR,0.0
ELECTRICITY,2023,AUTUMN,ALLDAYS,NIGHT,INDIA,NER,0.0
ELECTRICITY,2023,WINTER,ALLDAYS,EARLY,INDIA,ER,0.0
ELECTRICITY,2023,WINTER,ALLDAYS,EARLY,INDIA,WR,0.0
ELECTRICITY,2023,WINTER,ALLDAYS,EARLY,INDIA,NR,0.0
ELECTRICITY,2023,WINTER,ALLDAYS,EARLY,INDIA,SR,0.0
ELECTRICITY,2023,WINTER,ALLDAYS,EARLY,INDIA,NER,0.0
ELECTRICITY,2023,WINTER,ALLDAYS,MORN,INDIA,ER,0.0
ELECTRICITY,2023,WINTER,ALLDAYS,MORN,INDIA,WR,0.0
ELECTRICITY,2023,WINTER,ALLDAYS,MORN,INDIA,NR,0.0
ELECTRICITY,2023,WINTER,ALLDAYS,MORN,INDIA,SR,0.0
ELECTRICITY,2023,WINTER,ALLDAYS,MORN,INDIA,NER,0.0
ELECTRICITY,2023,WINTER,ALLDAYS,MID,INDIA,ER,0.0
ELECTRICITY,2023,WINTER,ALLDAYS,MID,INDIA,WR,0.0
ELECTRICITY,2023,WINTER,ALLDAYS,MID,INDIA,NR,0.0
ELECTRICITY,2023,WINTER,ALLDAYS,MID,INDIA,SR,0.0
ELECTRICITY,2023,WINTER,ALLDAYS,MID,INDIA,NER,0.0
ELECTRICITY,2023,WINTER,ALLDAYS,AFTERNOON,INDIA,ER,0.0
ELECTRICITY,2023,WINTER,ALLDAYS,AFTERNOON,INDIA,WR,0.0
ELECTRICITY,2023,WINTER,ALLDAYS,AFTERNOON,INDIA,NR,0.0
ELECTRICITY,2023,WINTER,ALLDAYS,AFTERNOON,INDIA,SR,0.0
ELECTRICITY,2023,WINTER,ALLDAYS,AFTERNOON,INDIA,NER,0.0
ELECTRICITY,2023,WINTER,ALLDAYS,EVENING,INDIA,ER,0.0
ELECTRICITY,2023,WINTER,ALLDAYS,EVENING,INDIA,WR,0.0
ELECTRICITY,2023,WINTER,ALLDAYS,EVENING,INDIA,NR,0.0
ELECTRICITY,2023,WINTER,ALLDAYS,EVENING,INDIA,SR,0.0
ELECTRICITY,2023,WINTER,ALLDAYS,EVENING,INDIA,NER,0.0
ELECTRICITY,2023,WINTER,ALLDAYS,NIGHT,INDIA,ER,0.0
ELECTRICITY,2023,WINTER,ALLDAYS,NIGHT,INDIA,WR,0.0
ELECTRICITY,2023,WINTER,ALLDAYS,NIGHT,INDIA,NR,0.0
ELECTRICITY,2023,WINTER,ALLDAYS,NIGHT,INDIA,SR,0.0
ELECTRICITY,2023,WINTER,ALLDAYS,NIGHT,INDIA,NER,0.0
ELECTRICITY,2023,SPRING,ALLDAYS,EARLY,INDIA,ER,0.0
ELECTRICITY,2023,SPRING,ALLDAYS,EARLY,INDIA,WR,0.0
ELECTRICITY,2023,SPRING,ALLDAYS,EARLY,INDIA,NR,0.0
ELECTRICITY,2023,SPRING,ALLDAYS,EARLY,INDIA,SR,0.0
ELECTRICITY,2023,SPRING,ALLDAYS,EARLY,INDIA,NER,0.0
ELECTRICITY,2023,SPRING,ALLDAYS,MORN,INDIA,ER,0.0
ELECTRICITY,2023,SPRING,ALLDAYS,MORN,INDIA,WR,0.0
ELECTRICITY,2023,SPRING,ALLDAYS,MORN,INDIA,NR,0.0
ELECTRICITY,2023,SPRING,ALLDAYS,MORN,INDIA,SR,0.0
ELECTRICITY,2023,SPRING,ALLDAYS,MORN,INDIA,NER,0.0
ELECTRICITY,2023,SPRING,ALLDAYS,MID,INDIA,ER,0.0
ELECTRICITY,2023,SPRING,ALLDAYS,MID,INDIA,WR,0.0
ELECTRICITY,2023,SPRING,ALLDAYS,MID,INDIA,NR,0.0
ELECTRICITY,2023,SPRING,ALLDAYS,MID,INDIA,SR,0.0
ELECTRICITY,2023,SPRING,ALLDAYS,MID,INDIA,NER,0.0
ELECTRICITY,2023,SPRING,ALLDAYS,AFTERNOON,INDIA,ER,0.0
ELECTRICITY,2023,SPRING,ALLDAYS,AFTERNOON,INDIA,WR,0.0
ELECTRICITY,2023,SPRING,ALLDAYS,AFTERNOON,INDIA,NR,0.0
ELECTRICITY,2023,SPRING,ALLDAYS,AFTERNOON,INDIA,SR,0.0
ELECTRICITY,2023,SPRING,ALLDAYS,AFTERNOON,INDIA,NER,0.0
ELECTRICITY,2023,SPRING,ALLDAYS,EVENING,INDIA,ER,0.0
ELECTRICITY,2023,SPRING,ALLDAYS,EVENING,INDIA,WR,0.0
ELECTRICITY,2023,SPRING,ALLDAYS,EVENING,INDIA,NR,0.0
ELECTRICITY,2023,SPRING,ALLDAYS,EVENING,INDIA,SR,0.0
ELECTRICITY,2023,SPRING,ALLDAYS,EVENING,INDIA,NER,0.0
ELECTRICITY,2023,SPRING,ALLDAYS,NIGHT,INDIA,ER,0.0
ELECTRICITY,2023,SPRING,ALLDAYS,NIGHT,INDIA,WR,0.0
ELECTRICITY,2023,SPRING,ALLDAYS,NIGHT,INDIA,NR,0.0
ELECTRICITY,2023,SPRING,ALLDAYS,NIGHT,INDIA,SR,0.0
ELECTRICITY,2023,SPRING,ALLDAYS,NIGHT,INDIA,NER,0.0
ELECTRICITY,2024,SUMMER,ALLDAYS,EARLY,INDIA,ER,0.0
ELECTRICITY,2024,SUMMER,ALLDAYS,EARLY,INDIA,WR,0.0
ELECTRICITY,2024,SUMMER,ALLDAYS,EARLY,INDIA,NR,0.0
ELECTRICITY,2024,SUMMER,ALLDAYS,EARLY,INDIA,SR,0.0
ELECTRICITY,2024,SUMMER,ALLDAYS,EARLY,INDIA,NER,0.0
ELECTRICITY,2024,SUMMER,ALLDAYS,MORN,INDIA,ER,0.0
ELECTRICITY,2024,SUMMER,ALLDAYS,MORN,INDIA,WR,0.0
ELECTRICITY,2024,SUMMER,ALLDAYS,MORN,INDIA,NR,0.0
ELECTRICITY,2024,SUMMER,ALLDAYS,MORN,INDIA,SR,0.0
ELECTRICITY,2024,SUMMER,ALLDAYS,MORN,INDIA,NER,0.0
ELECTRICITY,2024,SUMMER,ALLDAYS,MID,INDIA,ER,0.0
ELECTRICITY,2024,SUMMER,ALLDAYS,MID,INDIA,WR,0.0
ELECTRICITY,2024,SUMMER,ALLDAYS,MID,INDIA,NR,0.0
ELECTRICITY,2024,SUMMER,ALLDAYS,MID,INDIA,SR,0.0
ELECTRICITY,2024,SUMMER,ALLDAYS,MID,INDIA,NER,0.0
ELECTRICITY,2024,SUMMER,ALLDAYS,AFTERNOON,INDIA,ER,0.0
ELECTRICITY,2024,SUMMER,ALLDAYS,AFTERNOON,INDIA,WR,0.0
ELECTRICITY,2024,SUMMER,ALLDAYS,AFTERNOON,INDIA,NR,0.0
ELECTRICITY,2024,SUMMER,ALLDAYS,AFTERNOON,INDIA,SR,0.0
ELECTRICITY,2024,SUMMER,ALLDAYS,AFTERNOON,INDIA,NER,0.0
ELECTRICITY,2024,SUMMER,ALLDAYS,EVENING,INDIA,ER,0.0
ELECTRICITY,2024,SUMMER,ALLDAYS,EVENING,INDIA,WR,0.0
ELECTRICITY,2024,SUMMER,ALLDAYS,EVENING,INDIA,NR,0.0
ELECTRICITY,2024,SUMMER,ALLDAYS,EVENING,INDIA,SR,0.0
ELECTRICITY,2024,SUMMER,ALLDAYS,EVENING,INDIA,NER,0.0
ELECTRICITY,2024,SUMMER,ALLDAYS,NIGHT,INDIA,ER,0.0
ELECTRICITY,2024,SUMMER,ALLDAYS,NIGHT,INDIA,WR,0.0
ELECTRICITY,2024,SUMMER,ALLDAYS,NIGHT,INDIA,NR,0.0
ELECTRICITY,2024,SUMMER,ALLDAYS,NIGHT,INDIA,SR,0.0
ELECTRICITY,2024,SUMMER,ALLDAYS,NIGHT,INDIA,NER,0.0
ELECTRICITY,2024,MONSOON,ALLDAYS,EARLY,INDIA,ER,0.0
ELECTRICITY,2024,MONSOON,ALLDAYS,EARLY,INDIA,WR,0.0
ELECTRICITY,2024,MONSOON,ALLDAYS,EARLY,INDIA,NR,0.0
ELECTRICITY,2024,MONSOON,ALLDAYS,EARLY,INDIA,SR,0.0
ELECTRICITY,2024,MONSOON,ALLDAYS,EARLY,INDIA,NER,0.0
ELECTRICITY,2024,MONSOON,ALLDAYS,MORN,INDIA,ER,0.0
ELECTRICITY,2024,MONSOON,ALLDAYS,MORN,INDIA,WR,0.0
ELECTRICITY,2024,MONSOON,ALLDAYS,MORN,INDIA,NR,0.0
ELECTRICITY,2024,MONSOON,ALLDAYS,MORN,INDIA,SR,0.0
ELECTRICITY,2024,MONSOON,ALLDAYS,MORN,INDIA,NER,0.0
ELECTRICITY,2024,MONSOON,ALLDAYS,MID,INDIA,ER,0.0
ELECTRICITY,2024,MONSOON,ALLDAYS,MID,INDIA,WR,0.0
ELECTRICITY,2024,MONSOON,ALLDAYS,MID,INDIA,NR,0.0
ELECTRICITY,2024,MONSOON,ALLDAYS,MID,INDIA,SR,0.0
ELECTRICITY,2024,MONSOON,ALLDAYS,MID,INDIA,NER,0.0
ELECTRICITY,2024,MONSOON,ALLDAYS,AFTERNOON,INDIA,ER,0.0
ELECTRICITY,2024,MONSOON,ALLDAYS,AFTERNOON,INDIA,WR,0.0
ELECTRICITY,2024,MONSOON,ALLDAYS,AFTERNOON,INDIA,NR,0.0
ELECTRICITY,2024,MONSOON,ALLDAYS,AFTERNOON,INDIA,SR,0.0
ELECTRICITY,2024,MONSOON,ALLDAYS,AFTERNOON,INDIA,NER,0.0
ELECTRICITY,2024,MONSOON,ALLDAYS,EVENING,INDIA,ER,0.0
ELECTRICITY,2024,MONSOON,ALLDAYS,EVENING,INDIA,WR,0.0
ELECTRICITY,2024,MONSOON,ALLDAYS,EVENING,INDIA,NR,0.0
ELECTRICITY,2024,MONSOON,ALLDAYS,EVENING,INDIA,SR,0.0
ELECTRICITY,2024,MONSOON,ALLDAYS,EVENING,INDIA,NER,0.0
ELECTRICITY,2024,MONSOON,ALLDAYS,NIGHT,INDIA,ER,0.0
ELECTRICITY,2024,MONSOON,ALLDAYS,NIGHT,INDIA,WR,0.0
ELECTRICITY,2024,MONSOON,ALLDAYS,NIGHT,INDIA,NR,0.0
ELECTRICITY,2024,MONSOON,ALLDAYS,NIGHT,INDIA,SR,0.0
ELECTRICITY,2024,MONSOON,ALLDAYS,NIGHT,INDIA,NER,0.0
ELECTRICITY,2024,AUTUMN,ALLDAYS,EARLY,INDIA,ER,0.0
ELECTRICITY,2024,AUTUMN,ALLDAYS,EARLY,INDIA,WR,0.0
ELECTRICITY,2024,AUTUMN,ALLDAYS,EARLY,INDIA,NR,0.0
ELECTRICITY,2024,AUTUMN,ALLDAYS,EARLY,INDIA,SR,0.0
ELECTRICITY,2024,AUTUMN,ALLDAYS,EARLY,INDIA,NER,0.0
ELECTRICITY,2024,AUTUMN,ALLDAYS,MORN,INDIA,ER,0.0
ELECTRICITY,2024,AUTUMN,ALLDAYS,MORN,INDIA,WR,0.0
ELECTRICITY,2024,AUTUMN,ALLDAYS,MORN,INDIA,NR,0.0
ELECTRICITY,2024,AUTUMN,ALLDAYS,MORN,INDIA,SR,0.0
ELECTRICITY,2024,AUTUMN,ALLDAYS,MORN,INDIA,NER,0.0
ELECTRICITY,2024,AUTUMN,ALLDAYS,MID,INDIA,ER,0.0
ELECTRICITY,2024,AUTUMN,ALLDAYS,MID,INDIA,WR,0.0
ELECTRICITY,2024,AUTUMN,ALLDAYS,MID,INDIA,NR,0.0
ELECTRICITY,2024,AUTUMN,ALLDAYS,MID,INDIA,SR,0.0
ELECTRICITY,2024,AUTUMN,ALLDAYS,MID,INDIA,NER,0.0
ELECTRICITY,2024,AUTUMN,ALLDAYS,AFTERNOON,INDIA,ER,0.0
ELECTRICITY,2024,AUTUMN,ALLDAYS,AFTERNOON,INDIA,WR,0.0
ELECTRICITY,2024,AUTUMN,ALLDAYS,AFTERNOON,INDIA,NR,0.0
ELECTRICITY,2024,AUTUMN,ALLDAYS,AFTERNOON,INDIA,SR,0.0
ELECTRICITY,2024,AUTUMN,ALLDAYS,AFTERNOON,INDIA,NER,0.0
ELECTRICITY,2024,AUTUMN,ALLDAYS,EVENING,INDIA,ER,0.0
ELECTRICITY,2024,AUTUMN,ALLDAYS,EVENING,INDIA,WR,0.0
ELECTRICITY,2024,AUTUMN,ALLDAYS,EVENING,INDIA,NR,0.0
ELECTRICITY,2024,AUTUMN,ALLDAYS,EVENING,INDIA,SR,0.0
ELECTRICITY,2024,AUTUMN,ALLDAYS,EVENING,INDIA,NER,0.0
ELECTRICITY,2024,AUTUMN,ALLDAYS,NIGHT,INDIA,ER,0.0
ELECTRICITY,2024,AUTUMN,ALLDAYS,NIGHT,INDIA,WR,0.0
ELECTRICITY,2024,AUTUMN,ALLDAYS,NIGHT,INDIA,NR,0.0
ELECTRICITY,2024,AUTUMN,ALLDAYS,NIGHT,INDIA,SR,0.0
ELECTRICITY,2024,AUTUMN,ALLDAYS,NIGHT,INDIA,NER,0.0
ELECTRICITY,2024,WINTER,ALLDAYS,EARLY,INDIA,ER,0.0
ELECTRICITY,2024,WINTER,ALLDAYS,EARLY,INDIA,WR,0.0
ELECTRICITY,2024,WINTER,ALLDAYS,EARLY,INDIA,NR,0.0
ELECTRICITY,2024,WINTER,ALLDAYS,EARLY,INDIA,SR,0.0
ELECTRICITY,2024,WINTER,ALLDAYS,EARLY,INDIA,NER,0.0
ELECTRICITY,2024,WINTER,ALLDAYS,MORN,INDIA,ER,0.0
ELECTRICITY,2024,WINTER,ALLDAYS,MORN,INDIA,WR,0.0
ELECTRICITY,2024,WINTER,ALLDAYS,MORN,INDIA,NR,0.0
ELECTRICITY,2024,WINTER,ALLDAYS,MORN,INDIA,SR,0.0
ELECTRICITY,2024,WINTER,ALLDAYS,MORN,INDIA,NER,0.0
ELECTRICITY,2024,WINTER,ALLDAYS,MID,INDIA,ER,0.0
ELECTRICITY,2024,WINTER,ALLDAYS,MID,INDIA,WR,0.0
ELECTRICITY,2024,WINTER,ALLDAYS,MID,INDIA,NR,0.0
ELECTRICITY,2024,WINTER,ALLDAYS,MID,INDIA,SR,0.0
ELECTRICITY,2024,WINTER,ALLDAYS,MID,INDIA,NER,0.0
ELECTRICITY,2024,WINTER,ALLDAYS,AFTERNOON,INDIA,ER,0.0
ELECTRICITY,2024,WINTER,ALLDAYS,AFTERNOON,INDIA,WR,0.0
ELECTRICITY,2024,WINTER,ALLDAYS,AFTERNOON,INDIA,NR,0.0
ELECTRICITY,2024,WINTER,ALLDAYS,AFTERNOON,INDIA,SR,0.0
ELECTRICITY,2024,WINTER,ALLDAYS,AFTERNOON,INDIA,NER,0.0
ELECTRICITY,2024,WINTER,ALLDAYS,EVENING,INDIA,ER,0.0
ELECTRICITY,2024,WINTER,ALLDAYS,EVENING,INDIA,WR,0.0
ELECTRICITY,2024,WINTER,ALLDAYS,EVENING,INDIA,NR,0.0
ELECTRICITY,2024,WINTER,ALLDAYS,EVENING,INDIA,SR,0.0
ELECTRICITY,2024,WINTER,ALLDAYS,EVENING,INDIA,NER,0.0
ELECTRICITY,2024,WINTER,ALLDAYS,NIGHT,INDIA,ER,0.0
ELECTRICITY,2024,WINTER,ALLDAYS,NIGHT,INDIA,WR,0.0
ELECTRICITY,2024,WINTER,ALLDAYS,NIGHT,INDIA,NR,0.0
ELECTRICITY,2024,WINTER,ALLDAYS,NIGHT,INDIA,SR,0.0
ELECTRICITY,2024,WINTER,ALLDAYS,NIGHT,INDIA,NER,0.0
ELECTRICITY,2024,SPRING,ALLDAYS,EARLY,INDIA,ER,0.0
ELECTRICITY,2024,SPRING,ALLDAYS,EARLY,INDIA,WR,0.0
ELECTRICITY,2024,SPRING,ALLDAYS,EARLY,INDIA,NR,0.0
ELECTRICITY,2024,SPRING,ALLDAYS,EARLY,INDIA,SR,0.0
ELECTRICITY,2024,SPRING,ALLDAYS,EARLY,INDIA,NER,0.0
ELECTRICITY,2024,SPRING,ALLDAYS,MORN,INDIA,ER,0.0
ELECTRICITY,2024,SPRING,ALLDAYS,MORN,INDIA,WR,0.0
ELECTRICITY,2024,SPRING,ALLDAYS,MORN,INDIA,NR,0.0
ELECTRICITY,2024,SPRING,ALLDAYS,MORN,INDIA,SR,0.0
ELECTRICITY,2024,SPRING,ALLDAYS,MORN,INDIA,NER,0.0
ELECTRICITY,2024,SPRING,ALLDAYS,MID,INDIA,ER,0.0
ELECTRICITY,2024,SPRING,ALLDAYS,MID,INDIA,WR,0.0
ELECTRICITY,2024,SPRING,ALLDAYS,MID,INDIA,NR,0.0
ELECTRICITY,2024,SPRING,ALLDAYS,MID,INDIA,SR,0.0
ELECTRICITY,2024,SPRING,ALLDAYS,MID,INDIA,NER,0.0
ELECTRICITY,2024,SPRING,ALLDAYS,AFTERNOON,INDIA,ER,0.0
ELECTRICITY,2024,SPRING,ALLDAYS,AFTERNOON,INDIA,WR,0.0
ELECTRICITY,2024,SPRING,ALLDAYS,AFTERNOON,INDIA,NR,0.0
ELECTRICITY,2024,SPRING,ALLDAYS,AFTERNOON,INDIA,SR,0.0
ELECTRICITY,2024,SPRING,ALLDAYS,AFTERNOON,INDIA,NER,0.0
ELECTRICITY,2024,SPRING,ALLDAYS,EVENING,INDIA,ER,0.0
ELECTRICITY,2024,SPRING,ALLDAYS,EVENING,INDIA,WR,0.0
ELECTRICITY,2024,SPRING,ALLDAYS,EVENING,INDIA,NR,0.0
ELECTRICITY,2024,SPRING,ALLDAYS,EVENING,INDIA,SR,0.0
ELECTRICITY,2024,SPRING,ALLDAYS,EVENING,INDIA,NER,0.0
ELECTRICITY,2024,SPRING,ALLDAYS,NIGHT,INDIA,ER,0.0
ELECTRICITY,2024,SPRING,ALLDAYS,NIGHT,INDIA,WR,0.0
ELECTRICITY,2024,SPRING,ALLDAYS,NIGHT,INDIA,NR,0.0
ELECTRICITY,2024,SPRING,ALLDAYS,NIGHT,INDIA,SR,0.0
ELECTRICITY,2024,SPRING,ALLDAYS,NIGHT,INDIA,NER,0.0
ELECTRICITY,2025,SUMMER,ALLDAYS,EARLY,INDIA,ER,0.0
ELECTRICITY,2025,SUMMER,ALLDAYS,EARLY,INDIA,WR,0.0
ELECTRICITY,2025,SUMMER,ALLDAYS,EARLY,INDIA,NR,0.0
ELECTRICITY,2025,SUMMER,ALLDAYS,EARLY,INDIA,SR,0.0
ELECTRICITY,2025,SUMMER,ALLDAYS,EARLY,INDIA,NER,0.0
ELECTRICITY,2025,SUMMER,ALLDAYS,MORN,INDIA,ER,0.0
ELECTRICITY,2025,SUMMER,ALLDAYS,MORN,INDIA,WR,0.0
ELECTRICITY,2025,SUMMER,ALLDAYS,MORN,INDIA,NR,0.0
ELECTRICITY,2025,SUMMER,ALLDAYS,MORN,INDIA,SR,0.0
ELECTRICITY,2025,SUMMER,ALLDAYS,MORN,INDIA,NER,0.0
ELECTRICITY,2025,SUMMER,ALLDAYS,MID,INDIA,ER,0.0
ELECTRICITY,2025,SUMMER,ALLDAYS,MID,INDIA,WR,0.0
ELECTRICITY,2025,SUMMER,ALLDAYS,MID,INDIA,NR,0.0
ELECTRICITY,2025,SUMMER,ALLDAYS,MID,INDIA,SR,0.0
ELECTRICITY,2025,SUMMER,ALLDAYS,MID,INDIA,NER,0.0
ELECTRICITY,2025,SUMMER,ALLDAYS,AFTERNOON,INDIA,ER,0.0
ELECTRICITY,2025,SUMMER,ALLDAYS,AFTERNOON,INDIA,WR,0.0
ELECTRICITY,2025,SUMMER,ALLDAYS,AFTERNOON,INDIA,NR,0.0
ELECTRICITY,2025,SUMMER,ALLDAYS,AFTERNOON,INDIA,SR,0.0
ELECTRICITY,2025,SUMMER,ALLDAYS,AFTERNOON,INDIA,NER,0.0
ELECTRICITY,2025,SUMMER,ALLDAYS,EVENING,INDIA,ER,0.0
ELECTRICITY,2025,SUMMER,ALLDAYS,EVENING,INDIA,WR,0.0
ELECTRICITY,2025,SUMMER,ALLDAYS,EVENING,INDIA,NR,0.0
ELECTRICITY,2025,SUMMER,ALLDAYS,EVENING,INDIA,SR,0.0
ELECTRICITY,2025,SUMMER,ALLDAYS,EVENING,INDIA,NER,0.0
ELECTRICITY,2025,SUMMER,ALLDAYS,NIGHT,INDIA,ER,0.0
ELECTRICITY,2025,SUMMER,ALLDAYS,NIGHT,INDIA,WR,0.0
ELECTRICITY,2025,SUMMER,ALLDAYS,NIGHT,INDIA,NR,0.0
ELECTRICITY,2025,SUMMER,ALLDAYS,NIGHT,INDIA,SR,0.0
ELECTRICITY,2025,SUMMER,ALLDAYS,NIGHT,INDIA,NER,0.0
ELECTRICITY,2025,MONSOON,ALLDAYS,EARLY,INDIA,ER,0.0
ELECTRICITY,2025,MONSOON,ALLDAYS,EARLY,INDIA,WR,0.0
ELECTRICITY,2025,MONSOON,ALLDAYS,EARLY,INDIA,NR,0.0
ELECTRICITY,2025,MONSOON,ALLDAYS,EARLY,INDIA,SR,0.0
ELECTRICITY,2025,MONSOON,ALLDAYS,EARLY,INDIA,NER,0.0
ELECTRICITY,2025,MONSOON,ALLDAYS,MORN,INDIA,ER,0.0
ELECTRICITY,2025,MONSOON,ALLDAYS,MORN,INDIA,WR,0.0
ELECTRICITY,2025,MONSOON,ALLDAYS,MORN,INDIA,NR,0.0
ELECTRICITY,2025,MONSOON,ALLDAYS,MORN,INDIA,SR,0.0
ELECTRICITY,2025,MONSOON,ALLDAYS,MORN,INDIA,NER,0.0
ELECTRICITY,2025,MONSOON,ALLDAYS,MID,INDIA,ER,0.0
ELECTRICITY,2025,MONSOON,ALLDAYS,MID,INDIA,WR,0.0
ELECTRICITY,2025,MONSOON,ALLDAYS,MID,INDIA,NR,0.0
ELECTRICITY,2025,MONSOON,ALLDAYS,MID,INDIA,SR,0.0
ELECTRICITY,2025,MONSOON,ALLDAYS,MID,INDIA,NER,0.0
ELECTRICITY,2025,MONSOON,ALLDAYS,AFTERNOON,INDIA,ER,0.0
ELECTRICITY,2025,MONSOON,ALLDAYS,AFTERNOON,INDIA,WR,0.0
ELECTRICITY,2025,MONSOON,ALLDAYS,AFTERNOON,INDIA,NR,0.0
ELECTRICITY,2025,MONSOON,ALLDAYS,AFTERNOON,INDIA,SR,0.0
ELECTRICITY,2025,MONSOON,ALLDAYS,AFTERNOON,INDIA,NER,0.0
ELECTRICITY,2025,MONSOON,ALLDAYS,EVENING,INDIA,ER,0.0
ELECTRICITY,2025,MONSOON,ALLDAYS,EVENING,INDIA,WR,0.0
ELECTRICITY,2025,MONSOON,ALLDAYS,EVENING,INDIA,NR,0.0
ELECTRICITY,2025,MONSOON,ALLDAYS,EVENING,INDIA,SR,0.0
ELECTRICITY,2025,MONSOON,ALLDAYS,EVENING,INDIA,NER,0.0
ELECTRICITY,2025,MONSOON,ALLDAYS,NIGHT,INDIA,ER,0.0
ELECTRICITY,2025,MONSOON,ALLDAYS,NIGHT,INDIA,WR,0.0
ELECTRICITY,2025,MONSOON,ALLDAYS,NIGHT,INDIA,NR,0.0
ELECTRICITY,2025,MONSOON,ALLDAYS,NIGHT,INDIA,SR,0.0
ELECTRICITY,2025,MONSOON,ALLDAYS,NIGHT,INDIA,NER,0.0
ELECTRICITY,2025,AUTUMN,ALLDAYS,EARLY,INDIA,ER,0.0
ELECTRICITY,2025,AUTUMN,ALLDAYS,EARLY,INDIA,WR,0.0
ELECTRICITY,2025,AUTUMN,ALLDAYS,EARLY,INDIA,NR,0.0
ELECTRICITY,2025,AUTUMN,ALLDAYS,EARLY,INDIA,SR,0.0
ELECTRICITY,2025,AUTUMN,ALLDAYS,EARLY,INDIA,NER,0.0
ELECTRICITY,2025,AUTUMN,ALLDAYS,MORN,INDIA,ER,0.0
ELECTRICITY,2025,AUTUMN,ALLDAYS,MORN,INDIA,WR,0.0
ELECTRICITY,2025,AUTUMN,ALLDAYS,MORN,INDIA,NR,0.0
ELECTRICITY,2025,AUTUMN,ALLDAYS,MORN,INDIA,SR,0.0
ELECTRICITY,2025,AUTUMN,ALLDAYS,MORN,INDIA,NER,0.0
ELECTRICITY,2025,AUTUMN,ALLDAYS,MID,INDIA,ER,0.0
ELECTRICITY,2025,AUTUMN,ALLDAYS,MID,INDIA,WR,0.0
ELECTRICITY,2025,AUTUMN,ALLDAYS,MID,INDIA,NR,0.0
ELECTRICITY,2025,AUTUMN,ALLDAYS,MID,INDIA,SR,0.0
ELECTRICITY,2025,AUTUMN,ALLDAYS,MID,INDIA,NER,0.0
ELECTRICITY,2025,AUTUMN,ALLDAYS,AFTERNOON,INDIA,ER,0.0
ELECTRICITY,2025,AUTUMN,ALLDAYS,AFTERNOON,INDIA,WR,0.0
ELECTRICITY,2025,AUTUMN,ALLDAYS,AFTERNOON,INDIA,NR,0.0
ELECTRICITY,2025,AUTUMN,ALLDAYS,AFTERNOON,INDIA,SR,0.0
ELECTRICITY,2025,AUTUMN,ALLDAYS,AFTERNOON,INDIA,NER,0.0
ELECTRICITY,2025,AUTUMN,ALLDAYS,EVENING,INDIA,ER,0.0
ELECTRICITY,2025,AUTUMN,ALLDAYS,EVENING,INDIA,WR,0.0
ELECTRICITY,2025,AUTUMN,ALLDAYS,EVENING,INDIA,NR,0.0
ELECTRICITY,2025,AUTUMN,ALLDAYS,EVENING,INDIA,SR,0.0
ELECTRICITY,2025,AUTUMN,ALLDAYS,EVENING,INDIA,NER,0.0
ELECTRICITY,2025,AUTUMN,ALLDAYS,NIGHT,INDIA,ER,0.0
ELECTRICITY,2025,AUTUMN,ALLDAYS,NIGHT,INDIA,WR,0.0
ELECTRICITY,2025,AUTUMN,ALLDAYS,NIGHT,INDIA,NR,0.0
ELECTRICITY,2025,AUTUMN,ALLDAYS,NIGHT,INDIA,SR,0.0
ELECTRICITY,2025,AUTUMN,ALLDAYS,NIGHT,INDIA,NER,0.0
ELECTRICITY,2025,WINTER,ALLDAYS,EARLY,INDIA,ER,0.0
ELECTRICITY,2025,WINTER,ALLDAYS,EARLY,INDIA,WR,0.0
ELECTRICITY,2025,WINTER,ALLDAYS,EARLY,INDIA,NR,0.0
ELECTRICITY,2025,WINTER,ALLDAYS,EARLY,INDIA,SR,0.0
ELECTRICITY,2025,WINTER,ALLDAYS,EARLY,INDIA,NER,0.0
ELECTRICITY,2025,WINTER,ALLDAYS,MORN,INDIA,ER,0.0
ELECTRICITY,2025,WINTER,ALLDAYS,MORN,INDIA,WR,0.0
ELECTRICITY,2025,WINTER,ALLDAYS,MORN,INDIA,NR,0.0
ELECTRICITY,2025,WINTER,ALLDAYS,MORN,INDIA,SR,0.0
ELECTRICITY,2025,WINTER,ALLDAYS,MORN,INDIA,NER,0.0
ELECTRICITY,2025,WINTER,ALLDAYS,MID,INDIA,ER,0.0
ELECTRICITY,2025,WINTER,ALLDAYS,MID,INDIA,WR,0.0
ELECTRICITY,2025,WINTER,ALLDAYS,MID,INDIA,NR,0.0
ELECTRICITY,2025,WINTER,ALLDAYS,MID,INDIA,SR,0.0
ELECTRICITY,2025,WINTER,ALLDAYS,MID,INDIA,NER,0.0
ELECTRICITY,2025,WINTER,ALLDAYS,AFTERNOON,INDIA,ER,0.0
ELECTRICITY,2025,WINTER,ALLDAYS,AFTERNOON,INDIA,WR,0.0
ELECTRICITY,2025,WINTER,ALLDAYS,AFTERNOON,INDIA,NR,0.0
ELECTRICITY,2025,WINTER,ALLDAYS,AFTERNOON,INDIA,SR,0.0
ELECTRICITY,2025,WINTER,ALLDAYS,AFTERNOON,INDIA,NER,0.0
ELECTRICITY,2025,WINTER,ALLDAYS,EVENING,INDIA,ER,0.0
ELECTRICITY,2025,WINTER,ALLDAYS,EVENING,INDIA,WR,0.0
ELECTRICITY,2025,WINTER,ALLDAYS,EVENING,INDIA,NR,0.0
ELECTRICITY,2025,WINTER,ALLDAYS,EVENING,INDIA,SR,0.0
ELECTRICITY,2025,WINTER,ALLDAYS,EVENING,INDIA,NER,0.0
ELECTRICITY,2025,WINTER,ALLDAYS,NIGHT,INDIA,ER,0.0
ELECTRICITY,2025,WINTER,ALLDAYS,NIGHT,INDIA,WR,0.0
ELECTRICITY,2025,WINTER,ALLDAYS,NIGHT,INDIA,NR,0.0
ELECTRICITY,2025,WINTER,ALLDAYS,NIGHT,INDIA,SR,0.0
ELECTRICITY,2025,WINTER,ALLDAYS,NIGHT,INDIA,NER,0.0
ELECTRICITY,2025,SPRING,ALLDAYS,EARLY,INDIA,ER,0.0
ELECTRICITY,2025,SPRING,ALLDAYS,EARLY,INDIA,WR,0.0
ELECTRICITY,2025,SPRING,ALLDAYS,EARLY,INDIA,NR,0.0
ELECTRICITY,2025,SPRING,ALLDAYS,EARLY,INDIA,SR,0.0
ELECTRICITY,2025,SPRING,ALLDAYS,EARLY,INDIA,NER,0.0
ELECTRICITY,2025,SPRING,ALLDAYS,MORN,INDIA,ER,0.0
ELECTRICITY,2025,SPRING,ALLDAYS,MORN,INDIA,WR,0.0
ELECTRICITY,2025,SPRING,ALLDAYS,MORN,INDIA,NR,0.0
ELECTRICITY,2025,SPRING,ALLDAYS,MORN,INDIA,SR,0.0
ELECTRICITY,2025,SPRING,ALLDAYS,MORN,INDIA,NER,0.0
ELECTRICITY,2025,SPRING,ALLDAYS,MID,INDIA,ER,0.0
ELECTRICITY,2025,SPRING,ALLDAYS,MID,INDIA,WR,0.0
ELECTRICITY,2025,SPRING,ALLDAYS,MID,INDIA,NR,0.0
ELECTRICITY,2025,SPRING,ALLDAYS,MID,INDIA,SR,0.0
ELECTRICITY,2025,SPRING,ALLDAYS,MID,INDIA,NER,0.0
ELECTRICITY,2025,SPRING,ALLDAYS,AFTERNOON,INDIA,ER,0.0
ELECTRICITY,2025,SPRING,ALLDAYS,AFTERNOON,INDIA,WR,0.0
ELECTRICITY,2025,SPRING,ALLDAYS,AFTERNOON,INDIA,NR,0.0
ELECTRICITY,2025,SPRING,ALLDAYS,AFTERNOON,INDIA,SR,0.0
ELECTRICITY,2025,SPRING,ALLDAYS,AFTERNOON,INDIA,NER,0.0
ELECTRICITY,2025,SPRING,ALLDAYS,EVENING,INDIA,ER,0.0
ELECTRICITY,2025,SPRING,ALLDAYS,EVENING,INDIA,WR,0.0
ELECTRICITY,2025,SPRING,ALLDAYS,EVENING,INDIA,NR,0.0
ELECTRICITY,2025,SPRING,ALLDAYS,EVENING,INDIA,SR,0.0
ELECTRICITY,2025,SPRING,ALLDAYS,EVENING,INDIA,NER,0.0
ELECTRICITY,2025,SPRING,ALLDAYS,NIGHT,INDIA,ER,0.0
ELECTRICITY,2025,SPRING,ALLDAYS,NIGHT,INDIA,WR,0.0
ELECTRICITY,2025,SPRING,ALLDAYS,NIGHT,INDIA,NR,0.0
ELECTRICITY,2025,SPRING,ALLDAYS,NIGHT,INDIA,SR,0.0
ELECTRICITY,2025,SPRING,ALLDAYS,NIGHT,INDIA,NER,0.0
ELECTRICITY,2026,SUMMER,ALLDAYS,EARLY,INDIA,ER,0.0
ELECTRICITY,2026,SUMMER,ALLDAYS,EARLY,INDIA,WR,0.0
ELECTRICITY,2026,SUMMER,ALLDAYS,EARLY,INDIA,NR,0.0
ELECTRICITY,2026,SUMMER,ALLDAYS,EARLY,INDIA,SR,0.0
ELECTRICITY,2026,SUMMER,ALLDAYS,EARLY,INDIA,NER,0.0
ELECTRICITY,2026,SUMMER,ALLDAYS,MORN,INDIA,ER,0.0
ELECTRICITY,2026,SUMMER,ALLDAYS,MORN,INDIA,WR,0.0
ELECTRICITY,2026,SUMMER,ALLDAYS,MORN,INDIA,NR,0.0
ELECTRICITY,2026,SUMMER,ALLDAYS,MORN,INDIA,SR,0.0
ELECTRICITY,2026,SUMMER,ALLDAYS,MORN,INDIA,NER,0.0
ELECTRICITY,2026,SUMMER,ALLDAYS,MID,INDIA,ER,0.0
ELECTRICITY,2026,SUMMER,ALLDAYS,MID,INDIA,WR,0.0
ELECTRICITY,2026,SUMMER,ALLDAYS,MID,INDIA,NR,0.0
ELECTRICITY,2026,SUMMER,ALLDAYS,MID,INDIA,SR,0.0
ELECTRICITY,2026,SUMMER,ALLDAYS,MID,INDIA,NER,0.0
ELECTRICITY,2026,SUMMER,ALLDAYS,AFTERNOON,INDIA,ER,0.0
ELECTRICITY,2026,SUMMER,ALLDAYS,AFTERNOON,INDIA,WR,0.0
ELECTRICITY,2026,SUMMER,ALLDAYS,AFTERNOON,INDIA,NR,0.0
ELECTRICITY,2026,SUMMER,ALLDAYS,AFTERNOON,INDIA,SR,0.0
ELECTRICITY,2026,SUMMER,ALLDAYS,AFTERNOON,INDIA,NER,0.0
ELECTRICITY,2026,SUMMER,ALLDAYS,EVENING,INDIA,ER,0.0
ELECTRICITY,2026,SUMMER,ALLDAYS,EVENING,INDIA,WR,0.0
ELECTRICITY,2026,SUMMER,ALLDAYS,EVENING,INDIA,NR,0.0
ELECTRICITY,2026,SUMMER,ALLDAYS,EVENING,INDIA,SR,0.0
ELECTRICITY,2026,SUMMER,ALLDAYS,EVENING,INDIA,NER,0.0
ELECTRICITY,2026,SUMMER,ALLDAYS,NIGHT,INDIA,ER,0.0
ELECTRICITY,2026,SUMMER,ALLDAYS,NIGHT,INDIA,WR,0.0
ELECTRICITY,2026,SUMMER,ALLDAYS,NIGHT,INDIA,NR,0.0
ELECTRICITY,2026,SUMMER,ALLDAYS,NIGHT,INDIA,SR,0.0
ELECTRICITY,2026,SUMMER,ALLDAYS,NIGHT,INDIA,NER,0.0
ELECTRICITY,2026,MONSOON,ALLDAYS,EARLY,INDIA,ER,0.0
ELECTRICITY,2026,MONSOON,ALLDAYS,EARLY,INDIA,WR,0.0
ELECTRICITY,2026,MONSOON,ALLDAYS,EARLY,INDIA,NR,0.0
ELECTRICITY,2026,MONSOON,ALLDAYS,EARLY,INDIA,SR,0.0
ELECTRICITY,2026,MONSOON,ALLDAYS,EARLY,INDIA,NER,0.0
ELECTRICITY,2026,MONSOON,ALLDAYS,MORN,INDIA,ER,0.0
ELECTRICITY,2026,MONSOON,ALLDAYS,MORN,INDIA,WR,0.0
ELECTRICITY,2026,MONSOON,ALLDAYS,MORN,INDIA,NR,0.0
ELECTRICITY,2026,MONSOON,ALLDAYS,MORN,INDIA,SR,0.0
ELECTRICITY,2026,MONSOON,ALLDAYS,MORN,INDIA,NER,0.0
ELECTRICITY,2026,MONSOON,ALLDAYS,MID,INDIA,ER,0.0
ELECTRICITY,2026,MONSOON,ALLDAYS,MID,INDIA,WR,0.0
ELECTRICITY,2026,MONSOON,ALLDAYS,MID,INDIA,NR,0.0
ELECTRICITY,2026,MONSOON,ALLDAYS,MID,INDIA,SR,0.0
ELECTRICITY,2026,MONSOON,ALLDAYS,MID,INDIA,NER,0.0
ELECTRICITY,2026,MONSOON,ALLDAYS,AFTERNOON,INDIA,ER,0.0
ELECTRICITY,2026,MONSOON,ALLDAYS,AFTERNOON,INDIA,WR,0.0
ELECTRICITY,2026,MONSOON,ALLDAYS,AFTERNOON,INDIA,NR,0.0
ELECTRICITY,2026,MONSOON,ALLDAYS,AFTERNOON,INDIA,SR,0.0
ELECTRICITY,2026,MONSOON,ALLDAYS,AFTERNOON,INDIA,NER,0.0
ELECTRICITY,2026,MONSOON,ALLDAYS,EVENING,INDIA,ER,0.0
ELECTRICITY,2026,MONSOON,ALLDAYS,EVENING,INDIA,WR,0.0
ELECTRICITY,2026,MONSOON,ALLDAYS,EVENING,INDIA,NR,0.0
ELECTRICITY,2026,MONSOON,ALLDAYS,EVENING,INDIA,SR,0.0
ELECTRICITY,2026,MONSOON,ALLDAYS,EVENING,INDIA,NER,0.0
ELECTRICITY,2026,MONSOON,ALLDAYS,NIGHT,INDIA,ER,0.0
ELECTRICITY,2026,MONSOON,ALLDAYS,NIGHT,INDIA,WR,0.0
ELECTRICITY,2026,MONSOON,ALLDAYS,NIGHT,INDIA,NR,0.0
ELECTRICITY,2026,MONSOON,ALLDAYS,NIGHT,INDIA,SR,0.0
ELECTRICITY,2026,MONSOON,ALLDAYS,NIGHT,INDIA,NER,0.0
ELECTRICITY,2026,AUTUMN,ALLDAYS,EARLY,INDIA,ER,0.0
ELECTRICITY,2026,AUTUMN,ALLDAYS,EARLY,INDIA,WR,0.0
ELECTRICITY,2026,AUTUMN,ALLDAYS,EARLY,INDIA,NR,0.0
ELECTRICITY,2026,AUTUMN,ALLDAYS,EARLY,INDIA,SR,0.0
ELECTRICITY,2026,AUTUMN,ALLDAYS,EARLY,INDIA,NER,0.0
ELECTRICITY,2026,AUTUMN,ALLDAYS,MORN,INDIA,ER,0.0
ELECTRICITY,2026,AUTUMN,ALLDAYS,MORN,INDIA,WR,0.0
ELECTRICITY,2026,AUTUMN,ALLDAYS,MORN,INDIA,NR,0.0
ELECTRICITY,2026,AUTUMN,ALLDAYS,MORN,INDIA,SR,0.0
ELECTRICITY,2026,AUTUMN,ALLDAYS,MORN,INDIA,NER,0.0
ELECTRICITY,2026,AUTUMN,ALLDAYS,MID,INDIA,ER,0.0
ELECTRICITY,2026,AUTUMN,ALLDAYS,MID,INDIA,WR,0.0
ELECTRICITY,2026,AUTUMN,ALLDAYS,MID,INDIA,NR,0.0
ELECTRICITY,2026,AUTUMN,ALLDAYS,MID,INDIA,SR,0.0
ELECTRICITY,2026,AUTUMN,ALLDAYS,MID,INDIA,NER,0.0
ELECTRICITY,2026,AUTUMN,ALLDAYS,AFTERNOON,INDIA,ER,0.0
ELECTRICITY,2026,AUTUMN,ALLDAYS,AFTERNOON,INDIA,WR,0.0
ELECTRICITY,2026,AUTUMN,ALLDAYS,AFTERNOON,INDIA,NR,0.0
ELECTRICITY,2026,AUTUMN,ALLDAYS,AFTERNOON,INDIA,SR,0.0
ELECTRICITY,2026,AUTUMN,ALLDAYS,AFTERNOON,INDIA,NER,0.0
ELECTRICITY,2026,AUTUMN,ALLDAYS,EVENING,INDIA,ER,0.0
ELECTRICITY,2026,AUTUMN,ALLDAYS,EVENING,INDIA,WR,0.0
ELECTRICITY,2026,AUTUMN,ALLDAYS,EVENING,INDIA,NR,0.0
ELECTRICITY,2026,AUTUMN,ALLDAYS,EVENING,INDIA,SR,0.0
ELECTRICITY,2026,AUTUMN,ALLDAYS,EVENING,INDIA,NER,0.0
ELECTRICITY,2026,AUTUMN,ALLDAYS,NIGHT,INDIA,ER,0.0
ELECTRICITY,2026,AUTUMN,ALLDAYS,NIGHT,INDIA,WR,0.0
ELECTRICITY,2026,AUTUMN,ALLDAYS,NIGHT,INDIA,NR,0.0
ELECTRICITY,2026,AUTUMN,ALLDAYS,NIGHT,INDIA,SR,0.0
ELECTRICITY,2026,AUTUMN,ALLDAYS,NIGHT,INDIA,NER,0.0
ELECTRICITY,2026,WINTER,ALLDAYS,EARLY,INDIA,ER,0.0
ELECTRICITY,2026,WINTER,ALLDAYS,EARLY,INDIA,WR,0.0
ELECTRICITY,2026,WINTER,ALLDAYS,EARLY,INDIA,NR,0.0
ELECTRICITY,2026,WINTER,ALLDAYS,EARLY,INDIA,SR,0.0
ELECTRICITY,2026,WINTER,ALLDAYS,EARLY,INDIA,NER,0.0
ELECTRICITY,2026,WINTER,ALLDAYS,MORN,INDIA,ER,0.0
ELECTRICITY,2026,WINTER,ALLDAYS,MORN,INDIA,WR,0.0
ELECTRICITY,2026,WINTER,ALLDAYS,MORN,INDIA,NR,0.0
ELECTRICITY,2026,WINTER,ALLDAYS,MORN,INDIA,SR,0.0
ELECTRICITY,2026,WINTER,ALLDAYS,MORN,INDIA,NER,0.0
ELECTRICITY,2026,WINTER,ALLDAYS,MID,INDIA,ER,0.0
ELECTRICITY,2026,WINTER,ALLDAYS,MID,INDIA,WR,0.0
ELECTRICITY,2026,WINTER,ALLDAYS,MID,INDIA,NR,0.0
ELECTRICITY,2026,WINTER,ALLDAYS,MID,INDIA,SR,0.0
ELECTRICITY,2026,WINTER,ALLDAYS,MID,INDIA,NER,0.0
ELECTRICITY,2026,WINTER,ALLDAYS,AFTERNOON,INDIA,ER,0.0
ELECTRICITY,2026,WINTER,ALLDAYS,AFTERNOON,INDIA,WR,0.0
ELECTRICITY,2026,WINTER,ALLDAYS,AFTERNOON,INDIA,NR,0.0
ELECTRICITY,2026,WINTER,ALLDAYS,AFTERNOON,INDIA,SR,0.0
ELECTRICITY,2026,WINTER,ALLDAYS,AFTERNOON,INDIA,NER,0.0
ELECTRICITY,2026,WINTER,ALLDAYS,EVENING,INDIA,ER,0.0
ELECTRICITY,2026,WINTER,ALLDAYS,EVENING,INDIA,WR,0.0
ELECTRICITY,2026,WINTER,ALLDAYS,EVENING,INDIA,NR,0.0
ELECTRICITY,2026,WINTER,ALLDAYS,EVENING,INDIA,SR,0.0
ELECTRICITY,2026,WINTER,ALLDAYS,EVENING,INDIA,NER,0.0
ELECTRICITY,2026,WINTER,ALLDAYS,NIGHT,INDIA,ER,0.0
ELECTRICITY,2026,WINTER,ALLDAYS,NIGHT,INDIA,WR,0.0
ELECTRICITY,2026,WINTER,ALLDAYS,NIGHT,INDIA,NR,0.0
ELECTRICITY,2026,WINTER,ALLDAYS,NIGHT,INDIA,SR,0.0
ELECTRICITY,2026,WINTER,ALLDAYS,NIGHT,INDIA,NER,0.0
ELECTRICITY,2026,SPRING,ALLDAYS,EARLY,INDIA,ER,0.0
ELECTRICITY,2026,SPRING,ALLDAYS,EARLY,INDIA,WR,0.0
ELECTRICITY,2026,SPRING,ALLDAYS,EARLY,INDIA,NR,0.0
ELECTRICITY,2026,SPRING,ALLDAYS,EARLY,INDIA,SR,0.0
ELECTRICITY,2026,SPRING,ALLDAYS,EARLY,INDIA,NER,0.0
ELECTRICITY,2026,SPRING,ALLDAYS,MORN,INDIA,ER,0.0
ELECTRICITY,2026,SPRING,ALLDAYS,MORN,INDIA,WR,0.0
ELECTRICITY,2026,SPRING,ALLDAYS,MORN,INDIA,NR,0.0
ELECTRICITY,2026,SPRING,ALLDAYS,MORN,INDIA,SR,0.0
ELECTRICITY,2026,SPRING,ALLDAYS,MORN,INDIA,NER,0.0
ELECTRICITY,2026,SPRING,ALLDAYS,MID,INDIA,ER,0.0
ELECTRICITY,2026,SPRING,ALLDAYS,MID,INDIA,WR,0.0
ELECTRICITY,2026,SPRING,ALLDAYS,MID,INDIA,NR,0.0
ELECTRICITY,2026,SPRING,ALLDAYS,MID,INDIA,SR,0.0
ELECTRICITY,2026,SPRING,ALLDAYS,MID,INDIA,NER,0.0
ELECTRICITY,2026,SPRING,ALLDAYS,AFTERNOON,INDIA,ER,0.0
ELECTRICITY,2026,SPRING,ALLDAYS,AFTERNOON,INDIA,WR,0.0
ELECTRICITY,2026,SPRING,ALLDAYS,AFTERNOON,INDIA,NR,0.0
ELECTRICITY,2026,SPRING,ALLDAYS,AFTERNOON,INDIA,SR,0.0
ELECTRICITY,2026,SPRING,ALLDAYS,AFTERNOON,INDIA,NER,0.0
ELECTRICITY,2026,SPRING,ALLDAYS,EVENING,INDIA,ER,0.0
ELECTRICITY,2026,SPRING,ALLDAYS,EVENING,INDIA,WR,0.0
ELECTRICITY,2026,SPRING,ALLDAYS,EVENING,INDIA,NR,0.0
ELECTRICITY,2026,SPRING,ALLDAYS,EVENING,INDIA,SR,0.0
ELECTRICITY,2026,SPRING,ALLDAYS,EVENING,INDIA,NER,0.0
ELECTRICITY,2026,SPRING,ALLDAYS,NIGHT,INDIA,ER,0.0
ELECTRICITY,2026,SPRING,ALLDAYS,NIGHT,INDIA,WR,0.0
ELECTRICITY,2026,SPRING,ALLDAYS,NIGHT,INDIA,NR,0.0
ELECTRICITY,2026,SPRING,ALLDAYS,NIGHT,INDIA,SR,0.0
ELECTRICITY,2026,SPRING,ALLDAYS,NIGHT,INDIA,NER,0.0
ELECTRICITY,2027,SUMMER,ALLDAYS,EARLY,INDIA,ER,0.0
ELECTRICITY,2027,SUMMER,ALLDAYS,EARLY,INDIA,WR,0.0
ELECTRICITY,2027,SUMMER,ALLDAYS,EARLY,INDIA,NR,0.0
ELECTRICITY,2027,SUMMER,ALLDAYS,EARLY,INDIA,SR,0.0
ELECTRICITY,2027,SUMMER,ALLDAYS,EARLY,INDIA,NER,0.0
ELECTRICITY,2027,SUMMER,ALLDAYS,MORN,INDIA,ER,0.0
ELECTRICITY,2027,SUMMER,ALLDAYS,MORN,INDIA,WR,0.0
ELECTRICITY,2027,SUMMER,ALLDAYS,MORN,INDIA,NR,0.0
ELECTRICITY,2027,SUMMER,ALLDAYS,MORN,INDIA,SR,0.0
ELECTRICITY,2027,SUMMER,ALLDAYS,MORN,INDIA,NER,0.0
ELECTRICITY,2027,SUMMER,ALLDAYS,MID,INDIA,ER,0.0
ELECTRICITY,2027,SUMMER,ALLDAYS,MID,INDIA,WR,0.0
ELECTRICITY,2027,SUMMER,ALLDAYS,MID,INDIA,NR,0.0
ELECTRICITY,2027,SUMMER,ALLDAYS,MID,INDIA,SR,0.0
ELECTRICITY,2027,SUMMER,ALLDAYS,MID,INDIA,NER,0.0
ELECTRICITY,2027,SUMMER,ALLDAYS,AFTERNOON,INDIA,ER,0.0
ELECTRICITY,2027,SUMMER,ALLDAYS,AFTERNOON,INDIA,WR,0.0
ELECTRICITY,2027,SUMMER,ALLDAYS,AFTERNOON,INDIA,NR,0.0
ELECTRICITY,2027,SUMMER,ALLDAYS,AFTERNOON,INDIA,SR,0.0
ELECTRICITY,2027,SUMMER,ALLDAYS,AFTERNOON,INDIA,NER,0.0
ELECTRICITY,2027,SUMMER,ALLDAYS,EVENING,INDIA,ER,0.0
ELECTRICITY,2027,SUMMER,ALLDAYS,EVENING,INDIA,WR,0.0
ELECTRICITY,2027,SUMMER,ALLDAYS,EVENING,INDIA,NR,0.0
ELECTRICITY,2027,SUMMER,ALLDAYS,EVENING,INDIA,SR,0.0
ELECTRICITY,2027,SUMMER,ALLDAYS,EVENING,INDIA,NER,0.0
ELECTRICITY,2027,SUMMER,ALLDAYS,NIGHT,INDIA,ER,0.0
ELECTRICITY,2027,SUMMER,ALLDAYS,NIGHT,INDIA,WR,0.0
ELECTRICITY,2027,SUMMER,ALLDAYS,NIGHT,INDIA,NR,0.0
ELECTRICITY,2027,SUMMER,ALLDAYS,NIGHT,INDIA,SR,0.0
ELECTRICITY,2027,SUMMER,ALLDAYS,NIGHT,INDIA,NER,0.0
ELECTRICITY,2027,MONSOON,ALLDAYS,EARLY,INDIA,ER,0.0
ELECTRICITY,2027,MONSOON,ALLDAYS,EARLY,INDIA,WR,0.0
ELECTRICITY,2027,MONSOON,ALLDAYS,EARLY,INDIA,NR,0.0
ELECTRICITY,2027,MONSOON,ALLDAYS,EARLY,INDIA,SR,0.0
ELECTRICITY,2027,MONSOON,ALLDAYS,EARLY,INDIA,NER,0.0
ELECTRICITY,2027,MONSOON,ALLDAYS,MORN,INDIA,ER,0.0
ELECTRICITY,2027,MONSOON,ALLDAYS,MORN,INDIA,WR,0.0
ELECTRICITY,2027,MONSOON,ALLDAYS,MORN,INDIA,NR,0.0
ELECTRICITY,2027,MONSOON,ALLDAYS,MORN,INDIA,SR,0.0
ELECTRICITY,2027,MONSOON,ALLDAYS,MORN,INDIA,NER,0.0
ELECTRICITY,2027,MONSOON,ALLDAYS,MID,INDIA,ER,0.0
ELECTRICITY,2027,MONSOON,ALLDAYS,MID,INDIA,WR,0.0
ELECTRICITY,2027,MONSOON,ALLDAYS,MID,INDIA,NR,0.0
ELECTRICITY,2027,MONSOON,ALLDAYS,MID,INDIA,SR,0.0
ELECTRICITY,2027,MONSOON,ALLDAYS,MID,INDIA,NER,0.0
ELECTRICITY,2027,MONSOON,ALLDAYS,AFTERNOON,INDIA,ER,0.0
ELECTRICITY,2027,MONSOON,ALLDAYS,AFTERNOON,INDIA,WR,0.0
ELECTRICITY,2027,MONSOON,ALLDAYS,AFTERNOON,INDIA,NR,0.0
ELECTRICITY,2027,MONSOON,ALLDAYS,AFTERNOON,INDIA,SR,0.0
ELECTRICITY,2027,MONSOON,ALLDAYS,AFTERNOON,INDIA,NER,0.0
ELECTRICITY,2027,MONSOON,ALLDAYS,EVENING,INDIA,ER,0.0
ELECTRICITY,2027,MONSOON,ALLDAYS,EVENING,INDIA,WR,0.0
ELECTRICITY,2027,MONSOON,ALLDAYS,EVENING,INDIA,NR,0.0
ELECTRICITY,2027,MONSOON,ALLDAYS,EVENING,INDIA,SR,0.0
ELECTRICITY,2027,MONSOON,ALLDAYS,EVENING,INDIA,NER,0.0
ELECTRICITY,2027,MONSOON,ALLDAYS,NIGHT,INDIA,ER,0.0
ELECTRICITY,2027,MONSOON,ALLDAYS,NIGHT,INDIA,WR,0.0
ELECTRICITY,2027,MONSOON,ALLDAYS,NIGHT,INDIA,NR,0.0
ELECTRICITY,2027,MONSOON,ALLDAYS,NIGHT,INDIA,SR,0.0
ELECTRICITY,2027,MONSOON,ALLDAYS,NIGHT,INDIA,NER,0.0
ELECTRICITY,2027,AUTUMN,ALLDAYS,EARLY,INDIA,ER,0.0
ELECTRICITY,2027,AUTUMN,ALLDAYS,EARLY,INDIA,WR,0.0
ELECTRICITY,2027,AUTUMN,ALLDAYS,EARLY,INDIA,NR,0.0
ELECTRICITY,2027,AUTUMN,ALLDAYS,EARLY,INDIA,SR,0.0
ELECTRICITY,2027,AUTUMN,ALLDAYS,EARLY,INDIA,NER,0.0
ELECTRICITY,2027,AUTUMN,ALLDAYS,MORN,INDIA,ER,0.0
ELECTRICITY,2027,AUTUMN,ALLDAYS,MORN,INDIA,WR,0.0
ELECTRICITY,2027,AUTUMN,ALLDAYS,MORN,INDIA,NR,0.0
ELECTRICITY,2027,AUTUMN,ALLDAYS,MORN,INDIA,SR,0.0
ELECTRICITY,2027,AUTUMN,ALLDAYS,MORN,INDIA,NER,0.0
ELECTRICITY,2027,AUTUMN,ALLDAYS,MID,INDIA,ER,0.0
ELECTRICITY,2027,AUTUMN,ALLDAYS,MID,INDIA,WR,0.0
ELECTRICITY,2027,AUTUMN,ALLDAYS,MID,INDIA,NR,0.0
ELECTRICITY,2027,AUTUMN,ALLDAYS,MID,INDIA,SR,0.0
ELECTRICITY,2027,AUTUMN,ALLDAYS,MID,INDIA,NER,0.0
ELECTRICITY,2027,AUTUMN,ALLDAYS,AFTERNOON,INDIA,ER,0.0
ELECTRICITY,2027,AUTUMN,ALLDAYS,AFTERNOON,INDIA,WR,0.0
ELECTRICITY,2027,AUTUMN,ALLDAYS,AFTERNOON,INDIA,NR,0.0
ELECTRICITY,2027,AUTUMN,ALLDAYS,AFTERNOON,INDIA,SR,0.0
ELECTRICITY,2027,AUTUMN,ALLDAYS,AFTERNOON,INDIA,NER,0.0
ELECTRICITY,2027,AUTUMN,ALLDAYS,EVENING,INDIA,ER,0.0
ELECTRICITY,2027,AUTUMN,ALLDAYS,EVENING,INDIA,WR,0.0
ELECTRICITY,2027,AUTUMN,ALLDAYS,EVENING,INDIA,NR,0.0
ELECTRICITY,2027,AUTUMN,ALLDAYS,EVENING,INDIA,SR,0.0
ELECTRICITY,2027,AUTUMN,ALLDAYS,EVENING,INDIA,NER,0.0
ELECTRICITY,2027,AUTUMN,ALLDAYS,NIGHT,INDIA,ER,0.0
ELECTRICITY,2027,AUTUMN,ALLDAYS,NIGHT,INDIA,WR,0.0
ELECTRICITY,2027,AUTUMN,ALLDAYS,NIGHT,INDIA,NR,0.0
ELECTRICITY,2027,AUTUMN,ALLDAYS,NIGHT,INDIA,SR,0.0
ELECTRICITY,2027,AUTUMN,ALLDAYS,NIGHT,INDIA,NER,0.0
ELECTRICITY,2027,WINTER,ALLDAYS,EARLY,INDIA,ER,0.0
ELECTRICITY,2027,WINTER,ALLDAYS,EARLY,INDIA,WR,0.0
ELECTRICITY,2027,WINTER,ALLDAYS,EARLY,INDIA,NR,0.0
ELECTRICITY,2027,WINTER,ALLDAYS,EARLY,INDIA,SR,0.0
ELECTRICITY,2027,WINTER,ALLDAYS,EARLY,INDIA,NER,0.0
ELECTRICITY,2027,WINTER,ALLDAYS,MORN,INDIA,ER,0.0
ELECTRICITY,2027,WINTER,ALLDAYS,MORN,INDIA,WR,0.0
ELECTRICITY,2027,WINTER,ALLDAYS,MORN,INDIA,NR,0.0
ELECTRICITY,2027,WINTER,ALLDAYS,MORN,INDIA,SR,0.0
ELECTRICITY,2027,WINTER,ALLDAYS,MORN,INDIA,NER,0.0
ELECTRICITY,2027,WINTER,ALLDAYS,MID,INDIA,ER,0.0
ELECTRICITY,2027,WINTER,ALLDAYS,MID,INDIA,WR,0.0
ELECTRICITY,2027,WINTER,ALLDAYS,MID,INDIA,NR,0.0
ELECTRICITY,2027,WINTER,ALLDAYS,MID,INDIA,SR,0.0
ELECTRICITY,2027,WINTER,ALLDAYS,MID,INDIA,NER,0.0
ELECTRICITY,2027,WINTER,ALLDAYS,AFTERNOON,INDIA,ER,0.0
ELECTRICITY,2027,WINTER,ALLDAYS,AFTERNOON,INDIA,WR,0.0
ELECTRICITY,2027,WINTER,ALLDAYS,AFTERNOON,INDIA,NR,0.0
ELECTRICITY,2027,WINTER,ALLDAYS,AFTERNOON,INDIA,SR,0.0
ELECTRICITY,2027,WINTER,ALLDAYS,AFTERNOON,INDIA,NER,0.0
ELECTRICITY,2027,WINTER,ALLDAYS,EVENING,INDIA,ER,0.0
ELECTRICITY,2027,WINTER,ALLDAYS,EVENING,INDIA,WR,0.0
ELECTRICITY,2027,WINTER,ALLDAYS,EVENING,INDIA,NR,0.0
ELECTRICITY,2027,WINTER,ALLDAYS,EVENING,INDIA,SR,0.0
ELECTRICITY,2027,WINTER,ALLDAYS,EVENING,INDIA,NER,0.0
ELECTRICITY,2027,WINTER,ALLDAYS,NIGHT,INDIA,ER,0.0
ELECTRICITY,2027,WINTER,ALLDAYS,NIGHT,INDIA,WR,0.0
ELECTRICITY,2027,WINTER,ALLDAYS,NIGHT,INDIA,NR,0.0
ELECTRICITY,2027,WINTER,ALLDAYS,NIGHT,INDIA,SR,0.0
ELECTRICITY,2027,WINTER,ALLDAYS,NIGHT,INDIA,NER,0.0
ELECTRICITY,2027,SPRING,ALLDAYS,EARLY,INDIA,ER,0.0
ELECTRICITY,2027,SPRING,ALLDAYS,EARLY,INDIA,WR,0.0
ELECTRICITY,2027,SPRING,ALLDAYS,EARLY,INDIA,NR,0.0
ELECTRICITY,2027,SPRING,ALLDAYS,EARLY,INDIA,SR,0.0
ELECTRICITY,2027,SPRING,ALLDAYS,EARLY,INDIA,NER,0.0
ELECTRICITY,2027,SPRING,ALLDAYS,MORN,INDIA,ER,0.0
ELECTRICITY,2027,SPRING,ALLDAYS,MORN,INDIA,WR,0.0
ELECTRICITY,2027,SPRING,ALLDAYS,MORN,INDIA,NR,0.0
ELECTRICITY,2027,SPRING,ALLDAYS,MORN,INDIA,SR,0.0
ELECTRICITY,2027,SPRING,ALLDAYS,MORN,INDIA,NER,0.0
ELECTRICITY,2027,SPRING,ALLDAYS,MID,INDIA,ER,0.0
ELECTRICITY,2027,SPRING,ALLDAYS,MID,INDIA,WR,0.0
ELECTRICITY,2027,SPRING,ALLDAYS,MID,INDIA,NR,0.0
ELECTRICITY,2027,SPRING,ALLDAYS,MID,INDIA,SR,0.0
ELECTRICITY,2027,SPRING,ALLDAYS,MID,INDIA,NER,0.0
ELECTRICITY,2027,SPRING,ALLDAYS,AFTERNOON,INDIA,ER,0.0
ELECTRICITY,2027,SPRING,ALLDAYS,AFTERNOON,INDIA,WR,0.0
ELECTRICITY,2027,SPRING,ALLDAYS,AFTERNOON,INDIA,NR,0.0
ELECTRICITY,2027,SPRING,ALLDAYS,AFTERNOON,INDIA,SR,0.0
ELECTRICITY,2027,SPRING,ALLDAYS,AFTERNOON,INDIA,NER,0.0
ELECTRICITY,2027,SPRING,ALLDAYS,EVENING,INDIA,ER,0.0
ELECTRICITY,2027,SPRING,ALLDAYS,EVENING,INDIA,WR,0.0
ELECTRICITY,2027,SPRING,ALLDAYS,EVENING,INDIA,NR,0.0
ELECTRICITY,2027,SPRING,ALLDAYS,EVENING,INDIA,SR,0.0
ELECTRICITY,2027,SPRING,ALLDAYS,EVENING,INDIA,NER,0.0
ELECTRICITY,2027,SPRING,ALLDAYS,NIGHT,INDIA,ER,0.0
ELECTRICITY,2027,SPRING,ALLDAYS,NIGHT,INDIA,WR,0.0
ELECTRICITY,2027,SPRING,ALLDAYS,NIGHT,INDIA,NR,0.0
ELECTRICITY,2027,SPRING,ALLDAYS,NIGHT,INDIA,SR,0.0
ELECTRICITY,2027,SPRING,ALLDAYS,NIGHT,INDIA,NER,0.0
ELECTRICITY,2028,SUMMER,ALLDAYS,EARLY,INDIA,ER,0.0
ELECTRICITY,2028,SUMMER,ALLDAYS,EARLY,INDIA,WR,0.0
ELECTRICITY,2028,SUMMER,ALLDAYS,EARLY,INDIA,NR,0.0
ELECTRICITY,2028,SUMMER,ALLDAYS,EARLY,INDIA,SR,0.0
ELECTRICITY,2028,SUMMER,ALLDAYS,EARLY,INDIA,NER,0.0
ELECTRICITY,2028,SUMMER,ALLDAYS,MORN,INDIA,ER,0.0
ELECTRICITY,2028,SUMMER,ALLDAYS,MORN,INDIA,WR,0.0
ELECTRICITY,2028,SUMMER,ALLDAYS,MORN,INDIA,NR,0.0
ELECTRICITY,2028,SUMMER,ALLDAYS,MORN,INDIA,SR,0.0
ELECTRICITY,2028,SUMMER,ALLDAYS,MORN,INDIA,NER,0.0
ELECTRICITY,2028,SUMMER,ALLDAYS,MID,INDIA,ER,0.0
ELECTRICITY,2028,SUMMER,ALLDAYS,MID,INDIA,WR,0.0
ELECTRICITY,2028,SUMMER,ALLDAYS,MID,INDIA,NR,0.0
ELECTRICITY,2028,SUMMER,ALLDAYS,MID,INDIA,SR,0.0
ELECTRICITY,2028,SUMMER,ALLDAYS,MID,INDIA,NER,0.0
ELECTRICITY,2028,SUMMER,ALLDAYS,AFTERNOON,INDIA,ER,0.0
ELECTRICITY,2028,SUMMER,ALLDAYS,AFTERNOON,INDIA,WR,0.0
ELECTRICITY,2028,SUMMER,ALLDAYS,AFTERNOON,INDIA,NR,0.0
ELECTRICITY,2028,SUMMER,ALLDAYS,AFTERNOON,INDIA,SR,0.0
ELECTRICITY,2028,SUMMER,ALLDAYS,AFTERNOON,INDIA,NER,0.0
ELECTRICITY,2028,SUMMER,ALLDAYS,EVENING,INDIA,ER,0.0
ELECTRICITY,2028,SUMMER,ALLDAYS,EVENING,INDIA,WR,0.0
ELECTRICITY,2028,SUMMER,ALLDAYS,EVENING,INDIA,NR,0.0
ELECTRICITY,2028,SUMMER,ALLDAYS,EVENING,INDIA,SR,0.0
ELECTRICITY,2028,SUMMER,ALLDAYS,EVENING,INDIA,NER,0.0
ELECTRICITY,2028,SUMMER,ALLDAYS,NIGHT,INDIA,ER,0.0
ELECTRICITY,2028,SUMMER,ALLDAYS,NIGHT,INDIA,WR,0.0
ELECTRICITY,2028,SUMMER,ALLDAYS,NIGHT,INDIA,NR,0.0
ELECTRICITY,2028,SUMMER,ALLDAYS,NIGHT,INDIA,SR,0.0
ELECTRICITY,2028,SUMMER,ALLDAYS,NIGHT,INDIA,NER,0.0
ELECTRICITY,2028,MONSOON,ALLDAYS,EARLY,INDIA,ER,0.0
ELECTRICITY,2028,MONSOON,ALLDAYS,EARLY,INDIA,WR,0.0
ELECTRICITY,2028,MONSOON,ALLDAYS,EARLY,INDIA,NR,0.0
ELECTRICITY,2028,MONSOON,ALLDAYS,EARLY,INDIA,SR,0.0
ELECTRICITY,2028,MONSOON,ALLDAYS,EARLY,INDIA,NER,0.0
ELECTRICITY,2028,MONSOON,ALLDAYS,MORN,INDIA,ER,0.0
ELECTRICITY,2028,MONSOON,ALLDAYS,MORN,INDIA,WR,0.0
ELECTRICITY,2028,MONSOON,ALLDAYS,MORN,INDIA,NR,0.0
ELECTRICITY,2028,MONSOON,ALLDAYS,MORN,INDIA,SR,0.0
ELECTRICITY,2028,MONSOON,ALLDAYS,MORN,INDIA,NER,0.0
ELECTRICITY,2028,MONSOON,ALLDAYS,MID,INDIA,ER,0.0
ELECTRICITY,2028,MONSOON,ALLDAYS,MID,INDIA,WR,0.0
ELECTRICITY,2028,MONSOON,ALLDAYS,MID,INDIA,NR,0.0
ELECTRICITY,2028,MONSOON,ALLDAYS,MID,INDIA,SR,0.0
ELECTRICITY,2028,MONSOON,ALLDAYS,MID,INDIA,NER,0.0
ELECTRICITY,2028,MONSOON,ALLDAYS,AFTERNOON,INDIA,ER,0.0
ELECTRICITY,2028,MONSOON,ALLDAYS,AFTERNOON,INDIA,WR,0.0
ELECTRICITY,2028,MONSOON,ALLDAYS,AFTERNOON,INDIA,NR,0.0
ELECTRICITY,2028,MONSOON,ALLDAYS,AFTERNOON,INDIA,SR,0.0
ELECTRICITY,2028,MONSOON,ALLDAYS,AFTERNOON,INDIA,NER,0.0
ELECTRICITY,2028,MONSOON,ALLDAYS,EVENING,INDIA,ER,0.0
ELECTRICITY,2028,MONSOON,ALLDAYS,EVENING,INDIA,WR,0.0
ELECTRICITY,2028,MONSOON,ALLDAYS,EVENING,INDIA,NR,0.0
ELECTRICITY,2028,MONSOON,ALLDAYS,EVENING,INDIA,SR,0.0
ELECTRICITY,2028,MONSOON,ALLDAYS,EVENING,INDIA,NER,0.0
ELECTRICITY,2028,MONSOON,ALLDAYS,NIGHT,INDIA,ER,0.0
ELECTRICITY,2028,MONSOON,ALLDAYS,NIGHT,INDIA,WR,0.0
ELECTRICITY,2028,MONSOON,ALLDAYS,NIGHT,INDIA,NR,0.0
ELECTRICITY,2028,MONSOON,ALLDAYS,NIGHT,INDIA,SR,0.0
ELECTRICITY,2028,MONSOON,ALLDAYS,NIGHT,INDIA,NER,0.0
ELECTRICITY,2028,AUTUMN,ALLDAYS,EARLY,INDIA,ER,0.0
ELECTRICITY,2028,AUTUMN,ALLDAYS,EARLY,INDIA,WR,0.0
ELECTRICITY,2028,AUTUMN,ALLDAYS,EARLY,INDIA,NR,0.0
ELECTRICITY,2028,AUTUMN,ALLDAYS,EARLY,INDIA,SR,0.0
ELECTRICITY,2028,AUTUMN,ALLDAYS,EARLY,INDIA,NER,0.0
ELECTRICITY,2028,AUTUMN,ALLDAYS,MORN,INDIA,ER,0.0
ELECTRICITY,2028,AUTUMN,ALLDAYS,MORN,INDIA,WR,0.0
ELECTRICITY,2028,AUTUMN,ALLDAYS,MORN,INDIA,NR,0.0
ELECTRICITY,2028,AUTUMN,ALLDAYS,MORN,INDIA,SR,0.0
ELECTRICITY,2028,AUTUMN,ALLDAYS,MORN,INDIA,NER,0.0
ELECTRICITY,2028,AUTUMN,ALLDAYS,MID,INDIA,ER,0.0
ELECTRICITY,2028,AUTUMN,ALLDAYS,MID,INDIA,WR,0.0
ELECTRICITY,2028,AUTUMN,ALLDAYS,MID,INDIA,NR,0.0
ELECTRICITY,2028,AUTUMN,ALLDAYS,MID,INDIA,SR,0.0
ELECTRICITY,2028,AUTUMN,ALLDAYS,MID,INDIA,NER,0.0
ELECTRICITY,2028,AUTUMN,ALLDAYS,AFTERNOON,INDIA,ER,0.0
ELECTRICITY,2028,AUTUMN,ALLDAYS,AFTERNOON,INDIA,WR,0.0
ELECTRICITY,2028,AUTUMN,ALLDAYS,AFTERNOON,INDIA,NR,0.0
ELECTRICITY,2028,AUTUMN,ALLDAYS,AFTERNOON,INDIA,SR,0.0
ELECTRICITY,2028,AUTUMN,ALLDAYS,AFTERNOON,INDIA,NER,0.0
ELECTRICITY,2028,AUTUMN,ALLDAYS,EVENING,INDIA,ER,0.0
ELECTRICITY,2028,AUTUMN,ALLDAYS,EVENING,INDIA,WR,0.0
ELECTRICITY,2028,AUTUMN,ALLDAYS,EVENING,INDIA,NR,0.0
ELECTRICITY,2028,AUTUMN,ALLDAYS,EVENING,INDIA,SR,0.0
ELECTRICITY,2028,AUTUMN,ALLDAYS,EVENING,INDIA,NER,0.0
ELECTRICITY,2028,AUTUMN,ALLDAYS,NIGHT,INDIA,ER,0.0
ELECTRICITY,2028,AUTUMN,ALLDAYS,NIGHT,INDIA,WR,0.0
ELECTRICITY,2028,AUTUMN,ALLDAYS,NIGHT,INDIA,NR,0.0
ELECTRICITY,2028,AUTUMN,ALLDAYS,NIGHT,INDIA,SR,0.0
ELECTRICITY,2028,AUTUMN,ALLDAYS,NIGHT,INDIA,NER,0.0
ELECTRICITY,2028,WINTER,ALLDAYS,EARLY,INDIA,ER,0.0
ELECTRICITY,2028,WINTER,ALLDAYS,EARLY,INDIA,WR,0.0
ELECTRICITY,2028,WINTER,ALLDAYS,EARLY,INDIA,NR,0.0
ELECTRICITY,2028,WINTER,ALLDAYS,EARLY,INDIA,SR,0.0
ELECTRICITY,2028,WINTER,ALLDAYS,EARLY,INDIA,NER,0.0
ELECTRICITY,2028,WINTER,ALLDAYS,MORN,INDIA,ER,0.0
ELECTRICITY,2028,WINTER,ALLDAYS,MORN,INDIA,WR,0.0
ELECTRICITY,2028,WINTER,ALLDAYS,MORN,INDIA,NR,0.0
ELECTRICITY,2028,WINTER,ALLDAYS,MORN,INDIA,SR,0.0
ELECTRICITY,2028,WINTER,ALLDAYS,MORN,INDIA,NER,0.0
ELECTRICITY,2028,WINTER,ALLDAYS,MID,INDIA,ER,0.0
ELECTRICITY,2028,WINTER,ALLDAYS,MID,INDIA,WR,0.0
ELECTRICITY,2028,WINTER,ALLDAYS,MID,INDIA,NR,0.0
ELECTRICITY,2028,WINTER,ALLDAYS,MID,INDIA,SR,0.0
ELECTRICITY,2028,WINTER,ALLDAYS,MID,INDIA,NER,0.0
ELECTRICITY,2028,WINTER,ALLDAYS,AFTERNOON,INDIA,ER,0.0
ELECTRICITY,2028,WINTER,ALLDAYS,AFTERNOON,INDIA,WR,0.0
ELECTRICITY,2028,WINTER,ALLDAYS,AFTERNOON,INDIA,NR,0.0
ELECTRICITY,2028,WINTER,ALLDAYS,AFTERNOON,INDIA,SR,0.0
ELECTRICITY,2028,WINTER,ALLDAYS,AFTERNOON,INDIA,NER,0.0
ELECTRICITY,2028,WINTER,ALLDAYS,EVENING,INDIA,ER,0.0
ELECTRICITY,2028,WINTER,ALLDAYS,EVENING,INDIA,WR,0.0
ELECTRICITY,2028,WINTER,ALLDAYS,EVENING,INDIA,NR,0.0
ELECTRICITY,2028,WINTER,ALLDAYS,EVENING,INDIA,SR,0.0
ELECTRICITY,2028,WINTER,ALLDAYS,EVENING,INDIA,NER,0.0
ELECTRICITY,2028,WINTER,ALLDAYS,NIGHT,INDIA,ER,0.0
ELECTRICITY,2028,WINTER,ALLDAYS,NIGHT,INDIA,WR,0.0
ELECTRICITY,2028,WINTER,ALLDAYS,NIGHT,INDIA,NR,0.0
ELECTRICITY,2028,WINTER,ALLDAYS,NIGHT,INDIA,SR,0.0
ELECTRICITY,2028,WINTER,ALLDAYS,NIGHT,INDIA,NER,0.0
ELECTRICITY,2028,SPRING,ALLDAYS,EARLY,INDIA,ER,0.0
ELECTRICITY,2028,SPRING,ALLDAYS,EARLY,INDIA,WR,0.0
ELECTRICITY,2028,SPRING,ALLDAYS,EARLY,INDIA,NR,0.0
ELECTRICITY,2028,SPRING,ALLDAYS,EARLY,INDIA,SR,0.0
ELECTRICITY,2028,SPRING,ALLDAYS,EARLY,INDIA,NER,0.0
ELECTRICITY,2028,SPRING,ALLDAYS,MORN,INDIA,ER,0.0
ELECTRICITY,2028,SPRING,ALLDAYS,MORN,INDIA,WR,0.0
ELECTRICITY,2028,SPRING,ALLDAYS,MORN,INDIA,NR,0.0
ELECTRICITY,2028,SPRING,ALLDAYS,MORN,INDIA,SR,0.0
ELECTRICITY,2028,SPRING,ALLDAYS,MORN,INDIA,NER,0.0
ELECTRICITY,2028,SPRING,ALLDAYS,MID,INDIA,ER,0.0
ELECTRICITY,2028,SPRING,ALLDAYS,MID,INDIA,WR,0.0
ELECTRICITY,2028,SPRING,ALLDAYS,MID,INDIA,NR,0.0
ELECTRICITY,2028,SPRING,ALLDAYS,MID,INDIA,SR,0.0
ELECTRICITY,2028,SPRING,ALLDAYS,MID,INDIA,NER,0.0
ELECTRICITY,2028,SPRING,ALLDAYS,AFTERNOON,INDIA,ER,0.0
ELECTRICITY,2028,SPRING,ALLDAYS,AFTERNOON,INDIA,WR,0.0
ELECTRICITY,2028,SPRING,ALLDAYS,AFTERNOON,INDIA,NR,0.0
ELECTRICITY,2028,SPRING,ALLDAYS,AFTERNOON,INDIA,SR,0.0
ELECTRICITY,2028,SPRING,ALLDAYS,AFTERNOON,INDIA,NER,0.0
ELECTRICITY,2028,SPRING,ALLDAYS,EVENING,INDIA,ER,0.0
ELECTRICITY,2028,SPRING,ALLDAYS,EVENING,INDIA,WR,0.0
ELECTRICITY,2028,SPRING,ALLDAYS,EVENING,INDIA,NR,0.0
ELECTRICITY,2028,SPRING,ALLDAYS,EVENING,INDIA,SR,0.0
ELECTRICITY,2028,SPRING,ALLDAYS,EVENING,INDIA,NER,0.0
ELECTRICITY,2028,SPRING,ALLDAYS,NIGHT,INDIA,ER,0.0
ELECTRICITY,2028,SPRING,ALLDAYS,NIGHT,INDIA,WR,0.0
ELECTRICITY,2028,SPRING,ALLDAYS,NIGHT,INDIA,NR,0.0
ELECTRICITY,2028,SPRING,ALLDAYS,NIGHT,INDIA,SR,0.0
ELECTRICITY,2028,SPRING,ALLDAYS,NIGHT,INDIA,NER,0.0
ELECTRICITY,2029,SUMMER,ALLDAYS,EARLY,INDIA,ER,0.0
ELECTRICITY,2029,SUMMER,ALLDAYS,EARLY,INDIA,WR,0.0
ELECTRICITY,2029,SUMMER,ALLDAYS,EARLY,INDIA,NR,0.0
ELECTRICITY,2029,SUMMER,ALLDAYS,EARLY,INDIA,SR,0.0
ELECTRICITY,2029,SUMMER,ALLDAYS,EARLY,INDIA,NER,0.0
ELECTRICITY,2029,SUMMER,ALLDAYS,MORN,INDIA,ER,0.0
ELECTRICITY,2029,SUMMER,ALLDAYS,MORN,INDIA,WR,0.0
ELECTRICITY,2029,SUMMER,ALLDAYS,MORN,INDIA,NR,0.0
ELECTRICITY,2029,SUMMER,ALLDAYS,MORN,INDIA,SR,0.0
ELECTRICITY,2029,SUMMER,ALLDAYS,MORN,INDIA,NER,0.0
ELECTRICITY,2029,SUMMER,ALLDAYS,MID,INDIA,ER,0.0
ELECTRICITY,2029,SUMMER,ALLDAYS,MID,INDIA,WR,0.0
ELECTRICITY,2029,SUMMER,ALLDAYS,MID,INDIA,NR,0.0
ELECTRICITY,2029,SUMMER,ALLDAYS,MID,INDIA,SR,0.0
ELECTRICITY,2029,SUMMER,ALLDAYS,MID,INDIA,NER,0.0
ELECTRICITY,2029,SUMMER,ALLDAYS,AFTERNOON,INDIA,ER,0.0
ELECTRICITY,2029,SUMMER,ALLDAYS,AFTERNOON,INDIA,WR,0.0
ELECTRICITY,2029,SUMMER,ALLDAYS,AFTERNOON,INDIA,NR,0.0
ELECTRICITY,2029,SUMMER,ALLDAYS,AFTERNOON,INDIA,SR,0.0
ELECTRICITY,2029,SUMMER,ALLDAYS,AFTERNOON,INDIA,NER,0.0
ELECTRICITY,2029,SUMMER,ALLDAYS,EVENING,INDIA,ER,0.0
ELECTRICITY,2029,SUMMER,ALLDAYS,EVENING,INDIA,WR,0.0
ELECTRICITY,2029,SUMMER,ALLDAYS,EVENING,INDIA,NR,0.0
ELECTRICITY,2029,SUMMER,ALLDAYS,EVENING,INDIA,SR,0.0
ELECTRICITY,2029,SUMMER,ALLDAYS,EVENING,INDIA,NER,0.0
ELECTRICITY,2029,SUMMER,ALLDAYS,NIGHT,INDIA,ER,0.0
ELECTRICITY,2029,SUMMER,ALLDAYS,NIGHT,INDIA,WR,0.0
ELECTRICITY,2029,SUMMER,ALLDAYS,NIGHT,INDIA,NR,0.0
ELECTRICITY,2029,SUMMER,ALLDAYS,NIGHT,INDIA,SR,0.0
ELECTRICITY,2029,SUMMER,ALLDAYS,NIGHT,INDIA,NER,0.0
ELECTRICITY,2029,MONSOON,ALLDAYS,EARLY,INDIA,ER,0.0
ELECTRICITY,2029,MONSOON,ALLDAYS,EARLY,INDIA,WR,0.0
ELECTRICITY,2029,MONSOON,ALLDAYS,EARLY,INDIA,NR,0.0
ELECTRICITY,2029,MONSOON,ALLDAYS,EARLY,INDIA,SR,0.0
ELECTRICITY,2029,MONSOON,ALLDAYS,EARLY,INDIA,NER,0.0
ELECTRICITY,2029,MONSOON,ALLDAYS,MORN,INDIA,ER,0.0
ELECTRICITY,2029,MONSOON,ALLDAYS,MORN,INDIA,WR,0.0
ELECTRICITY,2029,MONSOON,ALLDAYS,MORN,INDIA,NR,0.0
ELECTRICITY,2029,MONSOON,ALLDAYS,MORN,INDIA,SR,0.0
ELECTRICITY,2029,MONSOON,ALLDAYS,MORN,INDIA,NER,0.0
ELECTRICITY,2029,MONSOON,ALLDAYS,MID,INDIA,ER,0.0
ELECTRICITY,2029,MONSOON,ALLDAYS,MID,INDIA,WR,0.0
ELECTRICITY,2029,MONSOON,ALLDAYS,MID,INDIA,NR,0.0
ELECTRICITY,2029,MONSOON,ALLDAYS,MID,INDIA,SR,0.0
ELECTRICITY,2029,MONSOON,ALLDAYS,MID,INDIA,NER,0.0
ELECTRICITY,2029,MONSOON,ALLDAYS,AFTERNOON,INDIA,ER,0.0
ELECTRICITY,2029,MONSOON,ALLDAYS,AFTERNOON,INDIA,WR,0.0
ELECTRICITY,2029,MONSOON,ALLDAYS,AFTERNOON,INDIA,NR,0.0
ELECTRICITY,2029,MONSOON,ALLDAYS,AFTERNOON,INDIA,SR,0.0
ELECTRICITY,2029,MONSOON,ALLDAYS,AFTERNOON,INDIA,NER,0.0
ELECTRICITY,2029,MONSOON,ALLDAYS,EVENING,INDIA,ER,0.0
ELECTRICITY,2029,MONSOON,ALLDAYS,EVENING,INDIA,WR,0.0
ELECTRICITY,2029,MONSOON,ALLDAYS,EVENING,INDIA,NR,0.0
ELECTRICITY,2029,MONSOON,ALLDAYS,EVENING,INDIA,SR,0.0
ELECTRICITY,2029,MONSOON,ALLDAYS,EVENING,INDIA,NER,0.0
ELECTRICITY,2029,MONSOON,ALLDAYS,NIGHT,INDIA,ER,0.0
ELECTRICITY,2029,MONSOON,ALLDAYS,NIGHT,INDIA,WR,0.0
ELECTRICITY,2029,MONSOON,ALLDAYS,NIGHT,INDIA,NR,0.0
ELECTRICITY,2029,MONSOON,ALLDAYS,NIGHT,INDIA,SR,0.0
ELECTRICITY,2029,MONSOON,ALLDAYS,NIGHT,INDIA,NER,0.0
ELECTRICITY,2029,AUTUMN,ALLDAYS,EARLY,INDIA,ER,0.0
ELECTRICITY,2029,AUTUMN,ALLDAYS,EARLY,INDIA,WR,0.0
ELECTRICITY,2029,AUTUMN,ALLDAYS,EARLY,INDIA,NR,0.0
ELECTRICITY,2029,AUTUMN,ALLDAYS,EARLY,INDIA,SR,0.0
ELECTRICITY,2029,AUTUMN,ALLDAYS,EARLY,INDIA,NER,0.0
ELECTRICITY,2029,AUTUMN,ALLDAYS,MORN,INDIA,ER,0.0
ELECTRICITY,2029,AUTUMN,ALLDAYS,MORN,INDIA,WR,0.0
ELECTRICITY,2029,AUTUMN,ALLDAYS,MORN,INDIA,NR,0.0
ELECTRICITY,2029,AUTUMN,ALLDAYS,MORN,INDIA,SR,0.0
ELECTRICITY,2029,AUTUMN,ALLDAYS,MORN,INDIA,NER,0.0
ELECTRICITY,2029,AUTUMN,ALLDAYS,MID,INDIA,ER,0.0
ELECTRICITY,2029,AUTUMN,ALLDAYS,MID,INDIA,WR,0.0
ELECTRICITY,2029,AUTUMN,ALLDAYS,MID,INDIA,NR,0.0
ELECTRICITY,2029,AUTUMN,ALLDAYS,MID,INDIA,SR,0.0
ELECTRICITY,2029,AUTUMN,ALLDAYS,MID,INDIA,NER,0.0
ELECTRICITY,2029,AUTUMN,ALLDAYS,AFTERNOON,INDIA,ER,0.0
ELECTRICITY,2029,AUTUMN,ALLDAYS,AFTERNOON,INDIA,WR,0.0
ELECTRICITY,2029,AUTUMN,ALLDAYS,AFTERNOON,INDIA,NR,0.0
ELECTRICITY,2029,AUTUMN,ALLDAYS,AFTERNOON,INDIA,SR,0.0
ELECTRICITY,2029,AUTUMN,ALLDAYS,AFTERNOON,INDIA,NER,0.0
ELECTRICITY,2029,AUTUMN,ALLDAYS,EVENING,INDIA,ER,0.0
ELECTRICITY,2029,AUTUMN,ALLDAYS,EVENING,INDIA,WR,0.0
ELECTRICITY,2029,AUTUMN,ALLDAYS,EVENING,INDIA,NR,0.0
ELECTRICITY,2029,AUTUMN,ALLDAYS,EVENING,INDIA,SR,0.0
ELECTRICITY,2029,AUTUMN,ALLDAYS,EVENING,INDIA,NER,0.0
ELECTRICITY,2029,AUTUMN,ALLDAYS,NIGHT,INDIA,ER,0.0
ELECTRICITY,2029,AUTUMN,ALLDAYS,NIGHT,INDIA,WR,0.0
ELECTRICITY,2029,AUTUMN,ALLDAYS,NIGHT,INDIA,NR,0.0
ELECTRICITY,2029,AUTUMN,ALLDAYS,NIGHT,INDIA,SR,0.0
ELECTRICITY,2029,AUTUMN,ALLDAYS,NIGHT,INDIA,NER,0.0
ELECTRICITY,2029,WINTER,ALLDAYS,EARLY,INDIA,ER,0.0
ELECTRICITY,2029,WINTER,ALLDAYS,EARLY,INDIA,WR,0.0
ELECTRICITY,2029,WINTER,ALLDAYS,EARLY,INDIA,NR,0.0
ELECTRICITY,2029,WINTER,ALLDAYS,EARLY,INDIA,SR,0.0
ELECTRICITY,2029,WINTER,ALLDAYS,EARLY,INDIA,NER,0.0
ELECTRICITY,2029,WINTER,ALLDAYS,MORN,INDIA,ER,0.0
ELECTRICITY,2029,WINTER,ALLDAYS,MORN,INDIA,WR,0.0
ELECTRICITY,2029,WINTER,ALLDAYS,MORN,INDIA,NR,0.0
ELECTRICITY,2029,WINTER,ALLDAYS,MORN,INDIA,SR,0.0
ELECTRICITY,2029,WINTER,ALLDAYS,MORN,INDIA,NER,0.0
ELECTRICITY,2029,WINTER,ALLDAYS,MID,INDIA,ER,0.0
ELECTRICITY,2029,WINTER,ALLDAYS,MID,INDIA,WR,0.0
ELECTRICITY,2029,WINTER,ALLDAYS,MID,INDIA,NR,0.0
ELECTRICITY,2029,WINTER,ALLDAYS,MID,INDIA,SR,0.0
ELECTRICITY,2029,WINTER,ALLDAYS,MID,INDIA,NER,0.0
ELECTRICITY,2029,WINTER,ALLDAYS,AFTERNOON,INDIA,ER,0.0
ELECTRICITY,2029,WINTER,ALLDAYS,AFTERNOON,INDIA,WR,0.0
ELECTRICITY,2029,WINTER,ALLDAYS,AFTERNOON,INDIA,NR,0.0
ELECTRICITY,2029,WINTER,ALLDAYS,AFTERNOON,INDIA,SR,0.0
ELECTRICITY,2029,WINTER,ALLDAYS,AFTERNOON,INDIA,NER,0.0
ELECTRICITY,2029,WINTER,ALLDAYS,EVENING,INDIA,ER,0.0
ELECTRICITY,2029,WINTER,ALLDAYS,EVENING,INDIA,WR,0.0
ELECTRICITY,2029,WINTER,ALLDAYS,EVENING,INDIA,NR,0.0
ELECTRICITY,2029,WINTER,ALLDAYS,EVENING,INDIA,SR,0.0
ELECTRICITY,2029,WINTER,ALLDAYS,EVENING,INDIA,NER,0.0
ELECTRICITY,2029,WINTER,ALLDAYS,NIGHT,INDIA,ER,0.0
ELECTRICITY,2029,WINTER,ALLDAYS,NIGHT,INDIA,WR,0.0
ELECTRICITY,2029,WINTER,ALLDAYS,NIGHT,INDIA,NR,0.0
ELECTRICITY,2029,WINTER,ALLDAYS,NIGHT,INDIA,SR,0.0
ELECTRICITY,2029,WINTER,ALLDAYS,NIGHT,INDIA,NER,0.0
ELECTRICITY,2029,SPRING,ALLDAYS,EARLY,INDIA,ER,0.0
ELECTRICITY,2029,SPRING,ALLDAYS,EARLY,INDIA,WR,0.0
ELECTRICITY,2029,SPRING,ALLDAYS,EARLY,INDIA,NR,0.0
ELECTRICITY,2029,SPRING,ALLDAYS,EARLY,INDIA,SR,0.0
ELECTRICITY,2029,SPRING,ALLDAYS,EARLY,INDIA,NER,0.0
ELECTRICITY,2029,SPRING,ALLDAYS,MORN,INDIA,ER,0.0
ELECTRICITY,2029,SPRING,ALLDAYS,MORN,INDIA,WR,0.0
ELECTRICITY,2029,SPRING,ALLDAYS,MORN,INDIA,NR,0.0
ELECTRICITY,2029,SPRING,ALLDAYS,MORN,INDIA,SR,0.0
ELECTRICITY,2029,SPRING,ALLDAYS,MORN,INDIA,NER,0.0
ELECTRICITY,2029,SPRING,ALLDAYS,MID,INDIA,ER,0.0
ELECTRICITY,2029,SPRING,ALLDAYS,MID,INDIA,WR,0.0
ELECTRICITY,2029,SPRING,ALLDAYS,MID,INDIA,NR,0.0
ELECTRICITY,2029,SPRING,ALLDAYS,MID,INDIA,SR,0.0
ELECTRICITY,2029,SPRING,ALLDAYS,MID,INDIA,NER,0.0
ELECTRICITY,2029,SPRING,ALLDAYS,AFTERNOON,INDIA,ER,0.0
ELECTRICITY,2029,SPRING,ALLDAYS,AFTERNOON,INDIA,WR,0.0
ELECTRICITY,2029,SPRING,ALLDAYS,AFTERNOON,INDIA,NR,0.0
ELECTRICITY,2029,SPRING,ALLDAYS,AFTERNOON,INDIA,SR,0.0
ELECTRICITY,2029,SPRING,ALLDAYS,AFTERNOON,INDIA,NER,0.0
ELECTRICITY,2029,SPRING,ALLDAYS,EVENING,INDIA,ER,0.0
ELECTRICITY,2029,SPRING,ALLDAYS,EVENING,INDIA,WR,0.0
ELECTRICITY,2029,SPRING,ALLDAYS,EVENING,INDIA,NR,0.0
ELECTRICITY,2029,SPRING,ALLDAYS,EVENING,INDIA,SR,0.0
ELECTRICITY,2029,SPRING,ALLDAYS,EVENING,INDIA,NER,0.0
ELECTRICITY,2029,SPRING,ALLDAYS,NIGHT,INDIA,ER,0.0
ELECTRICITY,2029,SPRING,ALLDAYS,NIGHT,INDIA,WR,0.0
ELECTRICITY,2029,SPRING,ALLDAYS,NIGHT,INDIA,NR,0.0
ELECTRICITY,2029,SPRING,ALLDAYS,NIGHT,INDIA,SR,0.0
ELECTRICITY,2029,SPRING,ALLDAYS,NIGHT,INDIA,NER,0.0
ELECTRICITY,2030,SUMMER,ALLDAYS,EARLY,INDIA,ER,0.0
ELECTRICITY,2030,SUMMER,ALLDAYS,EARLY,INDIA,WR,0.0
ELECTRICITY,2030,SUMMER,ALLDAYS,EARLY,INDIA,NR,0.0
ELECTRICITY,2030,SUMMER,ALLDAYS,EARLY,INDIA,SR,0.0
ELECTRICITY,2030,SUMMER,ALLDAYS,EARLY,INDIA,NER,0.0
ELECTRICITY,2030,SUMMER,ALLDAYS,MORN,INDIA,ER,0.0
ELECTRICITY,2030,SUMMER,ALLDAYS,MORN,INDIA,WR,0.0
ELECTRICITY,2030,SUMMER,ALLDAYS,MORN,INDIA,NR,0.0
ELECTRICITY,2030,SUMMER,ALLDAYS,MORN,INDIA,SR,0.0
ELECTRICITY,2030,SUMMER,ALLDAYS,MORN,INDIA,NER,0.0
ELECTRICITY,2030,SUMMER,ALLDAYS,MID,INDIA,ER,0.0
ELECTRICITY,2030,SUMMER,ALLDAYS,MID,INDIA,WR,0.0
ELECTRICITY,2030,SUMMER,ALLDAYS,MID,INDIA,NR,0.0
ELECTRICITY,2030,SUMMER,ALLDAYS,MID,INDIA,SR,0.0
ELECTRICITY,2030,SUMMER,ALLDAYS,MID,INDIA,NER,0.0
ELECTRICITY,2030,SUMMER,ALLDAYS,AFTERNOON,INDIA,ER,0.0
ELECTRICITY,2030,SUMMER,ALLDAYS,AFTERNOON,INDIA,WR,0.0
ELECTRICITY,2030,SUMMER,ALLDAYS,AFTERNOON,INDIA,NR,0.0
ELECTRICITY,2030,SUMMER,ALLDAYS,AFTERNOON,INDIA,SR,0.0
ELECTRICITY,2030,SUMMER,ALLDAYS,AFTERNOON,INDIA,NER,0.0
ELECTRICITY,2030,SUMMER,ALLDAYS,EVENING,INDIA,ER,0.0
ELECTRICITY,2030,SUMMER,ALLDAYS,EVENING,INDIA,WR,0.0
ELECTRICITY,2030,SUMMER,ALLDAYS,EVENING,INDIA,NR,0.0
ELECTRICITY,2030,SUMMER,ALLDAYS,EVENING,INDIA,SR,0.0
ELECTRICITY,2030,SUMMER,ALLDAYS,EVENING,INDIA,NER,0.0
ELECTRICITY,2030,SUMMER,ALLDAYS,NIGHT,INDIA,ER,0.0
ELECTRICITY,2030,SUMMER,ALLDAYS,NIGHT,INDIA,WR,0.0
ELECTRICITY,2030,SUMMER,ALLDAYS,NIGHT,INDIA,NR,0.0
ELECTRICITY,2030,SUMMER,ALLDAYS,NIGHT,INDIA,SR,0.0
ELECTRICITY,2030,SUMMER,ALLDAYS,NIGHT,INDIA,NER,0.0
ELECTRICITY,2030,MONSOON,ALLDAYS,EARLY,INDIA,ER,0.0
ELECTRICITY,2030,MONSOON,ALLDAYS,EARLY,INDIA,WR,0.0
ELECTRICITY,2030,MONSOON,ALLDAYS,EARLY,INDIA,NR,0.0
ELECTRICITY,2030,MONSOON,ALLDAYS,EARLY,INDIA,SR,0.0
ELECTRICITY,2030,MONSOON,ALLDAYS,EARLY,INDIA,NER,0.0
ELECTRICITY,2030,MONSOON,ALLDAYS,MORN,INDIA,ER,0.0
ELECTRICITY,2030,MONSOON,ALLDAYS,MORN,INDIA,WR,0.0
ELECTRICITY,2030,MONSOON,ALLDAYS,MORN,INDIA,NR,0.0
ELECTRICITY,2030,MONSOON,ALLDAYS,MORN,INDIA,SR,0.0
ELECTRICITY,2030,MONSOON,ALLDAYS,MORN,INDIA,NER,0.0
ELECTRICITY,2030,MONSOON,ALLDAYS,MID,INDIA,ER,0.0
ELECTRICITY,2030,MONSOON,ALLDAYS,MID,INDIA,WR,0.0
ELECTRICITY,2030,MONSOON,ALLDAYS,MID,INDIA,NR,0.0
ELECTRICITY,2030,MONSOON,ALLDAYS,MID,INDIA,SR,0.0
ELECTRICITY,2030,MONSOON,ALLDAYS,MID,INDIA,NER,0.0
ELECTRICITY,2030,MONSOON,ALLDAYS,AFTERNOON,INDIA,ER,0.0
ELECTRICITY,2030,MONSOON,ALLDAYS,AFTERNOON,INDIA,WR,0.0
ELECTRICITY,2030,MONSOON,ALLDAYS,AFTERNOON,INDIA,NR,0.0
ELECTRICITY,2030,MONSOON,ALLDAYS,AFTERNOON,INDIA,SR,0.0
ELECTRICITY,2030,MONSOON,ALLDAYS,AFTERNOON,INDIA,NER,0.0
ELECTRICITY,2030,MONSOON,ALLDAYS,EVENING,INDIA,ER,0.0
ELECTRICITY,2030,MONSOON,ALLDAYS,EVENING,INDIA,WR,0.0
ELECTRICITY,2030,MONSOON,ALLDAYS,EVENING,INDIA,NR,0.0
ELECTRICITY,2030,MONSOON,ALLDAYS,EVENING,INDIA,SR,0.0
ELECTRICITY,2030,MONSOON,ALLDAYS,EVENING,INDIA,NER,0.0
ELECTRICITY,2030,MONSOON,ALLDAYS,NIGHT,INDIA,ER,0.0
ELECTRICITY,2030,MONSOON,ALLDAYS,NIGHT,INDIA,WR,0.0
ELECTRICITY,2030,MONSOON,ALLDAYS,NIGHT,INDIA,NR,0.0
ELECTRICITY,2030,MONSOON,ALLDAYS,NIGHT,INDIA,SR,0.0
ELECTRICITY,2030,MONSOON,ALLDAYS,NIGHT,INDIA,NER,0.0
ELECTRICITY,2030,AUTUMN,ALLDAYS,EARLY,INDIA,ER,0.0
ELECTRICITY,2030,AUTUMN,ALLDAYS,EARLY,INDIA,WR,0.0
ELECTRICITY,2030,AUTUMN,ALLDAYS,EARLY,INDIA,NR,0.0
ELECTRICITY,2030,AUTUMN,ALLDAYS,EARLY,INDIA,SR,0.0
ELECTRICITY,2030,AUTUMN,ALLDAYS,EARLY,INDIA,NER,0.0
ELECTRICITY,2030,AUTUMN,ALLDAYS,MORN,INDIA,ER,0.0
ELECTRICITY,2030,AUTUMN,ALLDAYS,MORN,INDIA,WR,0.0
ELECTRICITY,2030,AUTUMN,ALLDAYS,MORN,INDIA,NR,0.0
ELECTRICITY,2030,AUTUMN,ALLDAYS,MORN,INDIA,SR,0.0
ELECTRICITY,2030,AUTUMN,ALLDAYS,MORN,INDIA,NER,0.0
ELECTRICITY,2030,AUTUMN,ALLDAYS,MID,INDIA,ER,0.0
ELECTRICITY,2030,AUTUMN,ALLDAYS,MID,INDIA,WR,0.0
ELECTRICITY,2030,AUTUMN,ALLDAYS,MID,INDIA,NR,0.0
ELECTRICITY,2030,AUTUMN,ALLDAYS,MID,INDIA,SR,0.0
ELECTRICITY,2030,AUTUMN,ALLDAYS,MID,INDIA,NER,0.0
ELECTRICITY,2030,AUTUMN,ALLDAYS,AFTERNOON,INDIA,ER,0.0
ELECTRICITY,2030,AUTUMN,ALLDAYS,AFTERNOON,INDIA,WR,0.0
ELECTRICITY,2030,AUTUMN,ALLDAYS,AFTERNOON,INDIA,NR,0.0
ELECTRICITY,2030,AUTUMN,ALLDAYS,AFTERNOON,INDIA,SR,0.0
ELECTRICITY,2030,AUTUMN,ALLDAYS,AFTERNOON,INDIA,NER,0.0
ELECTRICITY,2030,AUTUMN,ALLDAYS,EVENING,INDIA,ER,0.0
ELECTRICITY,2030,AUTUMN,ALLDAYS,EVENING,INDIA,WR,0.0
ELECTRICITY,2030,AUTUMN,ALLDAYS,EVENING,INDIA,NR,0.0
ELECTRICITY,2030,AUTUMN,ALLDAYS,EVENING,INDIA,SR,0.0
ELECTRICITY,2030,AUTUMN,ALLDAYS,EVENING,INDIA,NER,0.0
ELECTRICITY,2030,AUTUMN,ALLDAYS,NIGHT,INDIA,ER,0.0
ELECTRICITY,2030,AUTUMN,ALLDAYS,NIGHT,INDIA,WR,0.0
ELECTRICITY,2030,AUTUMN,ALLDAYS,NIGHT,INDIA,NR,0.0
ELECTRICITY,2030,AUTUMN,ALLDAYS,NIGHT,INDIA,SR,0.0
ELECTRICITY,2030,AUTUMN,ALLDAYS,NIGHT,INDIA,NER,0.0
ELECTRICITY,2030,WINTER,ALLDAYS,EARLY,INDIA,ER,0.0
ELECTRICITY,2030,WINTER,ALLDAYS,EARLY,INDIA,WR,0.0
ELECTRICITY,2030,WINTER,ALLDAYS,EARLY,INDIA,NR,0.0
ELECTRICITY,2030,WINTER,ALLDAYS,EARLY,INDIA,SR,0.0
ELECTRICITY,2030,WINTER,ALLDAYS,EARLY,INDIA,NER,0.0
ELECTRICITY,2030,WINTER,ALLDAYS,MORN,INDIA,ER,0.0
ELECTRICITY,2030,WINTER,ALLDAYS,MORN,INDIA,WR,0.0
ELECTRICITY,2030,WINTER,ALLDAYS,MORN,INDIA,NR,0.0
ELECTRICITY,2030,WINTER,ALLDAYS,MORN,INDIA,SR,0.0
ELECTRICITY,2030,WINTER,ALLDAYS,MORN,INDIA,NER,0.0
ELECTRICITY,2030,WINTER,ALLDAYS,MID,INDIA,ER,0.0
ELECTRICITY,2030,WINTER,ALLDAYS,MID,INDIA,WR,0.0
ELECTRICITY,2030,WINTER,ALLDAYS,MID,INDIA,NR,0.0
ELECTRICITY,2030,WINTER,ALLDAYS,MID,INDIA,SR,0.0
ELECTRICITY,2030,WINTER,ALLDAYS,MID,INDIA,NER,0.0
ELECTRICITY,2030,WINTER,ALLDAYS,AFTERNOON,INDIA,ER,0.0
ELECTRICITY,2030,WINTER,ALLDAYS,AFTERNOON,INDIA,WR,0.0
ELECTRICITY,2030,WINTER,ALLDAYS,AFTERNOON,INDIA,NR,0.0
ELECTRICITY,2030,WINTER,ALLDAYS,AFTERNOON,INDIA,SR,0.0
ELECTRICITY,2030,WINTER,ALLDAYS,AFTERNOON,INDIA,NER,0.0
ELECTRICITY,2030,WINTER,ALLDAYS,EVENING,INDIA,ER,0.0
ELECTRICITY,2030,WINTER,ALLDAYS,EVENING,INDIA,WR,0.0
ELECTRICITY,2030,WINTER,ALLDAYS,EVENING,INDIA,NR,0.0
ELECTRICITY,2030,WINTER,ALLDAYS,EVENING,INDIA,SR,0.0
ELECTRICITY,2030,WINTER,ALLDAYS,EVENING,INDIA,NER,0.0
ELECTRICITY,2030,WINTER,ALLDAYS,NIGHT,INDIA,ER,0.0
ELECTRICITY,2030,WINTER,ALLDAYS,NIGHT,INDIA,WR,0.0
ELECTRICITY,2030,WINTER,ALLDAYS,NIGHT,INDIA,NR,0.0
ELECTRICITY,2030,WINTER,ALLDAYS,NIGHT,INDIA,SR,0.0
ELECTRICITY,2030,WINTER,ALLDAYS,NIGHT,INDIA,NER,0.0
ELECTRICITY,2030,SPRING,ALLDAYS,EARLY,INDIA,ER,0.0
ELECTRICITY,2030,SPRING,ALLDAYS,EARLY,INDIA,WR,0.0
ELECTRICITY,2030,SPRING,ALLDAYS,EARLY,INDIA,NR,0.0
ELECTRICITY,2030,SPRING,ALLDAYS,EARLY,INDIA,SR,0.0
ELECTRICITY,2030,SPRING,ALLDAYS,EARLY,INDIA,NER,0.0
ELECTRICITY,2030,SPRING,ALLDAYS,MORN,INDIA,ER,0.0
ELECTRICITY,2030,SPRING,ALLDAYS,MORN,INDIA,WR,0.0
ELECTRICITY,2030,SPRING,ALLDAYS,MORN,INDIA,NR,0.0
ELECTRICITY,2030,SPRING,ALLDAYS,MORN,INDIA,SR,0.0
ELECTRICITY,2030,SPRING,ALLDAYS,MORN,INDIA,NER,0.0
ELECTRICITY,2030,SPRING,ALLDAYS,MID,INDIA,ER,0.0
ELECTRICITY,2030,SPRING,ALLDAYS,MID,INDIA,WR,0.0
ELECTRICITY,2030,SPRING,ALLDAYS,MID,INDIA,NR,0.0
ELECTRICITY,2030,SPRING,ALLDAYS,MID,INDIA,SR,0.0
ELECTRICITY,2030,SPRING,ALLDAYS,MID,INDIA,NER,0.0
ELECTRICITY,2030,SPRING,ALLDAYS,AFTERNOON,INDIA,ER,0.0
ELECTRICITY,2030,SPRING,ALLDAYS,AFTERNOON,INDIA,WR,0.0
ELECTRICITY,2030,SPRING,ALLDAYS,AFTERNOON,INDIA,NR,0.0
ELECTRICITY,2030,SPRING,ALLDAYS,AFTERNOON,INDIA,SR,0.0
ELECTRICITY,2030,SPRING,ALLDAYS,AFTERNOON,INDIA,NER,0.0
ELECTRICITY,2030,SPRING,ALLDAYS,EVENING,INDIA,ER,0.0
ELECTRICITY,2030,SPRING,ALLDAYS,EVENING,INDIA,WR,0.0
ELECTRICITY,2030,SPRING,ALLDAYS,EVENING,INDIA,NR,0.0
ELECTRICITY,2030,SPRING,ALLDAYS,EVENING,INDIA,SR,0.0
ELECTRICITY,2030,SPRING,ALLDAYS,EVENING,INDIA,NER,0.0
ELECTRICITY,2030,SPRING,ALLDAYS,NIGHT,INDIA,ER,0.0
ELECTRICITY,2030,SPRING,ALLDAYS,NIGHT,INDIA,WR,0.0
ELECTRICITY,2030,SPRING,ALLDAYS,NIGHT,INDIA,NR,0.0
ELECTRICITY,2030,SPRING,ALLDAYS,NIGHT,INDIA,SR,0.0
ELECTRICITY,2030,SPRING,ALLDAYS,NIGHT,INDIA,NER,0.0
ELECTRICITY,2031,SUMMER,ALLDAYS,EARLY,INDIA,ER,0.0
ELECTRICITY,2031,SUMMER,ALLDAYS,EARLY,INDIA,WR,0.0
ELECTRICITY,2031,SUMMER,ALLDAYS,EARLY,INDIA,NR,0.0
ELECTRICITY,2031,SUMMER,ALLDAYS,EARLY,INDIA,SR,0.0
ELECTRICITY,2031,SUMMER,ALLDAYS,EARLY,INDIA,NER,0.0
ELECTRICITY,2031,SUMMER,ALLDAYS,MORN,INDIA,ER,0.0
ELECTRICITY,2031,SUMMER,ALLDAYS,MORN,INDIA,WR,0.0
ELECTRICITY,2031,SUMMER,ALLDAYS,MORN,INDIA,NR,0.0
ELECTRICITY,2031,SUMMER,ALLDAYS,MORN,INDIA,SR,0.0
ELECTRICITY,2031,SUMMER,ALLDAYS,MORN,INDIA,NER,0.0
ELECTRICITY,2031,SUMMER,ALLDAYS,MID,INDIA,ER,0.0
ELECTRICITY,2031,SUMMER,ALLDAYS,MID,INDIA,WR,0.0
ELECTRICITY,2031,SUMMER,ALLDAYS,MID,INDIA,NR,0.0
ELECTRICITY,2031,SUMMER,ALLDAYS,MID,INDIA,SR,0.0
ELECTRICITY,2031,SUMMER,ALLDAYS,MID,INDIA,NER,0.0
ELECTRICITY,2031,SUMMER,ALLDAYS,AFTERNOON,INDIA,ER,0.0
ELECTRICITY,2031,SUMMER,ALLDAYS,AFTERNOON,INDIA,WR,0.0
ELECTRICITY,2031,SUMMER,ALLDAYS,AFTERNOON,INDIA,NR,0.0
ELECTRICITY,2031,SUMMER,ALLDAYS,AFTERNOON,INDIA,SR,0.0
ELECTRICITY,2031,SUMMER,ALLDAYS,AFTERNOON,INDIA,NER,0.0
ELECTRICITY,2031,SUMMER,ALLDAYS,EVENING,INDIA,ER,0.0
ELECTRICITY,2031,SUMMER,ALLDAYS,EVENING,INDIA,WR,0.0
ELECTRICITY,2031,SUMMER,ALLDAYS,EVENING,INDIA,NR,0.0
ELECTRICITY,2031,SUMMER,ALLDAYS,EVENING,INDIA,SR,0.0
ELECTRICITY,2031,SUMMER,ALLDAYS,EVENING,INDIA,NER,0.0
ELECTRICITY,2031,SUMMER,ALLDAYS,NIGHT,INDIA,ER,0.0
ELECTRICITY,2031,SUMMER,ALLDAYS,NIGHT,INDIA,WR,0.0
ELECTRICITY,2031,SUMMER,ALLDAYS,NIGHT,INDIA,NR,0.0
ELECTRICITY,2031,SUMMER,ALLDAYS,NIGHT,INDIA,SR,0.0
ELECTRICITY,2031,SUMMER,ALLDAYS,NIGHT,INDIA,NER,0.0
ELECTRICITY,2031,MONSOON,ALLDAYS,EARLY,INDIA,ER,0.0
ELECTRICITY,2031,MONSOON,ALLDAYS,EARLY,INDIA,WR,0.0
ELECTRICITY,2031,MONSOON,ALLDAYS,EARLY,INDIA,NR,0.0
ELECTRICITY,2031,MONSOON,ALLDAYS,EARLY,INDIA,SR,0.0
ELECTRICITY,2031,MONSOON,ALLDAYS,EARLY,INDIA,NER,0.0
ELECTRICITY,2031,MONSOON,ALLDAYS,MORN,INDIA,ER,0.0
ELECTRICITY,2031,MONSOON,ALLDAYS,MORN,INDIA,WR,0.0
ELECTRICITY,2031,MONSOON,ALLDAYS,MORN,INDIA,NR,0.0
ELECTRICITY,2031,MONSOON,ALLDAYS,MORN,INDIA,SR,0.0
ELECTRICITY,2031,MONSOON,ALLDAYS,MORN,INDIA,NER,0.0
ELECTRICITY,2031,MONSOON,ALLDAYS,MID,INDIA,ER,0.0
ELECTRICITY,2031,MONSOON,ALLDAYS,MID,INDIA,WR,0.0
ELECTRICITY,2031,MONSOON,ALLDAYS,MID,INDIA,NR,0.0
ELECTRICITY,2031,MONSOON,ALLDAYS,MID,INDIA,SR,0.0
ELECTRICITY,2031,MONSOON,ALLDAYS,MID,INDIA,NER,0.0
ELECTRICITY,2031,MONSOON,ALLDAYS,AFTERNOON,INDIA,ER,0.0
ELECTRICITY,2031,MONSOON,ALLDAYS,AFTERNOON,INDIA,WR,0.0
ELECTRICITY,2031,MONSOON,ALLDAYS,AFTERNOON,INDIA,NR,0.0
ELECTRICITY,2031,MONSOON,ALLDAYS,AFTERNOON,INDIA,SR,0.0
ELECTRICITY,2031,MONSOON,ALLDAYS,AFTERNOON,INDIA,NER,0.0
ELECTRICITY,2031,MONSOON,ALLDAYS,EVENING,INDIA,ER,0.0
ELECTRICITY,2031,MONSOON,ALLDAYS,EVENING,INDIA,WR,0.0
ELECTRICITY,2031,MONSOON,ALLDAYS,EVENING,INDIA,NR,0.0
ELECTRICITY,2031,MONSOON,ALLDAYS,EVENING,INDIA,SR,0.0
ELECTRICITY,2031,MONSOON,ALLDAYS,EVENING,INDIA,NER,0.0
ELECTRICITY,2031,MONSOON,ALLDAYS,NIGHT,INDIA,ER,0.0
ELECTRICITY,2031,MONSOON,ALLDAYS,NIGHT,INDIA,WR,0.0
ELECTRICITY,2031,MONSOON,ALLDAYS,NIGHT,INDIA,NR,0.0
ELECTRICITY,2031,MONSOON,ALLDAYS,NIGHT,INDIA,SR,0.0
ELECTRICITY,2031,MONSOON,ALLDAYS,NIGHT,INDIA,NER,0.0
ELECTRICITY,2031,AUTUMN,ALLDAYS,EARLY,INDIA,ER,0.0
ELECTRICITY,2031,AUTUMN,ALLDAYS,EARLY,INDIA,WR,0.0
ELECTRICITY,2031,AUTUMN,ALLDAYS,EARLY,INDIA,NR,0.0
ELECTRICITY,2031,AUTUMN,ALLDAYS,EARLY,INDIA,SR,0.0
ELECTRICITY,2031,AUTUMN,ALLDAYS,EARLY,INDIA,NER,0.0
ELECTRICITY,2031,AUTUMN,ALLDAYS,MORN,INDIA,ER,0.0
ELECTRICITY,2031,AUTUMN,ALLDAYS,MORN,INDIA,WR,0.0
ELECTRICITY,2031,AUTUMN,ALLDAYS,MORN,INDIA,NR,0.0
ELECTRICITY,2031,AUTUMN,ALLDAYS,MORN,INDIA,SR,0.0
ELECTRICITY,2031,AUTUMN,ALLDAYS,MORN,INDIA,NER,0.0
ELECTRICITY,2031,AUTUMN,ALLDAYS,MID,INDIA,ER,0.0
ELECTRICITY,2031,AUTUMN,ALLDAYS,MID,INDIA,WR,0.0
ELECTRICITY,2031,AUTUMN,ALLDAYS,MID,INDIA,NR,0.0
ELECTRICITY,2031,AUTUMN,ALLDAYS,MID,INDIA,SR,0.0
ELECTRICITY,2031,AUTUMN,ALLDAYS,MID,INDIA,NER,0.0
ELECTRICITY,2031,AUTUMN,ALLDAYS,AFTERNOON,INDIA,ER,0.0
ELECTRICITY,2031,AUTUMN,ALLDAYS,AFTERNOON,INDIA,WR,0.0
ELECTRICITY,2031,AUTUMN,ALLDAYS,AFTERNOON,INDIA,NR,0.0
ELECTRICITY,2031,AUTUMN,ALLDAYS,AFTERNOON,INDIA,SR,0.0
ELECTRICITY,2031,AUTUMN,ALLDAYS,AFTERNOON,INDIA,NER,0.0
ELECTRICITY,2031,AUTUMN,ALLDAYS,EVENING,INDIA,ER,0.0
ELECTRICITY,2031,AUTUMN,ALLDAYS,EVENING,INDIA,WR,0.0
ELECTRICITY,2031,AUTUMN,ALLDAYS,EVENING,INDIA,NR,0.0
ELECTRICITY,2031,AUTUMN,ALLDAYS,EVENING,INDIA,SR,0.0
ELECTRICITY,2031,AUTUMN,ALLDAYS,EVENING,INDIA,NER,0.0
ELECTRICITY,2031,AUTUMN,ALLDAYS,NIGHT,INDIA,ER,0.0
ELECTRICITY,2031,AUTUMN,ALLDAYS,NIGHT,INDIA,WR,0.0
ELECTRICITY,2031,AUTUMN,ALLDAYS,NIGHT,INDIA,NR,0.0
ELECTRICITY,2031,AUTUMN,ALLDAYS,NIGHT,INDIA,SR,0.0
ELECTRICITY,2031,AUTUMN,ALLDAYS,NIGHT,INDIA,NER,0.0
ELECTRICITY,2031,WINTER,ALLDAYS,EARLY,INDIA,ER,0.0
ELECTRICITY,2031,WINTER,ALLDAYS,EARLY,INDIA,WR,0.0
ELECTRICITY,2031,WINTER,ALLDAYS,EARLY,INDIA,NR,0.0
ELECTRICITY,2031,WINTER,ALLDAYS,EARLY,INDIA,SR,0.0
ELECTRICITY,2031,WINTER,ALLDAYS,EARLY,INDIA,NER,0.0
ELECTRICITY,2031,WINTER,ALLDAYS,MORN,INDIA,ER,0.0
ELECTRICITY,2031,WINTER,ALLDAYS,MORN,INDIA,WR,0.0
ELECTRICITY,2031,WINTER,ALLDAYS,MORN,INDIA,NR,0.0
ELECTRICITY,2031,WINTER,ALLDAYS,MORN,INDIA,SR,0.0
ELECTRICITY,2031,WINTER,ALLDAYS,MORN,INDIA,NER,0.0
ELECTRICITY,2031,WINTER,ALLDAYS,MID,INDIA,ER,0.0
ELECTRICITY,2031,WINTER,ALLDAYS,MID,INDIA,WR,0.0
ELECTRICITY,2031,WINTER,ALLDAYS,MID,INDIA,NR,0.0
ELECTRICITY,2031,WINTER,ALLDAYS,MID,INDIA,SR,0.0
ELECTRICITY,2031,WINTER,ALLDAYS,MID,INDIA,NER,0.0
ELECTRICITY,2031,WINTER,ALLDAYS,AFTERNOON,INDIA,ER,0.0
ELECTRICITY,2031,WINTER,ALLDAYS,AFTERNOON,INDIA,WR,0.0
ELECTRICITY,2031,WINTER,ALLDAYS,AFTERNOON,INDIA,NR,0.0
ELECTRICITY,2031,WINTER,ALLDAYS,AFTERNOON,INDIA,SR,0.0
ELECTRICITY,2031,WINTER,ALLDAYS,AFTERNOON,INDIA,NER,0.0
ELECTRICITY,2031,WINTER,ALLDAYS,EVENING,INDIA,ER,0.0
ELECTRICITY,2031,WINTER,ALLDAYS,EVENING,INDIA,WR,0.0
ELECTRICITY,2031,WINTER,ALLDAYS,EVENING,INDIA,NR,0.0
ELECTRICITY,2031,WINTER,ALLDAYS,EVENING,INDIA,SR,0.0
ELECTRICITY,2031,WINTER,ALLDAYS,EVENING,INDIA,NER,0.0
ELECTRICITY,2031,WINTER,ALLDAYS,NIGHT,INDIA,ER,0.0
ELECTRICITY,2031,WINTER,ALLDAYS,NIGHT,INDIA,WR,0.0
ELECTRICITY,2031,WINTER,ALLDAYS,NIGHT,INDIA,NR,0.0
ELECTRICITY,2031,WINTER,ALLDAYS,NIGHT,INDIA,SR,0.0
ELECTRICITY,2031,WINTER,ALLDAYS,NIGHT,INDIA,NER,0.0
ELECTRICITY,2031,SPRING,ALLDAYS,EARLY,INDIA,ER,0.0
ELECTRICITY,2031,SPRING,ALLDAYS,EARLY,INDIA,WR,0.0
ELECTRICITY,2031,SPRING,ALLDAYS,EARLY,INDIA,NR,0.0
ELECTRICITY,2031,SPRING,ALLDAYS,EARLY,INDIA,SR,0.0
ELECTRICITY,2031,SPRING,ALLDAYS,EARLY,INDIA,NER,0.0
ELECTRICITY,2031,SPRING,ALLDAYS,MORN,INDIA,ER,0.0
ELECTRICITY,2031,SPRING,ALLDAYS,MORN,INDIA,WR,0.0
ELECTRICITY,2031,SPRING,ALLDAYS,MORN,INDIA,NR,0.0
ELECTRICITY,2031,SPRING,ALLDAYS,MORN,INDIA,SR,0.0
ELECTRICITY,2031,SPRING,ALLDAYS,MORN,INDIA,NER,0.0
ELECTRICITY,2031,SPRING,ALLDAYS,MID,INDIA,ER,0.0
ELECTRICITY,2031,SPRING,ALLDAYS,MID,INDIA,WR,0.0
ELECTRICITY,2031,SPRING,ALLDAYS,MID,INDIA,NR,0.0
ELECTRICITY,2031,SPRING,ALLDAYS,MID,INDIA,SR,0.0
ELECTRICITY,2031,SPRING,ALLDAYS,MID,INDIA,NER,0.0
ELECTRICITY,2031,SPRING,ALLDAYS,AFTERNOON,INDIA,ER,0.0
ELECTRICITY,2031,SPRING,ALLDAYS,AFTERNOON,INDIA,WR,0.0
ELECTRICITY,2031,SPRING,ALLDAYS,AFTERNOON,INDIA,NR,0.0
ELECTRICITY,2031,SPRING,ALLDAYS,AFTERNOON,INDIA,SR,0.0
ELECTRICITY,2031,SPRING,ALLDAYS,AFTERNOON,INDIA,NER,0.0
ELECTRICITY,2031,SPRING,ALLDAYS,EVENING,INDIA,ER,0.0
ELECTRICITY,2031,SPRING,ALLDAYS,EVENING,INDIA,WR,0.0
ELECTRICITY,2031,SPRING,ALLDAYS,EVENING,INDIA,NR,0.0
ELECTRICITY,2031,SPRING,ALLDAYS,EVENING,INDIA,SR,0.0
ELECTRICITY,2031,SPRING,ALLDAYS,EVENING,INDIA,NER,0.0
ELECTRICITY,2031,SPRING,ALLDAYS,NIGHT,INDIA,ER,0.0
ELECTRICITY,2031,SPRING,ALLDAYS,NIGHT,INDIA,WR,0.0
ELECTRICITY,2031,SPRING,ALLDAYS,NIGHT,INDIA,NR,0.0
ELECTRICITY,2031,SPRING,ALLDAYS,NIGHT,INDIA,SR,0.0
ELECTRICITY,2031,SPRING,ALLDAYS,NIGHT,INDIA,NER,0.0
MS,2021,,,,INDIA,,0.0
MS,2022,,,,INDIA,,0.0
MS,2023,,,,INDIA,,0.0
MS,2024,,,,INDIA,,0.0
MS,2025,,,,INDIA,,0.0
MS,2026,,,,INDIA,,0.0
MS,2027,,,,INDIA,,0.0
MS,2028,,,,INDIA,,0.0
MS,2029,,,,INDIA,,0.0
MS,2030,,,,INDIA,,0.0
MS,2031,,,,INDIA,,0.0
HSD,2021,,,,INDIA,,0.0
HSD,2022,,,,INDIA,,0.0
HSD,2023,,,,INDIA,,0.0
HSD,2024,,,,INDIA,,0.0
HSD,2025,,,,INDIA,,0.0
HSD,2026,,,,INDIA,,0.0
HSD,2027,,,,INDIA,,0.0
HSD,2028,,,,INDIA,,0.0
HSD,2029,,,,INDIA,,0.0
HSD,2030,,,,INDIA,,0.0
HSD,2031,,,,INDIA,,0.0
ATF,2021,,,,INDIA,,0.0
ATF,2022,,,,INDIA,,0.0
ATF,2023,,,,INDIA,,0.0
ATF,2024,,,,INDIA,,0.0
ATF,2025,,,,INDIA,,0.0
ATF,2026,,,,INDIA,,0.0
ATF,2027,,,,INDIA,,0.0
ATF,2028,,,,INDIA,,0.0
ATF,2029,,,,INDIA,,0.0
ATF,2030,,,,INDIA,,0.0
ATF,2031,,,,INDIA,,0.0
LPG,2021,,,,INDIA,,0.0
LPG,2022,,,,INDIA,,0.0
LPG,2023,,,,INDIA,,0.0
LPG,2024,,,,INDIA,,0.0
LPG,2025,,,,INDIA,,0.0
LPG,2026,,,,INDIA,,0.0
LPG,2027,,,,INDIA,,0.0
LPG,2028,,,,INDIA,,0.0
LPG,2029,,,,INDIA,,0.0
LPG,2030,,,,INDIA,,0.0
LPG,2031,,,,INDIA,,0.0
PP_OTHER,2021,,,,INDIA,,0.0
PP_OTHER,2022,,,,INDIA,,0.0
PP_OTHER,2023,,,,INDIA,,0.0
PP_OTHER,2024,,,,INDIA,,0.0
PP_OTHER,2025,,,,INDIA,,0.0
PP_OTHER,2026,,,,INDIA,,0.0
PP_OTHER,2027,,,,INDIA,,0.0
PP_OTHER,2028,,,,INDIA,,0.0
PP_OTHER,2029,,,,INDIA,,0.0
PP_OTHER,2030,,,,INDIA,,0.0
PP_OTHER,2031,,,,INDIA,,0.0
