EnergyStorTech,ModelGeography,SubGeography1,Year,SubGeography2,MinCap,MaxCap
FOURHR_BATTERY,INDIA,ER,2021,BR,0,0
FOURHR_BATTERY,INDIA,ER,2022,BR,0,0
FOURHR_BATTERY,INDIA,ER,2021,JH,0,0
FOURHR_BATTERY,INDIA,ER,2021,OD,0,0
FOURHR_BATTERY,INDIA,ER,2021,WB,0,0
FOURHR_BATTERY,INDIA,WR,2021,CG,0,0
FOURHR_BATTERY,INDIA,WR,2021,GJ,0,0
FOURHR_BATTERY,INDIA,WR,2021,MP,0,0
FOURHR_BATTERY,INDIA,WR,2021,MH,0,0
FOURHR_BATTERY,INDIA,WR,2021,GA,0,0
FOURHR_BATTERY,INDIA,WR,2021,UT,0,0
FOURHR_BATTERY,INDIA,NER,2021,AS,0,0
FOURHR_BATTERY,INDIA,NER,2021,NE,0,0
FOURHR_BATTERY,INDIA,SR,2021,AP,0,0
FOURHR_BATTERY,INDIA,SR,2021,KA,0,0
FOURHR_BATTERY,INDIA,SR,2021,KL,0,0
FOURHR_BATTERY,INDIA,SR,2021,TN,0,0
FOURHR_BATTERY,INDIA,SR,2021,TS,0,0
FOURHR_BATTERY,INDIA,NR,2021,DL,0,0
FOURHR_BATTERY,INDIA,NR,2021,HR,0,0
FOURHR_BATTERY,INDIA,NR,2021,HP,0,0
FOURHR_BATTERY,INDIA,NR,2021,JK,0,0
FOURHR_BATTERY,INDIA,NR,2021,PB,0,0
FOURHR_BATTERY,INDIA,NR,2021,RJ,0,0
FOURHR_BATTERY,INDIA,NR,2021,UP,0,0
FOURHR_BATTERY,INDIA,NR,2021,UK,0,0
FOURHR_BATTERY,INDIA,ER,2022,JH,0,0
FOURHR_BATTERY,INDIA,ER,2022,OD,0,0
FOURHR_BATTERY,INDIA,ER,2022,WB,0,0
FOURHR_BATTERY,INDIA,WR,2022,CG,0,0
FOURHR_BATTERY,INDIA,WR,2022,GJ,0,0
FOURHR_BATTERY,INDIA,WR,2022,MP,0,0
FOURHR_BATTERY,INDIA,WR,2022,MH,0,0
FOURHR_BATTERY,INDIA,WR,2022,GA,0,0
FOURHR_BATTERY,INDIA,WR,2022,UT,0,0
FOURHR_BATTERY,INDIA,NER,2022,AS,0,0
FOURHR_BATTERY,INDIA,NER,2022,NE,0,0
FOURHR_BATTERY,INDIA,SR,2022,AP,0,0
FOURHR_BATTERY,INDIA,SR,2022,KA,0,0
FOURHR_BATTERY,INDIA,SR,2022,KL,0,0
FOURHR_BATTERY,INDIA,SR,2022,TN,0,0
FOURHR_BATTERY,INDIA,SR,2022,TS,0,0
FOURHR_BATTERY,INDIA,NR,2022,DL,0,0
FOURHR_BATTERY,INDIA,NR,2022,HR,0,0
FOURHR_BATTERY,INDIA,NR,2022,HP,0,0
FOURHR_BATTERY,INDIA,NR,2022,JK,0,0
FOURHR_BATTERY,INDIA,NR,2022,PB,0,0
FOURHR_BATTERY,INDIA,NR,2022,RJ,0,0
FOURHR_BATTERY,INDIA,NR,2022,UP,0,0
FOURHR_BATTERY,INDIA,NR,2022,UK,0,0
FOURHR_BATTERY,INDIA,ER,2023,BR,0,0
FOURHR_BATTERY,INDIA,ER,2023,JH,0,0
FOURHR_BATTERY,INDIA,ER,2023,OD,0,0
FOURHR_BATTERY,INDIA,ER,2023,WB,0,0
FOURHR_BATTERY,INDIA,WR,2023,CG,0,0
FOURHR_BATTERY,INDIA,WR,2023,GJ,0,0
FOURHR_BATTERY,INDIA,WR,2023,MP,0,0
FOURHR_BATTERY,INDIA,WR,2023,MH,0,0
FOURHR_BATTERY,INDIA,WR,2023,GA,0,0
FOURHR_BATTERY,INDIA,WR,2023,UT,0,0
FOURHR_BATTERY,INDIA,NER,2023,AS,0,0
FOURHR_BATTERY,INDIA,NER,2023,NE,0,0
FOURHR_BATTERY,INDIA,SR,2023,AP,0,0
FOURHR_BATTERY,INDIA,SR,2023,KA,0,0
FOURHR_BATTERY,INDIA,SR,2023,KL,0,0
FOURHR_BATTERY,INDIA,SR,2023,TN,0,0
FOURHR_BATTERY,INDIA,SR,2023,TS,0,0
FOURHR_BATTERY,INDIA,NR,2023,DL,0,0
FOURHR_BATTERY,INDIA,NR,2023,HR,0,0
FOURHR_BATTERY,INDIA,NR,2023,HP,0,0
FOURHR_BATTERY,INDIA,NR,2023,JK,0,0
FOURHR_BATTERY,INDIA,NR,2023,PB,0,0
FOURHR_BATTERY,INDIA,NR,2023,RJ,0,0
FOURHR_BATTERY,INDIA,NR,2023,UP,0,0
FOURHR_BATTERY,INDIA,NR,2023,UK,0,0
FOURHR_BATTERY,INDIA,ER,2024,BR,0,0.001576351
FOURHR_BATTERY,INDIA,ER,2024,JH,0,0.000399366
FOURHR_BATTERY,INDIA,ER,2024,OD,0,0.004137596
FOURHR_BATTERY,INDIA,ER,2024,WB,0,0.001190401
FOURHR_BATTERY,INDIA,WR,2024,CG,0,0.002406075
FOURHR_BATTERY,INDIA,WR,2024,GJ,0,0.030663495
FOURHR_BATTERY,INDIA,WR,2024,MP,0,0.023488326
FOURHR_BATTERY,INDIA,WR,2024,MH,0,0.018738993
FOURHR_BATTERY,INDIA,WR,2024,GA,0,4.97127E-05
FOURHR_BATTERY,INDIA,WR,2024,UT,0,0.000742363
FOURHR_BATTERY,INDIA,NER,2024,AS,0,0.000428798
FOURHR_BATTERY,INDIA,NER,2024,NE,0,0.000238059
FOURHR_BATTERY,INDIA,SR,2024,AP,0,0.037544755
FOURHR_BATTERY,INDIA,SR,2024,KA,0,0.075691575
FOURHR_BATTERY,INDIA,SR,2024,KL,0,0.001479214
FOURHR_BATTERY,INDIA,SR,2024,TN,0,0.040725746
FOURHR_BATTERY,INDIA,SR,2024,TS,0,0.037656349
FOURHR_BATTERY,INDIA,NR,2024,DL,0,0.001717689
FOURHR_BATTERY,INDIA,NR,2024,HR,0,0.002622294
FOURHR_BATTERY,INDIA,NR,2024,HP,0,0.000342477
FOURHR_BATTERY,INDIA,NR,2024,JK,0,0.000200723
FOURHR_BATTERY,INDIA,NR,2024,PB,0,0.009849984
FOURHR_BATTERY,INDIA,NR,2024,RJ,0,0.053435043
FOURHR_BATTERY,INDIA,NR,2024,UP,0,0.011389206
FOURHR_BATTERY,INDIA,NR,2024,UK,0,0.003285408
FOURHR_BATTERY,INDIA,ER,2025,BR,0,0.003142363
FOURHR_BATTERY,INDIA,ER,2025,JH,0,0.000796112
FOURHR_BATTERY,INDIA,ER,2025,OD,0,0.008248055
FOURHR_BATTERY,INDIA,ER,2025,WB,0,0.002372995
FOURHR_BATTERY,INDIA,WR,2025,CG,0,0.004796369
FOURHR_BATTERY,INDIA,WR,2025,GJ,0,0.061125871
FOURHR_BATTERY,INDIA,WR,2025,MP,0,0.046822595
FOURHR_BATTERY,INDIA,WR,2025,MH,0,0.037355079
FOURHR_BATTERY,INDIA,WR,2025,GA,0,9.90994E-05
FOURHR_BATTERY,INDIA,WR,2025,UT,0,0.001479857
FOURHR_BATTERY,INDIA,NER,2025,AS,0,0.000854784
FOURHR_BATTERY,INDIA,NER,2025,NE,0,0.000474558
FOURHR_BATTERY,INDIA,SR,2025,AP,0,0.074843258
FOURHR_BATTERY,INDIA,SR,2025,KA,0,0.150886698
FOURHR_BATTERY,INDIA,SR,2025,KL,0,0.002948725
FOURHR_BATTERY,INDIA,SR,2025,TN,0,0.081184375
FOURHR_BATTERY,INDIA,SR,2025,TS,0,0.075065714
FOURHR_BATTERY,INDIA,NR,2025,DL,0,0.003424112
FOURHR_BATTERY,INDIA,NR,2025,HR,0,0.005227389
FOURHR_BATTERY,INDIA,NR,2025,HP,0,0.000682708
FOURHR_BATTERY,INDIA,NR,2025,JK,0,0.000400129
FOURHR_BATTERY,INDIA,NR,2025,PB,0,0.019635362
FOURHR_BATTERY,INDIA,NR,2025,RJ,0,0.106519611
FOURHR_BATTERY,INDIA,NR,2025,UP,0,0.022703711
FOURHR_BATTERY,INDIA,NR,2025,UK,0,0.006549267
FOURHR_BATTERY,INDIA,ER,2026,BR,0,0.006264115
FOURHR_BATTERY,INDIA,ER,2026,JH,0,0.001587003
FOURHR_BATTERY,INDIA,ER,2026,OD,0,0.016442011
FOURHR_BATTERY,INDIA,ER,2026,WB,0,0.004730426
FOURHR_BATTERY,INDIA,WR,2026,CG,0,0.009561279
FOURHR_BATTERY,INDIA,WR,2026,GJ,0,0.121850824
FOURHR_BATTERY,INDIA,WR,2026,MP,0,0.093338086
FOURHR_BATTERY,INDIA,WR,2026,MH,0,0.07446515
FOURHR_BATTERY,INDIA,WR,2026,GA,0,0.000197549
FOURHR_BATTERY,INDIA,WR,2026,UT,0,0.002950007
FOURHR_BATTERY,INDIA,NER,2026,AS,0,0.001703962
FOURHR_BATTERY,INDIA,NER,2026,NE,0,0.000946002
FOURHR_BATTERY,INDIA,SR,2026,AP,0,0.149195628
FOURHR_BATTERY,INDIA,SR,2026,KA,0,0.300783745
FOURHR_BATTERY,INDIA,SR,2026,KL,0,0.00587811
FOURHR_BATTERY,INDIA,SR,2026,TN,0,0.161836271
FOURHR_BATTERY,INDIA,SR,2026,TS,0,0.149639079
FOURHR_BATTERY,INDIA,NR,2026,DL,0,0.006825765
FOURHR_BATTERY,INDIA,NR,2026,HR,0,0.010420492
FOURHR_BATTERY,INDIA,NR,2026,HP,0,0.001360938
FOURHR_BATTERY,INDIA,NR,2026,JK,0,0.000797634
FOURHR_BATTERY,INDIA,NR,2026,PB,0,0.039141938
FOURHR_BATTERY,INDIA,NR,2026,RJ,0,0.212340571
FOURHR_BATTERY,INDIA,NR,2026,UP,0,0.045258512
FOURHR_BATTERY,INDIA,NR,2026,UK,0,0.013055578
FOURHR_BATTERY,INDIA,ER,2027,BR,0,0.012487145
FOURHR_BATTERY,INDIA,ER,2027,JH,0,0.003163597
FOURHR_BATTERY,INDIA,ER,2027,OD,0,0.03277618
FOURHR_BATTERY,INDIA,ER,2027,WB,0,0.009429825
FOURHR_BATTERY,INDIA,WR,2027,CG,0,0.019059847
FOURHR_BATTERY,INDIA,WR,2027,GJ,0,0.242902441
FOURHR_BATTERY,INDIA,WR,2027,MP,0,0.186063977
FOURHR_BATTERY,INDIA,WR,2027,MH,0,0.148441891
FOURHR_BATTERY,INDIA,WR,2027,GA,0,0.000393802
FOURHR_BATTERY,INDIA,WR,2027,UT,0,0.005880665
FOURHR_BATTERY,INDIA,NER,2027,AS,0,0.003396747
FOURHR_BATTERY,INDIA,NER,2027,NE,0,0.0018858
FOURHR_BATTERY,INDIA,SR,2027,AP,0,0.297412696
FOURHR_BATTERY,INDIA,SR,2027,KA,0,0.59959468
FOURHR_BATTERY,INDIA,SR,2027,KL,0,0.011717666
FOURHR_BATTERY,INDIA,SR,2027,TN,0,0.322611074
FOURHR_BATTERY,INDIA,SR,2027,TS,0,0.298296691
FOURHR_BATTERY,INDIA,NR,2027,DL,0,0.013606761
FOURHR_BATTERY,INDIA,NR,2027,HR,0,0.020772638
FOURHR_BATTERY,INDIA,NR,2027,HP,0,0.002712949
FOURHR_BATTERY,INDIA,NR,2027,JK,0,0.001590037
FOURHR_BATTERY,INDIA,NR,2027,PB,0,0.078027148
FOURHR_BATTERY,INDIA,NR,2027,RJ,0,0.423288421
FOURHR_BATTERY,INDIA,NR,2027,UP,0,0.090220177
FOURHR_BATTERY,INDIA,NR,2027,UK,0,0.026025526
FOURHR_BATTERY,INDIA,ER,2028,BR,0,0.024892388
FOURHR_BATTERY,INDIA,ER,2028,JH,0,0.006306444
FOURHR_BATTERY,INDIA,ER,2028,OD,0,0.065337385
FOURHR_BATTERY,INDIA,ER,2028,WB,0,0.018797801
FOURHR_BATTERY,INDIA,WR,2028,CG,0,0.037994682
FOURHR_BATTERY,INDIA,WR,2028,GJ,0,0.484211711
FOURHR_BATTERY,INDIA,WR,2028,MP,0,0.370907579
FOURHR_BATTERY,INDIA,WR,2028,MH,0,0.295910167
FOURHR_BATTERY,INDIA,WR,2028,GA,0,0.000785021
FOURHR_BATTERY,INDIA,WR,2028,UT,0,0.011722759
FOURHR_BATTERY,INDIA,NER,2028,AS,0,0.006771216
FOURHR_BATTERY,INDIA,NER,2028,NE,0,0.003759232
FOURHR_BATTERY,INDIA,SR,2028,AP,0,0.592874693
FOURHR_BATTERY,INDIA,SR,2028,KA,0,1.195256679
FOURHR_BATTERY,INDIA,SR,2028,KL,0,0.023358477
FOURHR_BATTERY,INDIA,SR,2028,TN,0,0.643106175
FOURHR_BATTERY,INDIA,SR,2028,TS,0,0.594636884
FOURHR_BATTERY,INDIA,NR,2028,DL,0,0.027124278
FOURHR_BATTERY,INDIA,NR,2028,HR,0,0.04140903
FOURHR_BATTERY,INDIA,NR,2028,HP,0,0.005408104
FOURHR_BATTERY,INDIA,NR,2028,JK,0,0.003169645
FOURHR_BATTERY,INDIA,NR,2028,PB,0,0.155542524
FOURHR_BATTERY,INDIA,NR,2028,RJ,0,0.843800537
FOURHR_BATTERY,INDIA,NR,2028,UP,0,0.179848609
FOURHR_BATTERY,INDIA,NR,2028,UK,0,0.051880354
FOURHR_BATTERY,INDIA,ER,2029,BR,0,0.049621509
FOURHR_BATTERY,INDIA,ER,2029,JH,0,0.012571524
FOURHR_BATTERY,INDIA,ER,2029,OD,0,0.13024623
FOURHR_BATTERY,INDIA,ER,2029,WB,0,0.037472309
FOURHR_BATTERY,INDIA,WR,2029,CG,0,0.07574016
FOURHR_BATTERY,INDIA,WR,2029,GJ,0,0.965247526
FOURHR_BATTERY,INDIA,WR,2029,MP,0,0.739382414
FOURHR_BATTERY,INDIA,WR,2029,MH,0,0.58987949
FOURHR_BATTERY,INDIA,WR,2029,GA,0,0.001564893
FOURHR_BATTERY,INDIA,WR,2029,UT,0,0.02336863
FOURHR_BATTERY,INDIA,NER,2029,AS,0,0.013498019
FOURHR_BATTERY,INDIA,NER,2029,NE,0,0.007493807
FOURHR_BATTERY,INDIA,SR,2029,AP,0,1.181860782
FOURHR_BATTERY,INDIA,SR,2029,KA,0,2.382673792
FOURHR_BATTERY,INDIA,SR,2029,KL,0,0.046563747
FOURHR_BATTERY,INDIA,SR,2029,TN,0,1.281994283
FOURHR_BATTERY,INDIA,SR,2029,TS,0,1.185373607
FOURHR_BATTERY,INDIA,NR,2029,DL,0,0.05407065
FOURHR_BATTERY,INDIA,NR,2029,HR,0,0.082546462
FOURHR_BATTERY,INDIA,NR,2029,HP,0,0.010780737
FOURHR_BATTERY,INDIA,NR,2029,JK,0,0.0063185
FOURHR_BATTERY,INDIA,NR,2029,PB,0,0.31006486
FOURHR_BATTERY,INDIA,NR,2029,RJ,0,1.682066673
FOURHR_BATTERY,INDIA,NR,2029,UP,0,0.35851761
FOURHR_BATTERY,INDIA,NR,2029,UK,0,0.10342043
FOURHR_BATTERY,INDIA,ER,2030,BR,0,0.098917555
FOURHR_BATTERY,INDIA,ER,2030,JH,0,0.025060593
FOURHR_BATTERY,INDIA,ER,2030,OD,0,0.259638187
FOURHR_BATTERY,INDIA,ER,2030,WB,0,0.074698841
FOURHR_BATTERY,INDIA,WR,2030,CG,0,0.150983548
FOURHR_BATTERY,INDIA,WR,2030,GJ,0,1.924164093
FOURHR_BATTERY,INDIA,WR,2030,MP,0,1.473915294
FOURHR_BATTERY,INDIA,WR,2030,MH,0,1.175890021
FOURHR_BATTERY,INDIA,WR,2030,GA,0,0.003119522
FOURHR_BATTERY,INDIA,WR,2030,UT,0,0.046583988
FOURHR_BATTERY,INDIA,NER,2030,AS,0,0.026907507
FOURHR_BATTERY,INDIA,NER,2030,NE,0,0.014938463
FOURHR_BATTERY,INDIA,SR,2030,AP,0,2.355969861
FOURHR_BATTERY,INDIA,SR,2030,KA,0,4.749719871
FOURHR_BATTERY,INDIA,SR,2030,KL,0,0.092822088
FOURHR_BATTERY,INDIA,SR,2030,TN,0,2.555580096
FOURHR_BATTERY,INDIA,SR,2030,TS,0,2.362972469
FOURHR_BATTERY,INDIA,NR,2030,DL,0,0.107786656
FOURHR_BATTERY,INDIA,NR,2030,HR,0,0.16455151
FOURHR_BATTERY,INDIA,NR,2030,HP,0,0.021490764
FOURHR_BATTERY,INDIA,NR,2030,JK,0,0.012595559
FOURHR_BATTERY,INDIA,NR,2030,PB,0,0.618096037
FOURHR_BATTERY,INDIA,NR,2030,RJ,0,3.353100843
FOURHR_BATTERY,INDIA,NR,2030,UP,0,0.71468374
FOURHR_BATTERY,INDIA,NR,2030,UK,0,0.206162536
FOURHR_BATTERY,INDIA,ER,2031,BR,0,0.19718632
FOURHR_BATTERY,INDIA,ER,2031,JH,0,0.049956817
FOURHR_BATTERY,INDIA,ER,2031,OD,0,0.517573435
FOURHR_BATTERY,INDIA,ER,2031,WB,0,0.14890774
FOURHR_BATTERY,INDIA,WR,2031,CG,0,0.30097681
FOURHR_BATTERY,INDIA,WR,2031,GJ,0,3.83570779
FOURHR_BATTERY,INDIA,WR,2031,MP,0,2.938163329
FOURHR_BATTERY,INDIA,WR,2031,MH,0,2.3440675
FOURHR_BATTERY,INDIA,WR,2031,GA,0,0.006218583
FOURHR_BATTERY,INDIA,WR,2031,UT,0,0.092862437
FOURHR_BATTERY,INDIA,NER,2031,AS,0,0.05363853
FOURHR_BATTERY,INDIA,NER,2031,NE,0,0.029778946
FOURHR_BATTERY,INDIA,SR,2031,AP,0,4.696487156
FOURHR_BATTERY,INDIA,SR,2031,KA,0,9.468286815
FOURHR_BATTERY,INDIA,SR,2031,KL,0,0.185035365
FOURHR_BATTERY,INDIA,SR,2031,TN,0,5.094398403
FOURHR_BATTERY,INDIA,SR,2031,TS,0,4.710446444
FOURHR_BATTERY,INDIA,NR,2031,DL,0,0.214866349
FOURHR_BATTERY,INDIA,NR,2031,HR,0,0.328023743
FOURHR_BATTERY,INDIA,NR,2031,HP,0,0.042840572
FOURHR_BATTERY,INDIA,NR,2031,JK,0,0.025108504
FOURHR_BATTERY,INDIA,NR,2031,PB,0,1.232138045
FOURHR_BATTERY,INDIA,NR,2031,RJ,0,6.684209041
FOURHR_BATTERY,INDIA,NR,2031,UP,0,1.424679942
FOURHR_BATTERY,INDIA,NR,2031,UK,0,0.410972873
SIXHR_BATTERY,INDIA,ER,2021,BR,0,0
SIXHR_BATTERY,INDIA,ER,2021,JH,0,0
SIXHR_BATTERY,INDIA,ER,2021,OD,0,0
SIXHR_BATTERY,INDIA,ER,2021,WB,0,0
SIXHR_BATTERY,INDIA,WR,2021,CG,0,0
SIXHR_BATTERY,INDIA,WR,2021,GJ,0,0
SIXHR_BATTERY,INDIA,WR,2021,MP,0,0
SIXHR_BATTERY,INDIA,WR,2021,MH,0,0
SIXHR_BATTERY,INDIA,WR,2021,GA,0,0
SIXHR_BATTERY,INDIA,WR,2021,UT,0,0
SIXHR_BATTERY,INDIA,NER,2021,AS,0,0
SIXHR_BATTERY,INDIA,NER,2021,NE,0,0
SIXHR_BATTERY,INDIA,SR,2021,AP,0,0
SIXHR_BATTERY,INDIA,SR,2021,KA,0,0
SIXHR_BATTERY,INDIA,SR,2021,KL,0,0
SIXHR_BATTERY,INDIA,SR,2021,TN,0,0
SIXHR_BATTERY,INDIA,SR,2021,TS,0,0
SIXHR_BATTERY,INDIA,NR,2021,DL,0,0
SIXHR_BATTERY,INDIA,NR,2021,HR,0,0
SIXHR_BATTERY,INDIA,NR,2021,HP,0,0
SIXHR_BATTERY,INDIA,NR,2021,JK,0,0
SIXHR_BATTERY,INDIA,NR,2021,PB,0,0
SIXHR_BATTERY,INDIA,NR,2021,RJ,0,0
SIXHR_BATTERY,INDIA,NR,2021,UP,0,0
SIXHR_BATTERY,INDIA,NR,2021,UK,0,0
SIXHR_BATTERY,INDIA,ER,2022,BR,0,0
SIXHR_BATTERY,INDIA,ER,2022,JH,0,0
SIXHR_BATTERY,INDIA,ER,2022,OD,0,0
SIXHR_BATTERY,INDIA,ER,2022,WB,0,0
SIXHR_BATTERY,INDIA,WR,2022,CG,0,0
SIXHR_BATTERY,INDIA,WR,2022,GJ,0,0
SIXHR_BATTERY,INDIA,WR,2022,MP,0,0
SIXHR_BATTERY,INDIA,WR,2022,MH,0,0
SIXHR_BATTERY,INDIA,WR,2022,GA,0,0
SIXHR_BATTERY,INDIA,WR,2022,UT,0,0
SIXHR_BATTERY,INDIA,NER,2022,AS,0,0
SIXHR_BATTERY,INDIA,NER,2022,NE,0,0
SIXHR_BATTERY,INDIA,SR,2022,AP,0,0
SIXHR_BATTERY,INDIA,SR,2022,KA,0,0
SIXHR_BATTERY,INDIA,SR,2022,KL,0,0
SIXHR_BATTERY,INDIA,SR,2022,TN,0,0
SIXHR_BATTERY,INDIA,SR,2022,TS,0,0
SIXHR_BATTERY,INDIA,NR,2022,DL,0,0
SIXHR_BATTERY,INDIA,NR,2022,HR,0,0
SIXHR_BATTERY,INDIA,NR,2022,HP,0,0
SIXHR_BATTERY,INDIA,NR,2022,JK,0,0
SIXHR_BATTERY,INDIA,NR,2022,PB,0,0
SIXHR_BATTERY,INDIA,NR,2022,RJ,0,0
SIXHR_BATTERY,INDIA,NR,2022,UP,0,0
SIXHR_BATTERY,INDIA,NR,2022,UK,0,0
SIXHR_BATTERY,INDIA,ER,2023,BR,0,0
SIXHR_BATTERY,INDIA,ER,2023,JH,0,0
SIXHR_BATTERY,INDIA,ER,2023,OD,0,0
SIXHR_BATTERY,INDIA,ER,2023,WB,0,0
SIXHR_BATTERY,INDIA,WR,2023,CG,0,0
SIXHR_BATTERY,INDIA,WR,2023,GJ,0,0
SIXHR_BATTERY,INDIA,WR,2023,MP,0,0
SIXHR_BATTERY,INDIA,WR,2023,MH,0,0
SIXHR_BATTERY,INDIA,WR,2023,GA,0,0
SIXHR_BATTERY,INDIA,WR,2023,UT,0,0
SIXHR_BATTERY,INDIA,NER,2023,AS,0,0
SIXHR_BATTERY,INDIA,NER,2023,NE,0,0
SIXHR_BATTERY,INDIA,SR,2023,AP,0,0
SIXHR_BATTERY,INDIA,SR,2023,KA,0,0
SIXHR_BATTERY,INDIA,SR,2023,KL,0,0
SIXHR_BATTERY,INDIA,SR,2023,TN,0,0
SIXHR_BATTERY,INDIA,SR,2023,TS,0,0
SIXHR_BATTERY,INDIA,NR,2023,DL,0,0
SIXHR_BATTERY,INDIA,NR,2023,HR,0,0
SIXHR_BATTERY,INDIA,NR,2023,HP,0,0
SIXHR_BATTERY,INDIA,NR,2023,JK,0,0
SIXHR_BATTERY,INDIA,NR,2023,PB,0,0
SIXHR_BATTERY,INDIA,NR,2023,RJ,0,0
SIXHR_BATTERY,INDIA,NR,2023,UP,0,0
SIXHR_BATTERY,INDIA,NR,2023,UK,0,0
SIXHR_BATTERY,INDIA,ER,2024,BR,0,0.002364526
SIXHR_BATTERY,INDIA,ER,2024,JH,0,0.000599049
SIXHR_BATTERY,INDIA,ER,2024,OD,0,0.006206394
SIXHR_BATTERY,INDIA,ER,2024,WB,0,0.001785602
SIXHR_BATTERY,INDIA,WR,2024,CG,0,0.003609113
SIXHR_BATTERY,INDIA,WR,2024,GJ,0,0.045995243
SIXHR_BATTERY,INDIA,WR,2024,MP,0,0.03523249
SIXHR_BATTERY,INDIA,WR,2024,MH,0,0.02810849
SIXHR_BATTERY,INDIA,WR,2024,GA,0,7.45691E-05
SIXHR_BATTERY,INDIA,WR,2024,UT,0,0.001113544
SIXHR_BATTERY,INDIA,NER,2024,AS,0,0.000643197
SIXHR_BATTERY,INDIA,NER,2024,NE,0,0.000357089
SIXHR_BATTERY,INDIA,SR,2024,AP,0,0.056317133
SIXHR_BATTERY,INDIA,SR,2024,KA,0,0.113537363
SIXHR_BATTERY,INDIA,SR,2024,KL,0,0.00221882
SIXHR_BATTERY,INDIA,SR,2024,TN,0,0.061088619
SIXHR_BATTERY,INDIA,SR,2024,TS,0,0.056484523
SIXHR_BATTERY,INDIA,NR,2024,DL,0,0.002576534
SIXHR_BATTERY,INDIA,NR,2024,HR,0,0.003933441
SIXHR_BATTERY,INDIA,NR,2024,HP,0,0.000513715
SIXHR_BATTERY,INDIA,NR,2024,JK,0,0.000301084
SIXHR_BATTERY,INDIA,NR,2024,PB,0,0.014774975
SIXHR_BATTERY,INDIA,NR,2024,RJ,0,0.080152564
SIXHR_BATTERY,INDIA,NR,2024,UP,0,0.017083809
SIXHR_BATTERY,INDIA,NR,2024,UK,0,0.004928112
SIXHR_BATTERY,INDIA,ER,2025,BR,0,0.004713544
SIXHR_BATTERY,INDIA,ER,2025,JH,0,0.001194168
SIXHR_BATTERY,INDIA,ER,2025,OD,0,0.012372082
SIXHR_BATTERY,INDIA,ER,2025,WB,0,0.003559492
SIXHR_BATTERY,INDIA,WR,2025,CG,0,0.007194553
SIXHR_BATTERY,INDIA,WR,2025,GJ,0,0.091688807
SIXHR_BATTERY,INDIA,WR,2025,MP,0,0.070233893
SIXHR_BATTERY,INDIA,WR,2025,MH,0,0.056032619
SIXHR_BATTERY,INDIA,WR,2025,GA,0,0.000148649
SIXHR_BATTERY,INDIA,WR,2025,UT,0,0.002219785
SIXHR_BATTERY,INDIA,NER,2025,AS,0,0.001282176
SIXHR_BATTERY,INDIA,NER,2025,NE,0,0.000711836
SIXHR_BATTERY,INDIA,SR,2025,AP,0,0.112264888
SIXHR_BATTERY,INDIA,SR,2025,KA,0,0.226330046
SIXHR_BATTERY,INDIA,SR,2025,KL,0,0.004423088
SIXHR_BATTERY,INDIA,SR,2025,TN,0,0.121776563
SIXHR_BATTERY,INDIA,SR,2025,TS,0,0.112598571
SIXHR_BATTERY,INDIA,NR,2025,DL,0,0.005136168
SIXHR_BATTERY,INDIA,NR,2025,HR,0,0.007841084
SIXHR_BATTERY,INDIA,NR,2025,HP,0,0.001024062
SIXHR_BATTERY,INDIA,NR,2025,JK,0,0.000600194
SIXHR_BATTERY,INDIA,NR,2025,PB,0,0.029453043
SIXHR_BATTERY,INDIA,NR,2025,RJ,0,0.159779416
SIXHR_BATTERY,INDIA,NR,2025,UP,0,0.034055567
SIXHR_BATTERY,INDIA,NR,2025,UK,0,0.009823901
SIXHR_BATTERY,INDIA,ER,2026,BR,0,0.009396173
SIXHR_BATTERY,INDIA,ER,2026,JH,0,0.002380504
SIXHR_BATTERY,INDIA,ER,2026,OD,0,0.024663016
SIXHR_BATTERY,INDIA,ER,2026,WB,0,0.007095639
SIXHR_BATTERY,INDIA,WR,2026,CG,0,0.014341919
SIXHR_BATTERY,INDIA,WR,2026,GJ,0,0.182776236
SIXHR_BATTERY,INDIA,WR,2026,MP,0,0.140007129
SIXHR_BATTERY,INDIA,WR,2026,MH,0,0.111697725
SIXHR_BATTERY,INDIA,WR,2026,GA,0,0.000296323
SIXHR_BATTERY,INDIA,WR,2026,UT,0,0.00442501
SIXHR_BATTERY,INDIA,NER,2026,AS,0,0.002555943
SIXHR_BATTERY,INDIA,NER,2026,NE,0,0.001419004
SIXHR_BATTERY,INDIA,SR,2026,AP,0,0.223793441
SIXHR_BATTERY,INDIA,SR,2026,KA,0,0.451175617
SIXHR_BATTERY,INDIA,SR,2026,KL,0,0.008817165
SIXHR_BATTERY,INDIA,SR,2026,TN,0,0.242754406
SIXHR_BATTERY,INDIA,SR,2026,TS,0,0.224458619
SIXHR_BATTERY,INDIA,NR,2026,DL,0,0.010238648
SIXHR_BATTERY,INDIA,NR,2026,HR,0,0.015630738
SIXHR_BATTERY,INDIA,NR,2026,HP,0,0.002041406
SIXHR_BATTERY,INDIA,NR,2026,JK,0,0.001196451
SIXHR_BATTERY,INDIA,NR,2026,PB,0,0.058712907
SIXHR_BATTERY,INDIA,NR,2026,RJ,0,0.318510856
SIXHR_BATTERY,INDIA,NR,2026,UP,0,0.067887767
SIXHR_BATTERY,INDIA,NR,2026,UK,0,0.019583367
SIXHR_BATTERY,INDIA,ER,2027,BR,0,0.018730717
SIXHR_BATTERY,INDIA,ER,2027,JH,0,0.004745395
SIXHR_BATTERY,INDIA,ER,2027,OD,0,0.049164271
SIXHR_BATTERY,INDIA,ER,2027,WB,0,0.014144738
SIXHR_BATTERY,INDIA,WR,2027,CG,0,0.02858977
SIXHR_BATTERY,INDIA,WR,2027,GJ,0,0.364353662
SIXHR_BATTERY,INDIA,WR,2027,MP,0,0.279095965
SIXHR_BATTERY,INDIA,WR,2027,MH,0,0.222662837
SIXHR_BATTERY,INDIA,WR,2027,GA,0,0.000590703
SIXHR_BATTERY,INDIA,WR,2027,UT,0,0.008820998
SIXHR_BATTERY,INDIA,NER,2027,AS,0,0.005095121
SIXHR_BATTERY,INDIA,NER,2027,NE,0,0.0028287
SIXHR_BATTERY,INDIA,SR,2027,AP,0,0.446119045
SIXHR_BATTERY,INDIA,SR,2027,KA,0,0.899392019
SIXHR_BATTERY,INDIA,SR,2027,KL,0,0.017576499
SIXHR_BATTERY,INDIA,SR,2027,TN,0,0.483916611
SIXHR_BATTERY,INDIA,SR,2027,TS,0,0.447445036
SIXHR_BATTERY,INDIA,NR,2027,DL,0,0.020410142
SIXHR_BATTERY,INDIA,NR,2027,HR,0,0.031158956
SIXHR_BATTERY,INDIA,NR,2027,HP,0,0.004069423
SIXHR_BATTERY,INDIA,NR,2027,JK,0,0.002385055
SIXHR_BATTERY,INDIA,NR,2027,PB,0,0.117040722
SIXHR_BATTERY,INDIA,NR,2027,RJ,0,0.634932632
SIXHR_BATTERY,INDIA,NR,2027,UP,0,0.135330266
SIXHR_BATTERY,INDIA,NR,2027,UK,0,0.03903829
SIXHR_BATTERY,INDIA,ER,2028,BR,0,0.037338581
SIXHR_BATTERY,INDIA,ER,2028,JH,0,0.009459666
SIXHR_BATTERY,INDIA,ER,2028,OD,0,0.098006078
SIXHR_BATTERY,INDIA,ER,2028,WB,0,0.028196701
SIXHR_BATTERY,INDIA,WR,2028,CG,0,0.056992022
SIXHR_BATTERY,INDIA,WR,2028,GJ,0,0.726317566
SIXHR_BATTERY,INDIA,WR,2028,MP,0,0.556361369
SIXHR_BATTERY,INDIA,WR,2028,MH,0,0.443865251
SIXHR_BATTERY,INDIA,WR,2028,GA,0,0.001177531
SIXHR_BATTERY,INDIA,WR,2028,UT,0,0.017584139
SIXHR_BATTERY,INDIA,NER,2028,AS,0,0.010156823
SIXHR_BATTERY,INDIA,NER,2028,NE,0,0.005638848
SIXHR_BATTERY,INDIA,SR,2028,AP,0,0.88931204
SIXHR_BATTERY,INDIA,SR,2028,KA,0,1.792885019
SIXHR_BATTERY,INDIA,SR,2028,KL,0,0.035037715
SIXHR_BATTERY,INDIA,SR,2028,TN,0,0.964659263
SIXHR_BATTERY,INDIA,SR,2028,TS,0,0.891955327
SIXHR_BATTERY,INDIA,NR,2028,DL,0,0.040686416
SIXHR_BATTERY,INDIA,NR,2028,HR,0,0.062113544
SIXHR_BATTERY,INDIA,NR,2028,HP,0,0.008112156
SIXHR_BATTERY,INDIA,NR,2028,JK,0,0.004754467
SIXHR_BATTERY,INDIA,NR,2028,PB,0,0.233313786
SIXHR_BATTERY,INDIA,NR,2028,RJ,0,1.265700806
SIXHR_BATTERY,INDIA,NR,2028,UP,0,0.269772914
SIXHR_BATTERY,INDIA,NR,2028,UK,0,0.077820531
SIXHR_BATTERY,INDIA,ER,2029,BR,0,0.074432263
SIXHR_BATTERY,INDIA,ER,2029,JH,0,0.018857286
SIXHR_BATTERY,INDIA,ER,2029,OD,0,0.195369344
SIXHR_BATTERY,INDIA,ER,2029,WB,0,0.056208464
SIXHR_BATTERY,INDIA,WR,2029,CG,0,0.11361024
SIXHR_BATTERY,INDIA,WR,2029,GJ,0,1.447871289
SIXHR_BATTERY,INDIA,WR,2029,MP,0,1.109073621
SIXHR_BATTERY,INDIA,WR,2029,MH,0,0.884819235
SIXHR_BATTERY,INDIA,WR,2029,GA,0,0.002347339
SIXHR_BATTERY,INDIA,WR,2029,UT,0,0.035052945
SIXHR_BATTERY,INDIA,NER,2029,AS,0,0.020247029
SIXHR_BATTERY,INDIA,NER,2029,NE,0,0.011240711
SIXHR_BATTERY,INDIA,SR,2029,AP,0,1.772791173
SIXHR_BATTERY,INDIA,SR,2029,KA,0,3.574010688
SIXHR_BATTERY,INDIA,SR,2029,KL,0,0.069845621
SIXHR_BATTERY,INDIA,SR,2029,TN,0,1.922991424
SIXHR_BATTERY,INDIA,SR,2029,TS,0,1.77806041
SIXHR_BATTERY,INDIA,NR,2029,DL,0,0.081105975
SIXHR_BATTERY,INDIA,NR,2029,HR,0,0.123819693
SIXHR_BATTERY,INDIA,NR,2029,HP,0,0.016171105
SIXHR_BATTERY,INDIA,NR,2029,JK,0,0.009477751
SIXHR_BATTERY,INDIA,NR,2029,PB,0,0.46509729
SIXHR_BATTERY,INDIA,NR,2029,RJ,0,2.52310001
SIXHR_BATTERY,INDIA,NR,2029,UP,0,0.537776415
SIXHR_BATTERY,INDIA,NR,2029,UK,0,0.155130645
SIXHR_BATTERY,INDIA,ER,2030,BR,0,0.148376332
SIXHR_BATTERY,INDIA,ER,2030,JH,0,0.03759089
SIXHR_BATTERY,INDIA,ER,2030,OD,0,0.389457281
SIXHR_BATTERY,INDIA,ER,2030,WB,0,0.112048262
SIXHR_BATTERY,INDIA,WR,2030,CG,0,0.226475322
SIXHR_BATTERY,INDIA,WR,2030,GJ,0,2.886246139
SIXHR_BATTERY,INDIA,WR,2030,MP,0,2.210872942
SIXHR_BATTERY,INDIA,WR,2030,MH,0,1.763835032
SIXHR_BATTERY,INDIA,WR,2030,GA,0,0.004679283
SIXHR_BATTERY,INDIA,WR,2030,UT,0,0.069875982
SIXHR_BATTERY,INDIA,NER,2030,AS,0,0.04036126
SIXHR_BATTERY,INDIA,NER,2030,NE,0,0.022407694
SIXHR_BATTERY,INDIA,SR,2030,AP,0,3.533954791
SIXHR_BATTERY,INDIA,SR,2030,KA,0,7.124579806
SIXHR_BATTERY,INDIA,SR,2030,KL,0,0.139233132
SIXHR_BATTERY,INDIA,SR,2030,TN,0,3.833370144
SIXHR_BATTERY,INDIA,SR,2030,TS,0,3.544458704
SIXHR_BATTERY,INDIA,NR,2030,DL,0,0.161679983
SIXHR_BATTERY,INDIA,NR,2030,HR,0,0.246827264
SIXHR_BATTERY,INDIA,NR,2030,HP,0,0.032236146
SIXHR_BATTERY,INDIA,NR,2030,JK,0,0.018893338
SIXHR_BATTERY,INDIA,NR,2030,PB,0,0.927144055
SIXHR_BATTERY,INDIA,NR,2030,RJ,0,5.029651265
SIXHR_BATTERY,INDIA,NR,2030,UP,0,1.07202561
SIXHR_BATTERY,INDIA,NR,2030,UK,0,0.309243804
SIXHR_BATTERY,INDIA,ER,2031,BR,0,0.29577948
SIXHR_BATTERY,INDIA,ER,2031,JH,0,0.074935225
SIXHR_BATTERY,INDIA,ER,2031,OD,0,0.776360152
SIXHR_BATTERY,INDIA,ER,2031,WB,0,0.22336161
SIXHR_BATTERY,INDIA,WR,2031,CG,0,0.451465215
SIXHR_BATTERY,INDIA,WR,2031,GJ,0,5.753561685
SIXHR_BATTERY,INDIA,WR,2031,MP,0,4.407244994
SIXHR_BATTERY,INDIA,WR,2031,MH,0,3.516101251
SIXHR_BATTERY,INDIA,WR,2031,GA,0,0.009327874
SIXHR_BATTERY,INDIA,WR,2031,UT,0,0.139293655
SIXHR_BATTERY,INDIA,NER,2031,AS,0,0.080457795
SIXHR_BATTERY,INDIA,NER,2031,NE,0,0.044668419
SIXHR_BATTERY,INDIA,SR,2031,AP,0,7.044730734
SIXHR_BATTERY,INDIA,SR,2031,KA,0,14.20243022
SIXHR_BATTERY,INDIA,SR,2031,KL,0,0.277553047
SIXHR_BATTERY,INDIA,SR,2031,TN,0,7.641597605
SIXHR_BATTERY,INDIA,SR,2031,TS,0,7.065669665
SIXHR_BATTERY,INDIA,NR,2031,DL,0,0.322299524
SIXHR_BATTERY,INDIA,NR,2031,HR,0,0.492035614
SIXHR_BATTERY,INDIA,NR,2031,HP,0,0.064260858
SIXHR_BATTERY,INDIA,NR,2031,JK,0,0.037662756
SIXHR_BATTERY,INDIA,NR,2031,PB,0,1.848207068
SIXHR_BATTERY,INDIA,NR,2031,RJ,0,10.02631356
SIXHR_BATTERY,INDIA,NR,2031,UP,0,2.137019913
SIXHR_BATTERY,INDIA,NR,2031,UK,0,0.61645931
PUMPED_STOR,INDIA,ER,2021,BR,0,0
PUMPED_STOR,INDIA,ER,2022,BR,0,0
PUMPED_STOR,INDIA,ER,2023,BR,0,0
PUMPED_STOR,INDIA,ER,2024,BR,0,0
PUMPED_STOR,INDIA,ER,2025,BR,0,0
PUMPED_STOR,INDIA,ER,2026,BR,0,0
PUMPED_STOR,INDIA,ER,2027,BR,0,0
PUMPED_STOR,INDIA,ER,2028,BR,0,0
PUMPED_STOR,INDIA,ER,2029,BR,0,0
PUMPED_STOR,INDIA,ER,2030,BR,0,0
PUMPED_STOR,INDIA,ER,2031,BR,0,0
PUMPED_STOR,INDIA,ER,2021,JH,0,0
PUMPED_STOR,INDIA,ER,2022,JH,0,0
PUMPED_STOR,INDIA,ER,2023,JH,0,0
PUMPED_STOR,INDIA,ER,2024,JH,0,0
PUMPED_STOR,INDIA,ER,2025,JH,0,0
PUMPED_STOR,INDIA,ER,2026,JH,0,0
PUMPED_STOR,INDIA,ER,2027,JH,0,0
PUMPED_STOR,INDIA,ER,2028,JH,0,0
PUMPED_STOR,INDIA,ER,2029,JH,0,0
PUMPED_STOR,INDIA,ER,2030,JH,0,0
PUMPED_STOR,INDIA,ER,2031,JH,0,0
PUMPED_STOR,INDIA,ER,2021,OD,0,0
PUMPED_STOR,INDIA,ER,2022,OD,0,0
PUMPED_STOR,INDIA,ER,2023,OD,0,0
PUMPED_STOR,INDIA,ER,2024,OD,0,0
PUMPED_STOR,INDIA,ER,2025,OD,0,0
PUMPED_STOR,INDIA,ER,2026,OD,0,0
PUMPED_STOR,INDIA,ER,2027,OD,0,0.329128067
PUMPED_STOR,INDIA,ER,2028,OD,0,0.329128067
PUMPED_STOR,INDIA,ER,2029,OD,0,0.329128067
PUMPED_STOR,INDIA,ER,2030,OD,0,0.329128067
PUMPED_STOR,INDIA,ER,2031,OD,0,0.329128067
PUMPED_STOR,INDIA,ER,2021,WB,0,0
PUMPED_STOR,INDIA,ER,2022,WB,0,0
PUMPED_STOR,INDIA,ER,2023,WB,0,0
PUMPED_STOR,INDIA,ER,2024,WB,0,0
PUMPED_STOR,INDIA,ER,2025,WB,0,0
PUMPED_STOR,INDIA,ER,2026,WB,0,0
PUMPED_STOR,INDIA,ER,2027,WB,0,0.231780329
PUMPED_STOR,INDIA,ER,2028,WB,0,0.231780329
PUMPED_STOR,INDIA,ER,2029,WB,0,0.231780329
PUMPED_STOR,INDIA,ER,2030,WB,0,0.231780329
PUMPED_STOR,INDIA,ER,2031,WB,0,0.231780329
PUMPED_STOR,INDIA,WR,2021,CG,0,0
PUMPED_STOR,INDIA,WR,2022,CG,0,0
PUMPED_STOR,INDIA,WR,2023,CG,0,0
PUMPED_STOR,INDIA,WR,2024,CG,0,0
PUMPED_STOR,INDIA,WR,2025,CG,0,0
PUMPED_STOR,INDIA,WR,2026,CG,0,0
PUMPED_STOR,INDIA,WR,2027,CG,0,0
PUMPED_STOR,INDIA,WR,2028,CG,0,0
PUMPED_STOR,INDIA,WR,2029,CG,0,0
PUMPED_STOR,INDIA,WR,2030,CG,0,0
PUMPED_STOR,INDIA,WR,2031,CG,0,0
PUMPED_STOR,INDIA,WR,2021,GJ,0,0
PUMPED_STOR,INDIA,WR,2022,GJ,0,0
PUMPED_STOR,INDIA,WR,2023,GJ,0,0
PUMPED_STOR,INDIA,WR,2024,GJ,0,0
PUMPED_STOR,INDIA,WR,2025,GJ,0,0
PUMPED_STOR,INDIA,WR,2026,GJ,0,0
PUMPED_STOR,INDIA,WR,2027,GJ,0,0
PUMPED_STOR,INDIA,WR,2028,GJ,0,0
PUMPED_STOR,INDIA,WR,2029,GJ,0,0
PUMPED_STOR,INDIA,WR,2030,GJ,0,0
PUMPED_STOR,INDIA,WR,2031,GJ,0,0
PUMPED_STOR,INDIA,WR,2021,MP,0,0
PUMPED_STOR,INDIA,WR,2022,MP,0,0
PUMPED_STOR,INDIA,WR,2023,MP,0,0
PUMPED_STOR,INDIA,WR,2024,MP,0,0
PUMPED_STOR,INDIA,WR,2025,MP,0,0
PUMPED_STOR,INDIA,WR,2026,MP,0,0
PUMPED_STOR,INDIA,WR,2027,MP,0,0
PUMPED_STOR,INDIA,WR,2028,MP,0,0
PUMPED_STOR,INDIA,WR,2029,MP,0,0
PUMPED_STOR,INDIA,WR,2030,MP,0,0
PUMPED_STOR,INDIA,WR,2031,MP,0,0
PUMPED_STOR,INDIA,WR,2021,MH,0,0
PUMPED_STOR,INDIA,WR,2022,MH,0,0
PUMPED_STOR,INDIA,WR,2023,MH,0,0
PUMPED_STOR,INDIA,WR,2024,MH,0,0
PUMPED_STOR,INDIA,WR,2025,MH,0,0
PUMPED_STOR,INDIA,WR,2026,MH,0.400928463,0.400928463
PUMPED_STOR,INDIA,WR,2027,MH,0,0
PUMPED_STOR,INDIA,WR,2028,MH,0,0
PUMPED_STOR,INDIA,WR,2029,MH,0,0
PUMPED_STOR,INDIA,WR,2030,MH,0,0
PUMPED_STOR,INDIA,WR,2031,MH,0,0
PUMPED_STOR,INDIA,WR,2021,GA,0,0
PUMPED_STOR,INDIA,WR,2022,GA,0,0
PUMPED_STOR,INDIA,WR,2023,GA,0,0
PUMPED_STOR,INDIA,WR,2024,GA,0,0
PUMPED_STOR,INDIA,WR,2025,GA,0,0
PUMPED_STOR,INDIA,WR,2026,GA,0,0
PUMPED_STOR,INDIA,WR,2027,GA,0,0
PUMPED_STOR,INDIA,WR,2028,GA,0,0
PUMPED_STOR,INDIA,WR,2029,GA,0,0
PUMPED_STOR,INDIA,WR,2030,GA,0,0
PUMPED_STOR,INDIA,WR,2031,GA,0,0
PUMPED_STOR,INDIA,WR,2021,UT,0,0
PUMPED_STOR,INDIA,WR,2022,UT,0,0
PUMPED_STOR,INDIA,WR,2023,UT,0,0
PUMPED_STOR,INDIA,WR,2024,UT,0,0
PUMPED_STOR,INDIA,WR,2025,UT,0,0
PUMPED_STOR,INDIA,WR,2026,UT,0,0
PUMPED_STOR,INDIA,WR,2027,UT,0,0
PUMPED_STOR,INDIA,WR,2028,UT,0,0
PUMPED_STOR,INDIA,WR,2029,UT,0,0
PUMPED_STOR,INDIA,WR,2030,UT,0,0
PUMPED_STOR,INDIA,WR,2031,UT,0,0
PUMPED_STOR,INDIA,NER,2021,AS,0,0
PUMPED_STOR,INDIA,NER,2022,AS,0,0
PUMPED_STOR,INDIA,NER,2023,AS,0,0
PUMPED_STOR,INDIA,NER,2024,AS,0,0
PUMPED_STOR,INDIA,NER,2025,AS,0,0
PUMPED_STOR,INDIA,NER,2026,AS,0,0
PUMPED_STOR,INDIA,NER,2027,AS,0,0
PUMPED_STOR,INDIA,NER,2028,AS,0,0
PUMPED_STOR,INDIA,NER,2029,AS,0,0
PUMPED_STOR,INDIA,NER,2030,AS,0,0
PUMPED_STOR,INDIA,NER,2031,AS,0,0
PUMPED_STOR,INDIA,NER,2021,NE,0,0
PUMPED_STOR,INDIA,NER,2022,NE,0,0
PUMPED_STOR,INDIA,NER,2023,NE,0,0
PUMPED_STOR,INDIA,NER,2024,NE,0,0
PUMPED_STOR,INDIA,NER,2025,NE,0,0
PUMPED_STOR,INDIA,NER,2026,NE,0,0
PUMPED_STOR,INDIA,NER,2027,NE,0,0
PUMPED_STOR,INDIA,NER,2028,NE,0,0
PUMPED_STOR,INDIA,NER,2029,NE,0,0
PUMPED_STOR,INDIA,NER,2030,NE,0,0
PUMPED_STOR,INDIA,NER,2031,NE,0,0
PUMPED_STOR,INDIA,SR,2021,AP,0,0
PUMPED_STOR,INDIA,SR,2022,AP,0,0
PUMPED_STOR,INDIA,SR,2023,AP,0,0
PUMPED_STOR,INDIA,SR,2024,AP,0,0
PUMPED_STOR,INDIA,SR,2025,AP,0,0
PUMPED_STOR,INDIA,SR,2026,AP,0,0
PUMPED_STOR,INDIA,SR,2027,AP,0,0.591039839
PUMPED_STOR,INDIA,SR,2028,AP,0,0.591039839
PUMPED_STOR,INDIA,SR,2029,AP,0,0.591039839
PUMPED_STOR,INDIA,SR,2030,AP,0,0.591039839
PUMPED_STOR,INDIA,SR,2031,AP,0,0.591039839
PUMPED_STOR,INDIA,SR,2021,KA,0,0
PUMPED_STOR,INDIA,SR,2022,KA,0,0
PUMPED_STOR,INDIA,SR,2023,KA,0,0
PUMPED_STOR,INDIA,SR,2024,KA,0,0
PUMPED_STOR,INDIA,SR,2025,KA,0,0
PUMPED_STOR,INDIA,SR,2026,KA,0,0
PUMPED_STOR,INDIA,SR,2027,KA,0,0.755603873
PUMPED_STOR,INDIA,SR,2028,KA,0,0.755603873
PUMPED_STOR,INDIA,SR,2029,KA,0,0.755603873
PUMPED_STOR,INDIA,SR,2030,KA,0,0.755603873
PUMPED_STOR,INDIA,SR,2031,KA,0,0.755603873
PUMPED_STOR,INDIA,SR,2021,KL,0,0
PUMPED_STOR,INDIA,SR,2022,KL,0,0
PUMPED_STOR,INDIA,SR,2023,KL,0,0
PUMPED_STOR,INDIA,SR,2024,KL,0,0
PUMPED_STOR,INDIA,SR,2025,KL,0,0
PUMPED_STOR,INDIA,SR,2026,KL,0,0
PUMPED_STOR,INDIA,SR,2027,KL,0,0
PUMPED_STOR,INDIA,SR,2028,KL,0,0
PUMPED_STOR,INDIA,SR,2029,KL,0,0
PUMPED_STOR,INDIA,SR,2030,KL,0,0
PUMPED_STOR,INDIA,SR,2031,KL,0,0
PUMPED_STOR,INDIA,SR,2021,TN,0,0
PUMPED_STOR,INDIA,SR,2022,TN,0,0
PUMPED_STOR,INDIA,SR,2023,TN,0,0
PUMPED_STOR,INDIA,SR,2024,TN,0,0
PUMPED_STOR,INDIA,SR,2025,TN,2.505802892,2.505802892
PUMPED_STOR,INDIA,SR,2026,TN,0,0
PUMPED_STOR,INDIA,SR,2027,TN,0,0.347670494
PUMPED_STOR,INDIA,SR,2028,TN,0,0.347670494
PUMPED_STOR,INDIA,SR,2029,TN,0,0.347670494
PUMPED_STOR,INDIA,SR,2030,TN,0,0.347670494
PUMPED_STOR,INDIA,SR,2031,TN,0,0.347670494
PUMPED_STOR,INDIA,SR,2021,TS,0,0
PUMPED_STOR,INDIA,SR,2022,TS,0,0
PUMPED_STOR,INDIA,SR,2023,TS,0,0
PUMPED_STOR,INDIA,SR,2024,TS,0,0
PUMPED_STOR,INDIA,SR,2025,TS,0,0
PUMPED_STOR,INDIA,SR,2026,TS,0,0
PUMPED_STOR,INDIA,SR,2027,TS,0,0
PUMPED_STOR,INDIA,SR,2028,TS,0,0
PUMPED_STOR,INDIA,SR,2029,TS,0,0
PUMPED_STOR,INDIA,SR,2030,TS,0,0
PUMPED_STOR,INDIA,SR,2031,TS,0,0
PUMPED_STOR,INDIA,NR,2021,DL,0,0
PUMPED_STOR,INDIA,NR,2022,DL,0,0
PUMPED_STOR,INDIA,NR,2023,DL,0,0
PUMPED_STOR,INDIA,NR,2024,DL,0,0
PUMPED_STOR,INDIA,NR,2025,DL,0,0
PUMPED_STOR,INDIA,NR,2026,DL,0,0
PUMPED_STOR,INDIA,NR,2027,DL,0,0
PUMPED_STOR,INDIA,NR,2028,DL,0,0
PUMPED_STOR,INDIA,NR,2029,DL,0,0
PUMPED_STOR,INDIA,NR,2030,DL,0,0
PUMPED_STOR,INDIA,NR,2031,DL,0,0
PUMPED_STOR,INDIA,NR,2021,HR,0,0
PUMPED_STOR,INDIA,NR,2022,HR,0,0
PUMPED_STOR,INDIA,NR,2023,HR,0,0
PUMPED_STOR,INDIA,NR,2024,HR,0,0
PUMPED_STOR,INDIA,NR,2025,HR,0,0
PUMPED_STOR,INDIA,NR,2026,HR,0,0
PUMPED_STOR,INDIA,NR,2027,HR,0,0
PUMPED_STOR,INDIA,NR,2028,HR,0,0
PUMPED_STOR,INDIA,NR,2029,HR,0,0
PUMPED_STOR,INDIA,NR,2030,HR,0,0
PUMPED_STOR,INDIA,NR,2031,HR,0,0
PUMPED_STOR,INDIA,NR,2021,HP,0,0
PUMPED_STOR,INDIA,NR,2022,HP,0,0
PUMPED_STOR,INDIA,NR,2023,HP,0,0
PUMPED_STOR,INDIA,NR,2024,HP,0,0
PUMPED_STOR,INDIA,NR,2025,HP,0,0
PUMPED_STOR,INDIA,NR,2026,HP,0,0
PUMPED_STOR,INDIA,NR,2027,HP,0,0
PUMPED_STOR,INDIA,NR,2028,HP,0,0
PUMPED_STOR,INDIA,NR,2029,HP,0,0
PUMPED_STOR,INDIA,NR,2030,HP,0,0
PUMPED_STOR,INDIA,NR,2031,HP,0,0
PUMPED_STOR,INDIA,NR,2021,JK,0,0
PUMPED_STOR,INDIA,NR,2022,JK,0,0
PUMPED_STOR,INDIA,NR,2023,JK,0,0
PUMPED_STOR,INDIA,NR,2024,JK,0,0
PUMPED_STOR,INDIA,NR,2025,JK,0,0
PUMPED_STOR,INDIA,NR,2026,JK,0,0
PUMPED_STOR,INDIA,NR,2027,JK,0,0
PUMPED_STOR,INDIA,NR,2028,JK,0,0
PUMPED_STOR,INDIA,NR,2029,JK,0,0
PUMPED_STOR,INDIA,NR,2030,JK,0,0
PUMPED_STOR,INDIA,NR,2031,JK,0,0
PUMPED_STOR,INDIA,NR,2021,PB,0,0
PUMPED_STOR,INDIA,NR,2022,PB,0,0
PUMPED_STOR,INDIA,NR,2023,PB,0,0
PUMPED_STOR,INDIA,NR,2024,PB,0,0
PUMPED_STOR,INDIA,NR,2025,PB,0,0
PUMPED_STOR,INDIA,NR,2026,PB,0,0
PUMPED_STOR,INDIA,NR,2027,PB,0,0
PUMPED_STOR,INDIA,NR,2028,PB,0,0
PUMPED_STOR,INDIA,NR,2029,PB,0,0
PUMPED_STOR,INDIA,NR,2030,PB,0,0
PUMPED_STOR,INDIA,NR,2031,PB,0,0
PUMPED_STOR,INDIA,NR,2021,RJ,0,0
PUMPED_STOR,INDIA,NR,2022,RJ,0,0
PUMPED_STOR,INDIA,NR,2023,RJ,0,0
PUMPED_STOR,INDIA,NR,2024,RJ,0,0
PUMPED_STOR,INDIA,NR,2025,RJ,0,0
PUMPED_STOR,INDIA,NR,2026,RJ,0,0
PUMPED_STOR,INDIA,NR,2027,RJ,0,0
PUMPED_STOR,INDIA,NR,2028,RJ,0,0
PUMPED_STOR,INDIA,NR,2029,RJ,0,0
PUMPED_STOR,INDIA,NR,2030,RJ,0,0
PUMPED_STOR,INDIA,NR,2031,RJ,0,0
PUMPED_STOR,INDIA,NR,2021,UP,0,0
PUMPED_STOR,INDIA,NR,2022,UP,0,0
PUMPED_STOR,INDIA,NR,2023,UP,0,0
PUMPED_STOR,INDIA,NR,2024,UP,0,0
PUMPED_STOR,INDIA,NR,2025,UP,0,0
PUMPED_STOR,INDIA,NR,2026,UP,0,0
PUMPED_STOR,INDIA,NR,2027,UP,0,0
PUMPED_STOR,INDIA,NR,2028,UP,0,0
PUMPED_STOR,INDIA,NR,2029,UP,0,0
PUMPED_STOR,INDIA,NR,2030,UP,0,0
PUMPED_STOR,INDIA,NR,2031,UP,0,0
PUMPED_STOR,INDIA,NR,2021,UK,0,0
PUMPED_STOR,INDIA,NR,2022,UK,0,0
PUMPED_STOR,INDIA,NR,2023,UK,0,0
PUMPED_STOR,INDIA,NR,2024,UK,5.011605784,5.011605784
PUMPED_STOR,INDIA,NR,2025,UK,0,0
PUMPED_STOR,INDIA,NR,2026,UK,0,0
PUMPED_STOR,INDIA,NR,2027,UK,0,0
PUMPED_STOR,INDIA,NR,2028,UK,0,0
PUMPED_STOR,INDIA,NR,2029,UK,0,0
PUMPED_STOR,INDIA,NR,2030,UK,0,0
PUMPED_STOR,INDIA,NR,2031,UK,0,0
