Year,ModelGeography,SubGeography1,SubGeography2,ConsumerType1,ConsumerType2,EnergyDemand
2021,INDIA,ER,BR,RURAL,Q1,0.0
2021,INDIA,ER,BR,RURAL,Q2,0.0
2021,INDIA,ER,BR,RURAL,Q3,0.0
2021,INDIA,ER,BR,RURAL,Q4,0.0
2021,INDIA,ER,BR,RURAL,Q5,0.0
2021,INDIA,ER,BR,URBAN,Q1,0.0
2021,INDIA,ER,BR,URBAN,Q2,0.0
2021,INDIA,ER,BR,URBAN,Q3,0.0
2021,INDIA,ER,BR,URBAN,Q4,0.0
2021,INDIA,ER,BR,URBAN,Q5,0.0
2021,INDIA,ER,JH,RURAL,Q1,0.0
2021,INDIA,ER,JH,RURAL,Q2,0.0
2021,INDIA,ER,JH,RURAL,Q3,0.0
2021,INDIA,ER,JH,RURAL,Q4,0.0
2021,INDIA,ER,JH,RURAL,Q5,0.0
2021,INDIA,ER,JH,URBAN,Q1,0.0
2021,INDIA,ER,JH,URBAN,Q2,0.0
2021,INDIA,ER,JH,URBAN,Q3,0.0
2021,INDIA,ER,JH,URBAN,Q4,0.0
2021,INDIA,ER,JH,URBAN,Q5,0.0
2021,INDIA,ER,OD,RURAL,Q1,0.0
2021,INDIA,ER,OD,RURAL,Q2,0.0
2021,INDIA,ER,OD,RURAL,Q3,0.0
2021,INDIA,ER,OD,RURAL,Q4,0.0
2021,INDIA,ER,OD,RURAL,Q5,0.0
2021,INDIA,ER,OD,URBAN,Q1,0.0
2021,INDIA,ER,OD,URBAN,Q2,0.0
2021,INDIA,ER,OD,URBAN,Q3,0.0
2021,INDIA,ER,OD,URBAN,Q4,0.0
2021,INDIA,ER,OD,URBAN,Q5,0.0
2021,INDIA,ER,WB,RURAL,Q1,0.0
2021,INDIA,ER,WB,RURAL,Q2,0.0
2021,INDIA,ER,WB,RURAL,Q3,0.0
2021,INDIA,ER,WB,RURAL,Q4,0.0
2021,INDIA,ER,WB,RURAL,Q5,0.0
2021,INDIA,ER,WB,URBAN,Q1,0.0
2021,INDIA,ER,WB,URBAN,Q2,0.0
2021,INDIA,ER,WB,URBAN,Q3,0.0
2021,INDIA,ER,WB,URBAN,Q4,0.0
2021,INDIA,ER,WB,URBAN,Q5,0.0
2021,INDIA,WR,CG,RURAL,Q1,0.0
2021,INDIA,WR,CG,RURAL,Q2,0.0
2021,INDIA,WR,CG,RURAL,Q3,0.0
2021,INDIA,WR,CG,RURAL,Q4,0.0
2021,INDIA,WR,CG,RURAL,Q5,0.0
2021,INDIA,WR,CG,URBAN,Q1,0.0
2021,INDIA,WR,CG,URBAN,Q2,0.0
2021,INDIA,WR,CG,URBAN,Q3,0.0
2021,INDIA,WR,CG,URBAN,Q4,0.0
2021,INDIA,WR,CG,URBAN,Q5,0.0
2021,INDIA,WR,GJ,RURAL,Q1,0.0091186684596339
2021,INDIA,WR,GJ,RURAL,Q2,0.0097992131766774
2021,INDIA,WR,GJ,RURAL,Q3,0.0102453670516354
2021,INDIA,WR,GJ,RURAL,Q4,0.0095871824245931
2021,INDIA,WR,GJ,RURAL,Q5,0.009642916059715
2021,INDIA,WR,GJ,URBAN,Q1,3.277791777651361
2021,INDIA,WR,GJ,URBAN,Q2,2.5361010447129466
2021,INDIA,WR,GJ,URBAN,Q3,2.3190761365613244
2021,INDIA,WR,GJ,URBAN,Q4,1.720468021941442
2021,INDIA,WR,GJ,URBAN,Q5,2.509493567757836
2021,INDIA,WR,MP,RURAL,Q1,0.0
2021,INDIA,WR,MP,RURAL,Q2,0.0
2021,INDIA,WR,MP,RURAL,Q3,0.0
2021,INDIA,WR,MP,RURAL,Q4,0.0
2021,INDIA,WR,MP,RURAL,Q5,0.0
2021,INDIA,WR,MP,URBAN,Q1,0.0322077132139674
2021,INDIA,WR,MP,URBAN,Q2,0.0385821125897583
2021,INDIA,WR,MP,URBAN,Q3,0.03723240739524
2021,INDIA,WR,MP,URBAN,Q4,0.0280643011889788
2021,INDIA,WR,MP,URBAN,Q5,0.0230456048799976
2021,INDIA,WR,MH,RURAL,Q1,0.0
2021,INDIA,WR,MH,RURAL,Q2,0.0
2021,INDIA,WR,MH,RURAL,Q3,0.0
2021,INDIA,WR,MH,RURAL,Q4,0.0
2021,INDIA,WR,MH,RURAL,Q5,0.0
2021,INDIA,WR,MH,URBAN,Q1,2.029522407281998
2021,INDIA,WR,MH,URBAN,Q2,1.6581821010817823
2021,INDIA,WR,MH,URBAN,Q3,1.4028379177512298
2021,INDIA,WR,MH,URBAN,Q4,1.1891852869273631
2021,INDIA,WR,MH,URBAN,Q5,1.0603030322012483
2021,INDIA,WR,GA,RURAL,Q1,0.0
2021,INDIA,WR,GA,RURAL,Q2,0.0
2021,INDIA,WR,GA,RURAL,Q3,0.0
2021,INDIA,WR,GA,RURAL,Q4,0.0
2021,INDIA,WR,GA,RURAL,Q5,0.0
2021,INDIA,WR,GA,URBAN,Q1,0.0
2021,INDIA,WR,GA,URBAN,Q2,0.0
2021,INDIA,WR,GA,URBAN,Q3,0.0
2021,INDIA,WR,GA,URBAN,Q4,0.0
2021,INDIA,WR,GA,URBAN,Q5,0.0
2021,INDIA,WR,UT,RURAL,Q1,0.0
2021,INDIA,WR,UT,RURAL,Q2,0.0
2021,INDIA,WR,UT,RURAL,Q3,0.0
2021,INDIA,WR,UT,RURAL,Q4,0.0
2021,INDIA,WR,UT,RURAL,Q5,0.0
2021,INDIA,WR,UT,URBAN,Q1,0.2859939736792804
2021,INDIA,WR,UT,URBAN,Q2,0.1794607241361873
2021,INDIA,WR,UT,URBAN,Q3,0.1520010308653805
2021,INDIA,WR,UT,URBAN,Q4,0.1484957166539434
2021,INDIA,WR,UT,URBAN,Q5,0.1348335340199105
2021,INDIA,NR,DL,RURAL,Q1,0.0
2021,INDIA,NR,DL,RURAL,Q2,0.0
2021,INDIA,NR,DL,RURAL,Q3,0.0
2021,INDIA,NR,DL,RURAL,Q4,0.0
2021,INDIA,NR,DL,RURAL,Q5,0.0
2021,INDIA,NR,DL,URBAN,Q1,1.9945094539203587
2021,INDIA,NR,DL,URBAN,Q2,1.4929991776703804
2021,INDIA,NR,DL,URBAN,Q3,1.0244570463574036
2021,INDIA,NR,DL,URBAN,Q4,0.7927568131510242
2021,INDIA,NR,DL,URBAN,Q5,1.168012585807161
2021,INDIA,NR,HR,RURAL,Q1,0.0
2021,INDIA,NR,HR,RURAL,Q2,0.0
2021,INDIA,NR,HR,RURAL,Q3,0.0
2021,INDIA,NR,HR,RURAL,Q4,0.0
2021,INDIA,NR,HR,RURAL,Q5,0.0
2021,INDIA,NR,HR,URBAN,Q1,0.1206755189178965
2021,INDIA,NR,HR,URBAN,Q2,0.1192471410165599
2021,INDIA,NR,HR,URBAN,Q3,0.1226668376968339
2021,INDIA,NR,HR,URBAN,Q4,0.0975920249575187
2021,INDIA,NR,HR,URBAN,Q5,0.0900877337477318
2021,INDIA,NR,HP,RURAL,Q1,0.0
2021,INDIA,NR,HP,RURAL,Q2,0.0
2021,INDIA,NR,HP,RURAL,Q3,0.0
2021,INDIA,NR,HP,RURAL,Q4,0.0
2021,INDIA,NR,HP,RURAL,Q5,0.0
2021,INDIA,NR,HP,URBAN,Q1,0.0
2021,INDIA,NR,HP,URBAN,Q2,0.0
2021,INDIA,NR,HP,URBAN,Q3,0.0
2021,INDIA,NR,HP,URBAN,Q4,0.0
2021,INDIA,NR,HP,URBAN,Q5,0.0
2021,INDIA,NR,JK,RURAL,Q1,0.0
2021,INDIA,NR,JK,RURAL,Q2,0.0
2021,INDIA,NR,JK,RURAL,Q3,0.0
2021,INDIA,NR,JK,RURAL,Q4,0.0
2021,INDIA,NR,JK,RURAL,Q5,0.0
2021,INDIA,NR,JK,URBAN,Q1,0.0
2021,INDIA,NR,JK,URBAN,Q2,0.0
2021,INDIA,NR,JK,URBAN,Q3,0.0
2021,INDIA,NR,JK,URBAN,Q4,0.0
2021,INDIA,NR,JK,URBAN,Q5,0.0
2021,INDIA,NR,PB,RURAL,Q1,0.0
2021,INDIA,NR,PB,RURAL,Q2,0.0
2021,INDIA,NR,PB,RURAL,Q3,0.0
2021,INDIA,NR,PB,RURAL,Q4,0.0
2021,INDIA,NR,PB,RURAL,Q5,0.0
2021,INDIA,NR,PB,URBAN,Q1,0.0004430195765904
2021,INDIA,NR,PB,URBAN,Q2,0.0003601256151471
2021,INDIA,NR,PB,URBAN,Q3,0.0004458983680327
2021,INDIA,NR,PB,URBAN,Q4,0.0003328994308942
2021,INDIA,NR,PB,URBAN,Q5,0.0003203191129317
2021,INDIA,NR,RJ,RURAL,Q1,0.0
2021,INDIA,NR,RJ,RURAL,Q2,0.0
2021,INDIA,NR,RJ,RURAL,Q3,0.0
2021,INDIA,NR,RJ,RURAL,Q4,0.0
2021,INDIA,NR,RJ,RURAL,Q5,0.0
2021,INDIA,NR,RJ,URBAN,Q1,0.0019938318647824
2021,INDIA,NR,RJ,URBAN,Q2,0.0019476096443926
2021,INDIA,NR,RJ,URBAN,Q3,0.0015764429495178
2021,INDIA,NR,RJ,URBAN,Q4,0.0016576848228141
2021,INDIA,NR,RJ,URBAN,Q5,0.000865500714578
2021,INDIA,NR,UP,RURAL,Q1,0.0
2021,INDIA,NR,UP,RURAL,Q2,0.0
2021,INDIA,NR,UP,RURAL,Q3,0.0
2021,INDIA,NR,UP,RURAL,Q4,0.0
2021,INDIA,NR,UP,RURAL,Q5,0.0
2021,INDIA,NR,UP,URBAN,Q1,0.1583344710561523
2021,INDIA,NR,UP,URBAN,Q2,0.1511339007897579
2021,INDIA,NR,UP,URBAN,Q3,0.1315037387608838
2021,INDIA,NR,UP,URBAN,Q4,0.1331134320663924
2021,INDIA,NR,UP,URBAN,Q5,0.1078136954474718
2021,INDIA,NR,UK,RURAL,Q1,0.0
2021,INDIA,NR,UK,RURAL,Q2,0.0
2021,INDIA,NR,UK,RURAL,Q3,0.0
2021,INDIA,NR,UK,RURAL,Q4,0.0
2021,INDIA,NR,UK,RURAL,Q5,0.0
2021,INDIA,NR,UK,URBAN,Q1,0.0
2021,INDIA,NR,UK,URBAN,Q2,0.0
2021,INDIA,NR,UK,URBAN,Q3,0.0
2021,INDIA,NR,UK,URBAN,Q4,0.0
2021,INDIA,NR,UK,URBAN,Q5,0.0
2021,INDIA,SR,AP,RURAL,Q1,0.0
2021,INDIA,SR,AP,RURAL,Q2,0.0
2021,INDIA,SR,AP,RURAL,Q3,0.0
2021,INDIA,SR,AP,RURAL,Q4,0.0
2021,INDIA,SR,AP,RURAL,Q5,0.0
2021,INDIA,SR,AP,URBAN,Q1,0.0160256424087677
2021,INDIA,SR,AP,URBAN,Q2,0.0165987526719802
2021,INDIA,SR,AP,URBAN,Q3,0.0172899114715542
2021,INDIA,SR,AP,URBAN,Q4,0.0102185227843787
2021,INDIA,SR,AP,URBAN,Q5,0.0105804313267411
2021,INDIA,SR,KA,RURAL,Q1,0.0
2021,INDIA,SR,KA,RURAL,Q2,0.0
2021,INDIA,SR,KA,RURAL,Q3,0.0
2021,INDIA,SR,KA,RURAL,Q4,0.0
2021,INDIA,SR,KA,RURAL,Q5,0.0
2021,INDIA,SR,KA,URBAN,Q1,0.0001320756976577
2021,INDIA,SR,KA,URBAN,Q2,0.0001088718170045
2021,INDIA,SR,KA,URBAN,Q3,0.0001107511184014
2021,INDIA,SR,KA,URBAN,Q4,0.0001037438039163
2021,INDIA,SR,KA,URBAN,Q5,7.61285144138715e-05
2021,INDIA,SR,KL,RURAL,Q1,0.0
2021,INDIA,SR,KL,RURAL,Q2,0.0
2021,INDIA,SR,KL,RURAL,Q3,0.0
2021,INDIA,SR,KL,RURAL,Q4,0.0
2021,INDIA,SR,KL,RURAL,Q5,0.0
2021,INDIA,SR,KL,URBAN,Q1,6.554100811255875e-05
2021,INDIA,SR,KL,URBAN,Q2,6.794996391805854e-05
2021,INDIA,SR,KL,URBAN,Q3,5.374496428645291e-05
2021,INDIA,SR,KL,URBAN,Q4,5.911932776449799e-05
2021,INDIA,SR,KL,URBAN,Q5,4.991533231181376e-05
2021,INDIA,SR,TN,RURAL,Q1,0.0
2021,INDIA,SR,TN,RURAL,Q2,0.0
2021,INDIA,SR,TN,RURAL,Q3,0.0
2021,INDIA,SR,TN,RURAL,Q4,0.0
2021,INDIA,SR,TN,RURAL,Q5,0.0
2021,INDIA,SR,TN,URBAN,Q1,0.0
2021,INDIA,SR,TN,URBAN,Q2,0.0
2021,INDIA,SR,TN,URBAN,Q3,0.0
2021,INDIA,SR,TN,URBAN,Q4,0.0
2021,INDIA,SR,TN,URBAN,Q5,0.0
2021,INDIA,SR,TS,RURAL,Q1,0.0
2021,INDIA,SR,TS,RURAL,Q2,0.0
2021,INDIA,SR,TS,RURAL,Q3,0.0
2021,INDIA,SR,TS,RURAL,Q4,0.0
2021,INDIA,SR,TS,RURAL,Q5,0.0
2021,INDIA,SR,TS,URBAN,Q1,0.0151452953279852
2021,INDIA,SR,TS,URBAN,Q2,0.0154913763317557
2021,INDIA,SR,TS,URBAN,Q3,0.0159706206449768
2021,INDIA,SR,TS,URBAN,Q4,0.0094915392293123
2021,INDIA,SR,TS,URBAN,Q5,0.0098549964674345
2021,INDIA,NER,AS,RURAL,Q1,0.0
2021,INDIA,NER,AS,RURAL,Q2,0.0
2021,INDIA,NER,AS,RURAL,Q3,0.0
2021,INDIA,NER,AS,RURAL,Q4,0.0
2021,INDIA,NER,AS,RURAL,Q5,0.0
2021,INDIA,NER,AS,URBAN,Q1,0.0546645964050752
2021,INDIA,NER,AS,URBAN,Q2,0.0530116547056679
2021,INDIA,NER,AS,URBAN,Q3,0.0632051122940225
2021,INDIA,NER,AS,URBAN,Q4,0.039310580332126
2021,INDIA,NER,AS,URBAN,Q5,0.0420559118410652
2021,INDIA,NER,NE,RURAL,Q1,0.0
2021,INDIA,NER,NE,RURAL,Q2,0.0
2021,INDIA,NER,NE,RURAL,Q3,0.0
2021,INDIA,NER,NE,RURAL,Q4,0.0
2021,INDIA,NER,NE,RURAL,Q5,0.0
2021,INDIA,NER,NE,URBAN,Q1,0.0591028387129974
2021,INDIA,NER,NE,URBAN,Q2,0.0594350795492409
2021,INDIA,NER,NE,URBAN,Q3,0.0644615296088687
2021,INDIA,NER,NE,URBAN,Q4,0.0595834175959925
2021,INDIA,NER,NE,URBAN,Q5,0.0528564239770997
2022,INDIA,ER,BR,RURAL,Q1,0.0
2022,INDIA,ER,BR,RURAL,Q2,0.0
2022,INDIA,ER,BR,RURAL,Q3,0.0
2022,INDIA,ER,BR,RURAL,Q4,0.0
2022,INDIA,ER,BR,RURAL,Q5,0.0
2022,INDIA,ER,BR,URBAN,Q1,0.0
2022,INDIA,ER,BR,URBAN,Q2,0.0
2022,INDIA,ER,BR,URBAN,Q3,0.0
2022,INDIA,ER,BR,URBAN,Q4,0.0
2022,INDIA,ER,BR,URBAN,Q5,0.0
2022,INDIA,ER,JH,RURAL,Q1,0.0
2022,INDIA,ER,JH,RURAL,Q2,0.0
2022,INDIA,ER,JH,RURAL,Q3,0.0
2022,INDIA,ER,JH,RURAL,Q4,0.0
2022,INDIA,ER,JH,RURAL,Q5,0.0
2022,INDIA,ER,JH,URBAN,Q1,0.0
2022,INDIA,ER,JH,URBAN,Q2,0.0
2022,INDIA,ER,JH,URBAN,Q3,0.0
2022,INDIA,ER,JH,URBAN,Q4,0.0
2022,INDIA,ER,JH,URBAN,Q5,0.0
2022,INDIA,ER,OD,RURAL,Q1,0.0
2022,INDIA,ER,OD,RURAL,Q2,0.0
2022,INDIA,ER,OD,RURAL,Q3,0.0
2022,INDIA,ER,OD,RURAL,Q4,0.0
2022,INDIA,ER,OD,RURAL,Q5,0.0
2022,INDIA,ER,OD,URBAN,Q1,0.0
2022,INDIA,ER,OD,URBAN,Q2,0.0
2022,INDIA,ER,OD,URBAN,Q3,0.0
2022,INDIA,ER,OD,URBAN,Q4,0.0
2022,INDIA,ER,OD,URBAN,Q5,0.0
2022,INDIA,ER,WB,RURAL,Q1,0.0
2022,INDIA,ER,WB,RURAL,Q2,0.0
2022,INDIA,ER,WB,RURAL,Q3,0.0
2022,INDIA,ER,WB,RURAL,Q4,0.0
2022,INDIA,ER,WB,RURAL,Q5,0.0
2022,INDIA,ER,WB,URBAN,Q1,0.0
2022,INDIA,ER,WB,URBAN,Q2,0.0
2022,INDIA,ER,WB,URBAN,Q3,0.0
2022,INDIA,ER,WB,URBAN,Q4,0.0
2022,INDIA,ER,WB,URBAN,Q5,0.0
2022,INDIA,WR,CG,RURAL,Q1,0.0
2022,INDIA,WR,CG,RURAL,Q2,0.0
2022,INDIA,WR,CG,RURAL,Q3,0.0
2022,INDIA,WR,CG,RURAL,Q4,0.0
2022,INDIA,WR,CG,RURAL,Q5,0.0
2022,INDIA,WR,CG,URBAN,Q1,0.0
2022,INDIA,WR,CG,URBAN,Q2,0.0
2022,INDIA,WR,CG,URBAN,Q3,0.0
2022,INDIA,WR,CG,URBAN,Q4,0.0
2022,INDIA,WR,CG,URBAN,Q5,0.0
2022,INDIA,WR,GJ,RURAL,Q1,0.0119857925817801
2022,INDIA,WR,GJ,RURAL,Q2,0.0129731130740979
2022,INDIA,WR,GJ,RURAL,Q3,0.0134955772325937
2022,INDIA,WR,GJ,RURAL,Q4,0.0127314142179722
2022,INDIA,WR,GJ,RURAL,Q5,0.0125992099474895
2022,INDIA,WR,GJ,URBAN,Q1,3.4330190348009317
2022,INDIA,WR,GJ,URBAN,Q2,2.5657803708324423
2022,INDIA,WR,GJ,URBAN,Q3,2.332834513238617
2022,INDIA,WR,GJ,URBAN,Q4,1.7260018115950058
2022,INDIA,WR,GJ,URBAN,Q5,2.563141442480755
2022,INDIA,WR,MP,RURAL,Q1,0.0
2022,INDIA,WR,MP,RURAL,Q2,0.0
2022,INDIA,WR,MP,RURAL,Q3,0.0
2022,INDIA,WR,MP,RURAL,Q4,0.0
2022,INDIA,WR,MP,RURAL,Q5,0.0
2022,INDIA,WR,MP,URBAN,Q1,0.0439720606603455
2022,INDIA,WR,MP,URBAN,Q2,0.0523779735155959
2022,INDIA,WR,MP,URBAN,Q3,0.0495198552659621
2022,INDIA,WR,MP,URBAN,Q4,0.0364018861996774
2022,INDIA,WR,MP,URBAN,Q5,0.0295768386122013
2022,INDIA,WR,MH,RURAL,Q1,0.0
2022,INDIA,WR,MH,RURAL,Q2,0.0
2022,INDIA,WR,MH,RURAL,Q3,0.0
2022,INDIA,WR,MH,RURAL,Q4,0.0
2022,INDIA,WR,MH,RURAL,Q5,0.0
2022,INDIA,WR,MH,URBAN,Q1,2.208255658463327
2022,INDIA,WR,MH,URBAN,Q2,1.7613098788692638
2022,INDIA,WR,MH,URBAN,Q3,1.4784352821206308
2022,INDIA,WR,MH,URBAN,Q4,1.254611415870561
2022,INDIA,WR,MH,URBAN,Q5,1.1167938442144765
2022,INDIA,WR,GA,RURAL,Q1,0.0
2022,INDIA,WR,GA,RURAL,Q2,0.0
2022,INDIA,WR,GA,RURAL,Q3,0.0
2022,INDIA,WR,GA,RURAL,Q4,0.0
2022,INDIA,WR,GA,RURAL,Q5,0.0
2022,INDIA,WR,GA,URBAN,Q1,0.0
2022,INDIA,WR,GA,URBAN,Q2,0.0
2022,INDIA,WR,GA,URBAN,Q3,0.0
2022,INDIA,WR,GA,URBAN,Q4,0.0
2022,INDIA,WR,GA,URBAN,Q5,0.0
2022,INDIA,WR,UT,RURAL,Q1,0.0
2022,INDIA,WR,UT,RURAL,Q2,0.0
2022,INDIA,WR,UT,RURAL,Q3,0.0
2022,INDIA,WR,UT,RURAL,Q4,0.0
2022,INDIA,WR,UT,RURAL,Q5,0.0
2022,INDIA,WR,UT,URBAN,Q1,0.3116850784280904
2022,INDIA,WR,UT,URBAN,Q2,0.1898261973417053
2022,INDIA,WR,UT,URBAN,Q3,0.1611216030201811
2022,INDIA,WR,UT,URBAN,Q4,0.1573361440407606
2022,INDIA,WR,UT,URBAN,Q5,0.1433527482763295
2022,INDIA,NR,DL,RURAL,Q1,0.0
2022,INDIA,NR,DL,RURAL,Q2,0.0
2022,INDIA,NR,DL,RURAL,Q3,0.0
2022,INDIA,NR,DL,RURAL,Q4,0.0
2022,INDIA,NR,DL,RURAL,Q5,0.0
2022,INDIA,NR,DL,URBAN,Q1,2.142669723266542
2022,INDIA,NR,DL,URBAN,Q2,1.5844457201025952
2022,INDIA,NR,DL,URBAN,Q3,1.074938897148668
2022,INDIA,NR,DL,URBAN,Q4,0.831392830464023
2022,INDIA,NR,DL,URBAN,Q5,1.249935891587526
2022,INDIA,NR,HR,RURAL,Q1,0.0
2022,INDIA,NR,HR,RURAL,Q2,0.0
2022,INDIA,NR,HR,RURAL,Q3,0.0
2022,INDIA,NR,HR,RURAL,Q4,0.0
2022,INDIA,NR,HR,RURAL,Q5,0.0
2022,INDIA,NR,HR,URBAN,Q1,0.1438442763270391
2022,INDIA,NR,HR,URBAN,Q2,0.139326714627688
2022,INDIA,NR,HR,URBAN,Q3,0.1433531590354055
2022,INDIA,NR,HR,URBAN,Q4,0.1135370276746928
2022,INDIA,NR,HR,URBAN,Q5,0.1045985876903172
2022,INDIA,NR,HP,RURAL,Q1,0.0
2022,INDIA,NR,HP,RURAL,Q2,0.0
2022,INDIA,NR,HP,RURAL,Q3,0.0
2022,INDIA,NR,HP,RURAL,Q4,0.0
2022,INDIA,NR,HP,RURAL,Q5,0.0
2022,INDIA,NR,HP,URBAN,Q1,0.0
2022,INDIA,NR,HP,URBAN,Q2,0.0
2022,INDIA,NR,HP,URBAN,Q3,0.0
2022,INDIA,NR,HP,URBAN,Q4,0.0
2022,INDIA,NR,HP,URBAN,Q5,0.0
2022,INDIA,NR,JK,RURAL,Q1,0.0
2022,INDIA,NR,JK,RURAL,Q2,0.0
2022,INDIA,NR,JK,RURAL,Q3,0.0
2022,INDIA,NR,JK,RURAL,Q4,0.0
2022,INDIA,NR,JK,RURAL,Q5,0.0
2022,INDIA,NR,JK,URBAN,Q1,0.0
2022,INDIA,NR,JK,URBAN,Q2,0.0
2022,INDIA,NR,JK,URBAN,Q3,0.0
2022,INDIA,NR,JK,URBAN,Q4,0.0
2022,INDIA,NR,JK,URBAN,Q5,0.0
2022,INDIA,NR,PB,RURAL,Q1,0.0
2022,INDIA,NR,PB,RURAL,Q2,0.0
2022,INDIA,NR,PB,RURAL,Q3,0.0
2022,INDIA,NR,PB,RURAL,Q4,0.0
2022,INDIA,NR,PB,RURAL,Q5,0.0
2022,INDIA,NR,PB,URBAN,Q1,0.0603798442498755
2022,INDIA,NR,PB,URBAN,Q2,0.0476126223336613
2022,INDIA,NR,PB,URBAN,Q3,0.0597480480498369
2022,INDIA,NR,PB,URBAN,Q4,0.0436317636176536
2022,INDIA,NR,PB,URBAN,Q5,0.0421985351011079
2022,INDIA,NR,RJ,RURAL,Q1,0.0
2022,INDIA,NR,RJ,RURAL,Q2,0.0
2022,INDIA,NR,RJ,RURAL,Q3,0.0
2022,INDIA,NR,RJ,RURAL,Q4,0.0
2022,INDIA,NR,RJ,RURAL,Q5,0.0
2022,INDIA,NR,RJ,URBAN,Q1,0.0035265355373076
2022,INDIA,NR,RJ,URBAN,Q2,0.0033715219235492
2022,INDIA,NR,RJ,URBAN,Q3,0.0026564223503853
2022,INDIA,NR,RJ,URBAN,Q4,0.0027958418071425
2022,INDIA,NR,RJ,URBAN,Q5,0.0014201756282766
2022,INDIA,NR,UP,RURAL,Q1,0.0
2022,INDIA,NR,UP,RURAL,Q2,0.0
2022,INDIA,NR,UP,RURAL,Q3,0.0
2022,INDIA,NR,UP,RURAL,Q4,0.0
2022,INDIA,NR,UP,RURAL,Q5,0.0
2022,INDIA,NR,UP,URBAN,Q1,0.2255152901606901
2022,INDIA,NR,UP,URBAN,Q2,0.2130434368139206
2022,INDIA,NR,UP,URBAN,Q3,0.1802292698711738
2022,INDIA,NR,UP,URBAN,Q4,0.1816624207833766
2022,INDIA,NR,UP,URBAN,Q5,0.1443332777687603
2022,INDIA,NR,UK,RURAL,Q1,0.0
2022,INDIA,NR,UK,RURAL,Q2,0.0
2022,INDIA,NR,UK,RURAL,Q3,0.0
2022,INDIA,NR,UK,RURAL,Q4,0.0
2022,INDIA,NR,UK,RURAL,Q5,0.0
2022,INDIA,NR,UK,URBAN,Q1,0.0
2022,INDIA,NR,UK,URBAN,Q2,0.0
2022,INDIA,NR,UK,URBAN,Q3,0.0
2022,INDIA,NR,UK,URBAN,Q4,0.0
2022,INDIA,NR,UK,URBAN,Q5,0.0
2022,INDIA,SR,AP,RURAL,Q1,0.0
2022,INDIA,SR,AP,RURAL,Q2,0.0
2022,INDIA,SR,AP,RURAL,Q3,0.0
2022,INDIA,SR,AP,RURAL,Q4,0.0
2022,INDIA,SR,AP,RURAL,Q5,0.0
2022,INDIA,SR,AP,URBAN,Q1,0.0224078427016222
2022,INDIA,SR,AP,URBAN,Q2,0.0229041413347723
2022,INDIA,SR,AP,URBAN,Q3,0.0239626353957693
2022,INDIA,SR,AP,URBAN,Q4,0.0138866787842093
2022,INDIA,SR,AP,URBAN,Q5,0.0143791907648371
2022,INDIA,SR,KA,RURAL,Q1,0.0
2022,INDIA,SR,KA,RURAL,Q2,0.0
2022,INDIA,SR,KA,RURAL,Q3,0.0
2022,INDIA,SR,KA,RURAL,Q4,0.0
2022,INDIA,SR,KA,RURAL,Q5,0.0
2022,INDIA,SR,KA,URBAN,Q1,0.0003186271792544
2022,INDIA,SR,KA,URBAN,Q2,0.0002521879650292
2022,INDIA,SR,KA,URBAN,Q3,0.0002556122093153
2022,INDIA,SR,KA,URBAN,Q4,0.0002389479211556
2022,INDIA,SR,KA,URBAN,Q5,0.0001740829369142
2022,INDIA,SR,KL,RURAL,Q1,0.0
2022,INDIA,SR,KL,RURAL,Q2,0.0
2022,INDIA,SR,KL,RURAL,Q3,0.0
2022,INDIA,SR,KL,RURAL,Q4,0.0
2022,INDIA,SR,KL,RURAL,Q5,0.0
2022,INDIA,SR,KL,URBAN,Q1,0.0001533237542718
2022,INDIA,SR,KL,URBAN,Q2,0.000152225930321
2022,INDIA,SR,KL,URBAN,Q3,0.0001165287803655
2022,INDIA,SR,KL,URBAN,Q4,0.0001287078671807
2022,INDIA,SR,KL,URBAN,Q5,0.0001067439773472
2022,INDIA,SR,TN,RURAL,Q1,0.0
2022,INDIA,SR,TN,RURAL,Q2,0.0
2022,INDIA,SR,TN,RURAL,Q3,0.0
2022,INDIA,SR,TN,RURAL,Q4,0.0
2022,INDIA,SR,TN,RURAL,Q5,0.0
2022,INDIA,SR,TN,URBAN,Q1,0.0
2022,INDIA,SR,TN,URBAN,Q2,0.0
2022,INDIA,SR,TN,URBAN,Q3,0.0
2022,INDIA,SR,TN,URBAN,Q4,0.0
2022,INDIA,SR,TN,URBAN,Q5,0.0
2022,INDIA,SR,TS,RURAL,Q1,0.0
2022,INDIA,SR,TS,RURAL,Q2,0.0
2022,INDIA,SR,TS,RURAL,Q3,0.0
2022,INDIA,SR,TS,RURAL,Q4,0.0
2022,INDIA,SR,TS,RURAL,Q5,0.0
2022,INDIA,SR,TS,URBAN,Q1,0.0211742917692753
2022,INDIA,SR,TS,URBAN,Q2,0.0213881250144164
2022,INDIA,SR,TS,URBAN,Q3,0.0222228001777063
2022,INDIA,SR,TS,URBAN,Q4,0.0129221375750648
2022,INDIA,SR,TS,URBAN,Q5,0.0133932990599831
2022,INDIA,NER,AS,RURAL,Q1,0.0
2022,INDIA,NER,AS,RURAL,Q2,0.0
2022,INDIA,NER,AS,RURAL,Q3,0.0
2022,INDIA,NER,AS,RURAL,Q4,0.0
2022,INDIA,NER,AS,RURAL,Q5,0.0
2022,INDIA,NER,AS,URBAN,Q1,0.0603563352724867
2022,INDIA,NER,AS,URBAN,Q2,0.0565356087636327
2022,INDIA,NER,AS,URBAN,Q3,0.0671020510090642
2022,INDIA,NER,AS,URBAN,Q4,0.0412080631497017
2022,INDIA,NER,AS,URBAN,Q5,0.0443190236967671
2022,INDIA,NER,NE,RURAL,Q1,0.0
2022,INDIA,NER,NE,RURAL,Q2,0.0
2022,INDIA,NER,NE,RURAL,Q3,0.0
2022,INDIA,NER,NE,RURAL,Q4,0.0
2022,INDIA,NER,NE,RURAL,Q5,0.0
2022,INDIA,NER,NE,URBAN,Q1,0.065773083967398
2022,INDIA,NER,NE,URBAN,Q2,0.064219638053912
2022,INDIA,NER,NE,URBAN,Q3,0.0694440738468377
2022,INDIA,NER,NE,URBAN,Q4,0.063765230140667
2022,INDIA,NER,NE,URBAN,Q5,0.0565272052263401
2023,INDIA,ER,BR,RURAL,Q1,0.0
2023,INDIA,ER,BR,RURAL,Q2,0.0
2023,INDIA,ER,BR,RURAL,Q3,0.0
2023,INDIA,ER,BR,RURAL,Q4,0.0
2023,INDIA,ER,BR,RURAL,Q5,0.0
2023,INDIA,ER,BR,URBAN,Q1,0.0
2023,INDIA,ER,BR,URBAN,Q2,0.0
2023,INDIA,ER,BR,URBAN,Q3,0.0
2023,INDIA,ER,BR,URBAN,Q4,0.0
2023,INDIA,ER,BR,URBAN,Q5,0.0
2023,INDIA,ER,JH,RURAL,Q1,0.0
2023,INDIA,ER,JH,RURAL,Q2,0.0
2023,INDIA,ER,JH,RURAL,Q3,0.0
2023,INDIA,ER,JH,RURAL,Q4,0.0
2023,INDIA,ER,JH,RURAL,Q5,0.0
2023,INDIA,ER,JH,URBAN,Q1,0.0
2023,INDIA,ER,JH,URBAN,Q2,0.0
2023,INDIA,ER,JH,URBAN,Q3,0.0
2023,INDIA,ER,JH,URBAN,Q4,0.0
2023,INDIA,ER,JH,URBAN,Q5,0.0
2023,INDIA,ER,OD,RURAL,Q1,0.0
2023,INDIA,ER,OD,RURAL,Q2,0.0
2023,INDIA,ER,OD,RURAL,Q3,0.0
2023,INDIA,ER,OD,RURAL,Q4,0.0
2023,INDIA,ER,OD,RURAL,Q5,0.0
2023,INDIA,ER,OD,URBAN,Q1,0.0
2023,INDIA,ER,OD,URBAN,Q2,0.0
2023,INDIA,ER,OD,URBAN,Q3,0.0
2023,INDIA,ER,OD,URBAN,Q4,0.0
2023,INDIA,ER,OD,URBAN,Q5,0.0
2023,INDIA,ER,WB,RURAL,Q1,0.0
2023,INDIA,ER,WB,RURAL,Q2,0.0
2023,INDIA,ER,WB,RURAL,Q3,0.0
2023,INDIA,ER,WB,RURAL,Q4,0.0
2023,INDIA,ER,WB,RURAL,Q5,0.0
2023,INDIA,ER,WB,URBAN,Q1,0.0
2023,INDIA,ER,WB,URBAN,Q2,0.0
2023,INDIA,ER,WB,URBAN,Q3,0.0
2023,INDIA,ER,WB,URBAN,Q4,0.0
2023,INDIA,ER,WB,URBAN,Q5,0.0
2023,INDIA,WR,CG,RURAL,Q1,0.0
2023,INDIA,WR,CG,RURAL,Q2,0.0
2023,INDIA,WR,CG,RURAL,Q3,0.0
2023,INDIA,WR,CG,RURAL,Q4,0.0
2023,INDIA,WR,CG,RURAL,Q5,0.0
2023,INDIA,WR,CG,URBAN,Q1,0.0
2023,INDIA,WR,CG,URBAN,Q2,0.0
2023,INDIA,WR,CG,URBAN,Q3,0.0
2023,INDIA,WR,CG,URBAN,Q4,0.0
2023,INDIA,WR,CG,URBAN,Q5,0.0
2023,INDIA,WR,GJ,RURAL,Q1,0.0192856765835453
2023,INDIA,WR,GJ,RURAL,Q2,0.0209648966794784
2023,INDIA,WR,GJ,RURAL,Q3,0.0216840549315256
2023,INDIA,WR,GJ,RURAL,Q4,0.0205526945958254
2023,INDIA,WR,GJ,RURAL,Q5,0.0200124838606019
2023,INDIA,WR,GJ,URBAN,Q1,3.581764538572619
2023,INDIA,WR,GJ,URBAN,Q2,2.5975151614753544
2023,INDIA,WR,GJ,URBAN,Q3,2.352258149149074
2023,INDIA,WR,GJ,URBAN,Q4,1.7369595214334663
2023,INDIA,WR,GJ,URBAN,Q5,2.627597135796868
2023,INDIA,WR,MP,RURAL,Q1,0.0
2023,INDIA,WR,MP,RURAL,Q2,0.0
2023,INDIA,WR,MP,RURAL,Q3,0.0
2023,INDIA,WR,MP,RURAL,Q4,0.0
2023,INDIA,WR,MP,RURAL,Q5,0.0
2023,INDIA,WR,MP,URBAN,Q1,0.0595148556945168
2023,INDIA,WR,MP,URBAN,Q2,0.0706141781269677
2023,INDIA,WR,MP,URBAN,Q3,0.0656736925785666
2023,INDIA,WR,MP,URBAN,Q4,0.047243844758489
2023,INDIA,WR,MP,URBAN,Q5,0.038092411095762
2023,INDIA,WR,MH,RURAL,Q1,0.0
2023,INDIA,WR,MH,RURAL,Q2,0.0
2023,INDIA,WR,MH,RURAL,Q3,0.0
2023,INDIA,WR,MH,RURAL,Q4,0.0
2023,INDIA,WR,MH,RURAL,Q5,0.0
2023,INDIA,WR,MH,URBAN,Q1,2.391653690772473
2023,INDIA,WR,MH,URBAN,Q2,1.8704905946485024
2023,INDIA,WR,MH,URBAN,Q3,1.5598778730009135
2023,INDIA,WR,MH,URBAN,Q4,1.3251994507996088
2023,INDIA,WR,MH,URBAN,Q5,1.1788144424447748
2023,INDIA,WR,GA,RURAL,Q1,0.0
2023,INDIA,WR,GA,RURAL,Q2,0.0
2023,INDIA,WR,GA,RURAL,Q3,0.0
2023,INDIA,WR,GA,RURAL,Q4,0.0
2023,INDIA,WR,GA,RURAL,Q5,0.0
2023,INDIA,WR,GA,URBAN,Q1,0.0004599108058171
2023,INDIA,WR,GA,URBAN,Q2,0.000405713111643
2023,INDIA,WR,GA,URBAN,Q3,0.0003208610855969
2023,INDIA,WR,GA,URBAN,Q4,0.0002674070362317
2023,INDIA,WR,GA,URBAN,Q5,0.0002507246090275
2023,INDIA,WR,UT,RURAL,Q1,0.0
2023,INDIA,WR,UT,RURAL,Q2,0.0
2023,INDIA,WR,UT,RURAL,Q3,0.0
2023,INDIA,WR,UT,RURAL,Q4,0.0
2023,INDIA,WR,UT,RURAL,Q5,0.0
2023,INDIA,WR,UT,URBAN,Q1,0.3385767165441335
2023,INDIA,WR,UT,URBAN,Q2,0.2005623127621284
2023,INDIA,WR,UT,URBAN,Q3,0.1708175210928322
2023,INDIA,WR,UT,URBAN,Q4,0.1667302795085465
2023,INDIA,WR,UT,URBAN,Q5,0.1524352929668614
2023,INDIA,NR,DL,RURAL,Q1,0.0
2023,INDIA,NR,DL,RURAL,Q2,0.0
2023,INDIA,NR,DL,RURAL,Q3,0.0
2023,INDIA,NR,DL,RURAL,Q4,0.0
2023,INDIA,NR,DL,RURAL,Q5,0.0
2023,INDIA,NR,DL,URBAN,Q1,2.2988259727746336
2023,INDIA,NR,DL,URBAN,Q2,1.680820536584372
2023,INDIA,NR,DL,URBAN,Q3,1.1276661281864215
2023,INDIA,NR,DL,URBAN,Q4,0.8718480305461782
2023,INDIA,NR,DL,URBAN,Q5,1.3375073548843053
2023,INDIA,NR,HR,RURAL,Q1,0.0
2023,INDIA,NR,HR,RURAL,Q2,0.0
2023,INDIA,NR,HR,RURAL,Q3,0.0
2023,INDIA,NR,HR,RURAL,Q4,0.0
2023,INDIA,NR,HR,RURAL,Q5,0.0
2023,INDIA,NR,HR,URBAN,Q1,0.1697992875972227
2023,INDIA,NR,HR,URBAN,Q2,0.1622669508020079
2023,INDIA,NR,HR,URBAN,Q3,0.1673384187246002
2023,INDIA,NR,HR,URBAN,Q4,0.1321463831314843
2023,INDIA,NR,HR,URBAN,Q5,0.1215011947405168
2023,INDIA,NR,HP,RURAL,Q1,0.0
2023,INDIA,NR,HP,RURAL,Q2,0.0
2023,INDIA,NR,HP,RURAL,Q3,0.0
2023,INDIA,NR,HP,RURAL,Q4,0.0
2023,INDIA,NR,HP,RURAL,Q5,0.0
2023,INDIA,NR,HP,URBAN,Q1,0.0
2023,INDIA,NR,HP,URBAN,Q2,0.0
2023,INDIA,NR,HP,URBAN,Q3,0.0
2023,INDIA,NR,HP,URBAN,Q4,0.0
2023,INDIA,NR,HP,URBAN,Q5,0.0
2023,INDIA,NR,JK,RURAL,Q1,0.0
2023,INDIA,NR,JK,RURAL,Q2,0.0
2023,INDIA,NR,JK,RURAL,Q3,0.0
2023,INDIA,NR,JK,RURAL,Q4,0.0
2023,INDIA,NR,JK,RURAL,Q5,0.0
2023,INDIA,NR,JK,URBAN,Q1,0.0
2023,INDIA,NR,JK,URBAN,Q2,0.0
2023,INDIA,NR,JK,URBAN,Q3,0.0
2023,INDIA,NR,JK,URBAN,Q4,0.0
2023,INDIA,NR,JK,URBAN,Q5,0.0
2023,INDIA,NR,PB,RURAL,Q1,0.0
2023,INDIA,NR,PB,RURAL,Q2,0.0
2023,INDIA,NR,PB,RURAL,Q3,0.0
2023,INDIA,NR,PB,RURAL,Q4,0.0
2023,INDIA,NR,PB,RURAL,Q5,0.0
2023,INDIA,NR,PB,URBAN,Q1,0.123060075331236
2023,INDIA,NR,PB,URBAN,Q2,0.0948907814453542
2023,INDIA,NR,PB,URBAN,Q3,0.1209418711498851
2023,INDIA,NR,PB,URBAN,Q4,0.086481782038879
2023,INDIA,NR,PB,URBAN,Q5,0.0841427199532572
2023,INDIA,NR,RJ,RURAL,Q1,0.0
2023,INDIA,NR,RJ,RURAL,Q2,0.0
2023,INDIA,NR,RJ,RURAL,Q3,0.0
2023,INDIA,NR,RJ,RURAL,Q4,0.0
2023,INDIA,NR,RJ,RURAL,Q5,0.0
2023,INDIA,NR,RJ,URBAN,Q1,0.0061573625206436
2023,INDIA,NR,RJ,URBAN,Q2,0.0057841856997139
2023,INDIA,NR,RJ,URBAN,Q3,0.0044583583169512
2023,INDIA,NR,RJ,URBAN,Q4,0.0047105700036406
2023,INDIA,NR,RJ,URBAN,Q5,0.0023330192523236
2023,INDIA,NR,UP,RURAL,Q1,0.0
2023,INDIA,NR,UP,RURAL,Q2,0.0
2023,INDIA,NR,UP,RURAL,Q3,0.0
2023,INDIA,NR,UP,RURAL,Q4,0.0
2023,INDIA,NR,UP,RURAL,Q5,0.0
2023,INDIA,NR,UP,URBAN,Q1,0.317254437272889
2023,INDIA,NR,UP,URBAN,Q2,0.2968224360480407
2023,INDIA,NR,UP,URBAN,Q3,0.2453997271532551
2023,INDIA,NR,UP,URBAN,Q4,0.247406089679124
2023,INDIA,NR,UP,URBAN,Q5,0.1934928855066496
2023,INDIA,NR,UK,RURAL,Q1,0.0
2023,INDIA,NR,UK,RURAL,Q2,0.0
2023,INDIA,NR,UK,RURAL,Q3,0.0
2023,INDIA,NR,UK,RURAL,Q4,0.0
2023,INDIA,NR,UK,RURAL,Q5,0.0
2023,INDIA,NR,UK,URBAN,Q1,0.0
2023,INDIA,NR,UK,URBAN,Q2,0.0
2023,INDIA,NR,UK,URBAN,Q3,0.0
2023,INDIA,NR,UK,URBAN,Q4,0.0
2023,INDIA,NR,UK,URBAN,Q5,0.0
2023,INDIA,SR,AP,RURAL,Q1,0.0
2023,INDIA,SR,AP,RURAL,Q2,0.0
2023,INDIA,SR,AP,RURAL,Q3,0.0
2023,INDIA,SR,AP,RURAL,Q4,0.0
2023,INDIA,SR,AP,RURAL,Q5,0.0
2023,INDIA,SR,AP,URBAN,Q1,0.0311867821917103
2023,INDIA,SR,AP,URBAN,Q2,0.0316112754549822
2023,INDIA,SR,AP,URBAN,Q3,0.0333154216905819
2023,INDIA,SR,AP,URBAN,Q4,0.0189311757149946
2023,INDIA,SR,AP,URBAN,Q5,0.0196035372661373
2023,INDIA,SR,KA,RURAL,Q1,0.0
2023,INDIA,SR,KA,RURAL,Q2,0.0
2023,INDIA,SR,KA,RURAL,Q3,0.0
2023,INDIA,SR,KA,RURAL,Q4,0.0
2023,INDIA,SR,KA,RURAL,Q5,0.0
2023,INDIA,SR,KA,URBAN,Q1,0.0007610420628493
2023,INDIA,SR,KA,URBAN,Q2,0.0005832766127761
2023,INDIA,SR,KA,URBAN,Q3,0.0005910816139363
2023,INDIA,SR,KA,URBAN,Q4,0.0005519479256724
2023,INDIA,SR,KA,URBAN,Q5,0.0003997166167093
2023,INDIA,SR,KL,RURAL,Q1,0.0
2023,INDIA,SR,KL,RURAL,Q2,0.0
2023,INDIA,SR,KL,RURAL,Q3,0.0
2023,INDIA,SR,KL,RURAL,Q4,0.0
2023,INDIA,SR,KL,RURAL,Q5,0.0
2023,INDIA,SR,KL,URBAN,Q1,0.0003534054212469
2023,INDIA,SR,KL,URBAN,Q2,0.0003408165858909
2023,INDIA,SR,KL,URBAN,Q3,0.0002538736419146
2023,INDIA,SR,KL,URBAN,Q4,0.0002822736582307
2023,INDIA,SR,KL,URBAN,Q5,0.0002303360797508
2023,INDIA,SR,TN,RURAL,Q1,0.0
2023,INDIA,SR,TN,RURAL,Q2,0.0
2023,INDIA,SR,TN,RURAL,Q3,0.0
2023,INDIA,SR,TN,RURAL,Q4,0.0
2023,INDIA,SR,TN,RURAL,Q5,0.0
2023,INDIA,SR,TN,URBAN,Q1,0.0
2023,INDIA,SR,TN,URBAN,Q2,0.0
2023,INDIA,SR,TN,URBAN,Q3,0.0
2023,INDIA,SR,TN,URBAN,Q4,0.0
2023,INDIA,SR,TN,URBAN,Q5,0.0
2023,INDIA,SR,TS,RURAL,Q1,0.0
2023,INDIA,SR,TS,RURAL,Q2,0.0
2023,INDIA,SR,TS,RURAL,Q3,0.0
2023,INDIA,SR,TS,RURAL,Q4,0.0
2023,INDIA,SR,TS,RURAL,Q5,0.0
2023,INDIA,SR,TS,URBAN,Q1,0.0295132477733344
2023,INDIA,SR,TS,URBAN,Q2,0.0295471441546758
2023,INDIA,SR,TS,URBAN,Q3,0.0309834029262533
2023,INDIA,SR,TS,URBAN,Q4,0.0176331827248249
2023,INDIA,SR,TS,URBAN,Q5,0.0182594446256668
2023,INDIA,NER,AS,RURAL,Q1,0.0
2023,INDIA,NER,AS,RURAL,Q2,0.0
2023,INDIA,NER,AS,RURAL,Q3,0.0
2023,INDIA,NER,AS,RURAL,Q4,0.0
2023,INDIA,NER,AS,RURAL,Q5,0.0
2023,INDIA,NER,AS,URBAN,Q1,0.0657785082901116
2023,INDIA,NER,AS,URBAN,Q2,0.0601377697001165
2023,INDIA,NER,AS,URBAN,Q3,0.0712824285500636
2023,INDIA,NER,AS,URBAN,Q4,0.0432897580986358
2023,INDIA,NER,AS,URBAN,Q5,0.0468537346240676
2023,INDIA,NER,NE,RURAL,Q1,0.0
2023,INDIA,NER,NE,RURAL,Q2,0.0
2023,INDIA,NER,NE,RURAL,Q3,0.0
2023,INDIA,NER,NE,RURAL,Q4,0.0
2023,INDIA,NER,NE,RURAL,Q5,0.0
2023,INDIA,NER,NE,URBAN,Q1,0.0727602957194278
2023,INDIA,NER,NE,URBAN,Q2,0.0693722055684545
2023,INDIA,NER,NE,URBAN,Q3,0.0749918020773232
2023,INDIA,NER,NE,URBAN,Q4,0.0684850064515428
2023,INDIA,NER,NE,URBAN,Q5,0.0607166223854643
2024,INDIA,ER,BR,RURAL,Q1,0.0
2024,INDIA,ER,BR,RURAL,Q2,0.0
2024,INDIA,ER,BR,RURAL,Q3,0.0
2024,INDIA,ER,BR,RURAL,Q4,0.0
2024,INDIA,ER,BR,RURAL,Q5,0.0
2024,INDIA,ER,BR,URBAN,Q1,0.0
2024,INDIA,ER,BR,URBAN,Q2,0.0
2024,INDIA,ER,BR,URBAN,Q3,0.0
2024,INDIA,ER,BR,URBAN,Q4,0.0
2024,INDIA,ER,BR,URBAN,Q5,0.0
2024,INDIA,ER,JH,RURAL,Q1,0.0
2024,INDIA,ER,JH,RURAL,Q2,0.0
2024,INDIA,ER,JH,RURAL,Q3,0.0
2024,INDIA,ER,JH,RURAL,Q4,0.0
2024,INDIA,ER,JH,RURAL,Q5,0.0
2024,INDIA,ER,JH,URBAN,Q1,0.0
2024,INDIA,ER,JH,URBAN,Q2,0.0
2024,INDIA,ER,JH,URBAN,Q3,0.0
2024,INDIA,ER,JH,URBAN,Q4,0.0
2024,INDIA,ER,JH,URBAN,Q5,0.0
2024,INDIA,ER,OD,RURAL,Q1,0.0
2024,INDIA,ER,OD,RURAL,Q2,0.0
2024,INDIA,ER,OD,RURAL,Q3,0.0
2024,INDIA,ER,OD,RURAL,Q4,0.0
2024,INDIA,ER,OD,RURAL,Q5,0.0
2024,INDIA,ER,OD,URBAN,Q1,0.0
2024,INDIA,ER,OD,URBAN,Q2,0.0
2024,INDIA,ER,OD,URBAN,Q3,0.0
2024,INDIA,ER,OD,URBAN,Q4,0.0
2024,INDIA,ER,OD,URBAN,Q5,0.0
2024,INDIA,ER,WB,RURAL,Q1,0.0
2024,INDIA,ER,WB,RURAL,Q2,0.0
2024,INDIA,ER,WB,RURAL,Q3,0.0
2024,INDIA,ER,WB,RURAL,Q4,0.0
2024,INDIA,ER,WB,RURAL,Q5,0.0
2024,INDIA,ER,WB,URBAN,Q1,0.0
2024,INDIA,ER,WB,URBAN,Q2,0.0
2024,INDIA,ER,WB,URBAN,Q3,0.0
2024,INDIA,ER,WB,URBAN,Q4,0.0
2024,INDIA,ER,WB,URBAN,Q5,0.0
2024,INDIA,WR,CG,RURAL,Q1,0.0
2024,INDIA,WR,CG,RURAL,Q2,0.0
2024,INDIA,WR,CG,RURAL,Q3,0.0
2024,INDIA,WR,CG,RURAL,Q4,0.0
2024,INDIA,WR,CG,RURAL,Q5,0.0
2024,INDIA,WR,CG,URBAN,Q1,0.0
2024,INDIA,WR,CG,URBAN,Q2,0.0
2024,INDIA,WR,CG,URBAN,Q3,0.0
2024,INDIA,WR,CG,URBAN,Q4,0.0
2024,INDIA,WR,CG,URBAN,Q5,0.0
2024,INDIA,WR,GJ,RURAL,Q1,0.0264853580174635
2024,INDIA,WR,GJ,RURAL,Q2,0.0288644447128181
2024,INDIA,WR,GJ,RURAL,Q3,0.0296810377358927
2024,INDIA,WR,GJ,RURAL,Q4,0.0282024294666264
2024,INDIA,WR,GJ,RURAL,Q5,0.027042053483599
2024,INDIA,WR,GJ,URBAN,Q1,3.7192862135049407
2024,INDIA,WR,GJ,URBAN,Q2,2.625406061063775
2024,INDIA,WR,GJ,URBAN,Q3,2.370596633409855
2024,INDIA,WR,GJ,URBAN,Q4,1.7479338813135614
2024,INDIA,WR,GJ,URBAN,Q5,2.694613551322872
2024,INDIA,WR,MP,RURAL,Q1,0.0
2024,INDIA,WR,MP,RURAL,Q2,0.0
2024,INDIA,WR,MP,RURAL,Q3,0.0
2024,INDIA,WR,MP,RURAL,Q4,0.0
2024,INDIA,WR,MP,RURAL,Q5,0.0
2024,INDIA,WR,MP,URBAN,Q1,0.0800424499397322
2024,INDIA,WR,MP,URBAN,Q2,0.0947949804218194
2024,INDIA,WR,MP,URBAN,Q3,0.0869867459747447
2024,INDIA,WR,MP,URBAN,Q4,0.0613816108235493
2024,INDIA,WR,MP,URBAN,Q5,0.0492085652550185
2024,INDIA,WR,MH,RURAL,Q1,0.0
2024,INDIA,WR,MH,RURAL,Q2,0.0
2024,INDIA,WR,MH,RURAL,Q3,0.0
2024,INDIA,WR,MH,RURAL,Q4,0.0
2024,INDIA,WR,MH,RURAL,Q5,0.0
2024,INDIA,WR,MH,URBAN,Q1,2.583069565956866
2024,INDIA,WR,MH,URBAN,Q2,1.986222295819884
2024,INDIA,WR,MH,URBAN,Q3,1.6469820273636986
2024,INDIA,WR,MH,URBAN,Q4,1.4016779299703288
2024,INDIA,WR,MH,URBAN,Q5,1.245985132897472
2024,INDIA,WR,GA,RURAL,Q1,0.0
2024,INDIA,WR,GA,RURAL,Q2,0.0
2024,INDIA,WR,GA,RURAL,Q3,0.0
2024,INDIA,WR,GA,RURAL,Q4,0.0
2024,INDIA,WR,GA,RURAL,Q5,0.0
2024,INDIA,WR,GA,URBAN,Q1,0.0008148554341742
2024,INDIA,WR,GA,URBAN,Q2,0.0007206562516997
2024,INDIA,WR,GA,URBAN,Q3,0.000564671531703
2024,INDIA,WR,GA,URBAN,Q4,0.0004705997315631
2024,INDIA,WR,GA,URBAN,Q5,0.000441240946397
2024,INDIA,WR,UT,RURAL,Q1,0.0
2024,INDIA,WR,UT,RURAL,Q2,0.0
2024,INDIA,WR,UT,RURAL,Q3,0.0
2024,INDIA,WR,UT,RURAL,Q4,0.0
2024,INDIA,WR,UT,RURAL,Q5,0.0
2024,INDIA,WR,UT,URBAN,Q1,0.3670576775682921
2024,INDIA,WR,UT,URBAN,Q2,0.2119419789870512
2024,INDIA,WR,UT,URBAN,Q3,0.1811279747917707
2024,INDIA,WR,UT,URBAN,Q4,0.1767156161472253
2024,INDIA,WR,UT,URBAN,Q5,0.1621210885280423
2024,INDIA,NR,DL,RURAL,Q1,0.0
2024,INDIA,NR,DL,RURAL,Q2,0.0
2024,INDIA,NR,DL,RURAL,Q3,0.0
2024,INDIA,NR,DL,RURAL,Q4,0.0
2024,INDIA,NR,DL,RURAL,Q5,0.0
2024,INDIA,NR,DL,URBAN,Q1,2.4642984340913023
2024,INDIA,NR,DL,URBAN,Q2,1.7825455892925532
2024,INDIA,NR,DL,URBAN,Q3,1.182786035854666
2024,INDIA,NR,DL,URBAN,Q4,0.9142052370337712
2024,INDIA,NR,DL,URBAN,Q5,1.4311100024882206
2024,INDIA,NR,HR,RURAL,Q1,0.0
2024,INDIA,NR,HR,RURAL,Q2,0.0
2024,INDIA,NR,HR,RURAL,Q3,0.0
2024,INDIA,NR,HR,RURAL,Q4,0.0
2024,INDIA,NR,HR,RURAL,Q5,0.0
2024,INDIA,NR,HR,URBAN,Q1,0.1991740182293642
2024,INDIA,NR,HR,URBAN,Q2,0.188582717710729
2024,INDIA,NR,HR,URBAN,Q3,0.1951648916569772
2024,INDIA,NR,HR,URBAN,Q4,0.1538205188570719
2024,INDIA,NR,HR,URBAN,Q5,0.141148577896373
2024,INDIA,NR,HP,RURAL,Q1,0.0
2024,INDIA,NR,HP,RURAL,Q2,0.0
2024,INDIA,NR,HP,RURAL,Q3,0.0
2024,INDIA,NR,HP,RURAL,Q4,0.0
2024,INDIA,NR,HP,RURAL,Q5,0.0
2024,INDIA,NR,HP,URBAN,Q1,0.0
2024,INDIA,NR,HP,URBAN,Q2,0.0
2024,INDIA,NR,HP,URBAN,Q3,0.0
2024,INDIA,NR,HP,URBAN,Q4,0.0
2024,INDIA,NR,HP,URBAN,Q5,0.0
2024,INDIA,NR,JK,RURAL,Q1,0.0
2024,INDIA,NR,JK,RURAL,Q2,0.0
2024,INDIA,NR,JK,RURAL,Q3,0.0
2024,INDIA,NR,JK,RURAL,Q4,0.0
2024,INDIA,NR,JK,RURAL,Q5,0.0
2024,INDIA,NR,JK,URBAN,Q1,0.0
2024,INDIA,NR,JK,URBAN,Q2,0.0
2024,INDIA,NR,JK,URBAN,Q3,0.0
2024,INDIA,NR,JK,URBAN,Q4,0.0
2024,INDIA,NR,JK,URBAN,Q5,0.0
2024,INDIA,NR,PB,RURAL,Q1,0.0
2024,INDIA,NR,PB,RURAL,Q2,0.0
2024,INDIA,NR,PB,RURAL,Q3,0.0
2024,INDIA,NR,PB,RURAL,Q4,0.0
2024,INDIA,NR,PB,RURAL,Q5,0.0
2024,INDIA,NR,PB,URBAN,Q1,0.187434494596639
2024,INDIA,NR,PB,URBAN,Q2,0.1420266938186684
2024,INDIA,NR,PB,URBAN,Q3,0.1841065494254932
2024,INDIA,NR,PB,URBAN,Q4,0.128996534221903
2024,INDIA,NR,PB,URBAN,Q5,0.1263338472753909
2024,INDIA,NR,RJ,RURAL,Q1,0.0
2024,INDIA,NR,RJ,RURAL,Q2,0.0
2024,INDIA,NR,RJ,RURAL,Q3,0.0
2024,INDIA,NR,RJ,RURAL,Q4,0.0
2024,INDIA,NR,RJ,RURAL,Q5,0.0
2024,INDIA,NR,RJ,URBAN,Q1,0.0106541134847516
2024,INDIA,NR,RJ,URBAN,Q2,0.0098682587969967
2024,INDIA,NR,RJ,URBAN,Q3,0.0074645338789071
2024,INDIA,NR,RJ,URBAN,Q4,0.0079333841910939
2024,INDIA,NR,RJ,URBAN,Q5,0.0038355844731259
2024,INDIA,NR,UP,RURAL,Q1,0.0
2024,INDIA,NR,UP,RURAL,Q2,0.0
2024,INDIA,NR,UP,RURAL,Q3,0.0
2024,INDIA,NR,UP,RURAL,Q4,0.0
2024,INDIA,NR,UP,RURAL,Q5,0.0
2024,INDIA,NR,UP,URBAN,Q1,0.4420752068215692
2024,INDIA,NR,UP,URBAN,Q2,0.4102469633338481
2024,INDIA,NR,UP,URBAN,Q3,0.3327097730150334
2024,INDIA,NR,UP,URBAN,Q4,0.3365144137439347
2024,INDIA,NR,UP,URBAN,Q5,0.2596633920639163
2024,INDIA,NR,UK,RURAL,Q1,0.0
2024,INDIA,NR,UK,RURAL,Q2,0.0
2024,INDIA,NR,UK,RURAL,Q3,0.0
2024,INDIA,NR,UK,RURAL,Q4,0.0
2024,INDIA,NR,UK,RURAL,Q5,0.0
2024,INDIA,NR,UK,URBAN,Q1,0.0
2024,INDIA,NR,UK,URBAN,Q2,0.0
2024,INDIA,NR,UK,URBAN,Q3,0.0
2024,INDIA,NR,UK,URBAN,Q4,0.0
2024,INDIA,NR,UK,URBAN,Q5,0.0
2024,INDIA,SR,AP,RURAL,Q1,0.0
2024,INDIA,SR,AP,RURAL,Q2,0.0
2024,INDIA,SR,AP,RURAL,Q3,0.0
2024,INDIA,SR,AP,RURAL,Q4,0.0
2024,INDIA,SR,AP,RURAL,Q5,0.0
2024,INDIA,SR,AP,URBAN,Q1,0.0432777202640857
2024,INDIA,SR,AP,URBAN,Q2,0.0436230800292511
2024,INDIA,SR,AP,URBAN,Q3,0.0463896067523991
2024,INDIA,SR,AP,URBAN,Q4,0.0258476714350794
2024,INDIA,SR,AP,URBAN,Q5,0.0267669619193289
2024,INDIA,SR,KA,RURAL,Q1,0.0
2024,INDIA,SR,KA,RURAL,Q2,0.0
2024,INDIA,SR,KA,RURAL,Q3,0.0
2024,INDIA,SR,KA,RURAL,Q4,0.0
2024,INDIA,SR,KA,RURAL,Q5,0.0
2024,INDIA,SR,KA,URBAN,Q1,0.001806519465131
2024,INDIA,SR,KA,URBAN,Q2,0.0013480938282944
2024,INDIA,SR,KA,URBAN,Q3,0.0013688435105507
2024,INDIA,SR,KA,URBAN,Q4,0.0012771043195468
2024,INDIA,SR,KA,URBAN,Q5,0.0009203921915989
2024,INDIA,SR,KL,RURAL,Q1,0.0
2024,INDIA,SR,KL,RURAL,Q2,0.0
2024,INDIA,SR,KL,RURAL,Q3,0.0
2024,INDIA,SR,KL,RURAL,Q4,0.0
2024,INDIA,SR,KL,RURAL,Q5,0.0
2024,INDIA,SR,KL,URBAN,Q1,0.0008051936747364
2024,INDIA,SR,KL,URBAN,Q2,0.0007611837464062
2024,INDIA,SR,KL,URBAN,Q3,0.000553690338775
2024,INDIA,SR,KL,URBAN,Q4,0.0006207697088057
2024,INDIA,SR,KL,URBAN,Q5,0.0004988914564382
2024,INDIA,SR,TN,RURAL,Q1,0.0
2024,INDIA,SR,TN,RURAL,Q2,0.0
2024,INDIA,SR,TN,RURAL,Q3,0.0
2024,INDIA,SR,TN,RURAL,Q4,0.0
2024,INDIA,SR,TN,RURAL,Q5,0.0
2024,INDIA,SR,TN,URBAN,Q1,0.0
2024,INDIA,SR,TN,URBAN,Q2,0.0
2024,INDIA,SR,TN,URBAN,Q3,0.0
2024,INDIA,SR,TN,URBAN,Q4,0.0
2024,INDIA,SR,TN,URBAN,Q5,0.0
2024,INDIA,SR,TS,RURAL,Q1,0.0
2024,INDIA,SR,TS,RURAL,Q2,0.0
2024,INDIA,SR,TS,RURAL,Q3,0.0
2024,INDIA,SR,TS,RURAL,Q4,0.0
2024,INDIA,SR,TS,RURAL,Q5,0.0
2024,INDIA,SR,TS,URBAN,Q1,0.0410361092377844
2024,INDIA,SR,TS,URBAN,Q2,0.0408155049365754
2024,INDIA,SR,TS,URBAN,Q3,0.0432089618155735
2024,INDIA,SR,TS,URBAN,Q4,0.0240754584107803
2024,INDIA,SR,TS,URBAN,Q5,0.0249317189012683
2024,INDIA,NER,AS,RURAL,Q1,0.0
2024,INDIA,NER,AS,RURAL,Q2,0.0
2024,INDIA,NER,AS,RURAL,Q3,0.0
2024,INDIA,NER,AS,RURAL,Q4,0.0
2024,INDIA,NER,AS,RURAL,Q5,0.0
2024,INDIA,NER,AS,URBAN,Q1,0.071096183605928
2024,INDIA,NER,AS,URBAN,Q2,0.0638417003954188
2024,INDIA,NER,AS,URBAN,Q3,0.0757127304687428
2024,INDIA,NER,AS,URBAN,Q4,0.0455114260388777
2024,INDIA,NER,AS,URBAN,Q5,0.0496027756773471
2024,INDIA,NER,NE,RURAL,Q1,0.0
2024,INDIA,NER,NE,RURAL,Q2,0.0
2024,INDIA,NER,NE,RURAL,Q3,0.0
2024,INDIA,NER,NE,RURAL,Q4,0.0
2024,INDIA,NER,NE,RURAL,Q5,0.0
2024,INDIA,NER,NE,URBAN,Q1,0.0802011961213567
2024,INDIA,NER,NE,URBAN,Q2,0.074964706589468
2024,INDIA,NER,NE,URBAN,Q3,0.0811531089363101
2024,INDIA,NER,NE,URBAN,Q4,0.0737645436506669
2024,INDIA,NER,NE,URBAN,Q5,0.0654380632711089
2025,INDIA,ER,BR,RURAL,Q1,0.0
2025,INDIA,ER,BR,RURAL,Q2,0.0
2025,INDIA,ER,BR,RURAL,Q3,0.0
2025,INDIA,ER,BR,RURAL,Q4,0.0
2025,INDIA,ER,BR,RURAL,Q5,0.0
2025,INDIA,ER,BR,URBAN,Q1,0.0
2025,INDIA,ER,BR,URBAN,Q2,0.0
2025,INDIA,ER,BR,URBAN,Q3,0.0
2025,INDIA,ER,BR,URBAN,Q4,0.0
2025,INDIA,ER,BR,URBAN,Q5,0.0
2025,INDIA,ER,JH,RURAL,Q1,0.0
2025,INDIA,ER,JH,RURAL,Q2,0.0
2025,INDIA,ER,JH,RURAL,Q3,0.0
2025,INDIA,ER,JH,RURAL,Q4,0.0
2025,INDIA,ER,JH,RURAL,Q5,0.0
2025,INDIA,ER,JH,URBAN,Q1,0.0
2025,INDIA,ER,JH,URBAN,Q2,0.0
2025,INDIA,ER,JH,URBAN,Q3,0.0
2025,INDIA,ER,JH,URBAN,Q4,0.0
2025,INDIA,ER,JH,URBAN,Q5,0.0
2025,INDIA,ER,OD,RURAL,Q1,0.0
2025,INDIA,ER,OD,RURAL,Q2,0.0
2025,INDIA,ER,OD,RURAL,Q3,0.0
2025,INDIA,ER,OD,RURAL,Q4,0.0
2025,INDIA,ER,OD,RURAL,Q5,0.0
2025,INDIA,ER,OD,URBAN,Q1,0.0
2025,INDIA,ER,OD,URBAN,Q2,0.0
2025,INDIA,ER,OD,URBAN,Q3,0.0
2025,INDIA,ER,OD,URBAN,Q4,0.0
2025,INDIA,ER,OD,URBAN,Q5,0.0
2025,INDIA,ER,WB,RURAL,Q1,0.0
2025,INDIA,ER,WB,RURAL,Q2,0.0
2025,INDIA,ER,WB,RURAL,Q3,0.0
2025,INDIA,ER,WB,RURAL,Q4,0.0
2025,INDIA,ER,WB,RURAL,Q5,0.0
2025,INDIA,ER,WB,URBAN,Q1,0.0001223716246767
2025,INDIA,ER,WB,URBAN,Q2,0.0001195411439931
2025,INDIA,ER,WB,URBAN,Q3,9.77328769414229e-05
2025,INDIA,ER,WB,URBAN,Q4,9.845321857221724e-05
2025,INDIA,ER,WB,URBAN,Q5,8.838219281484457e-05
2025,INDIA,WR,CG,RURAL,Q1,0.0
2025,INDIA,WR,CG,RURAL,Q2,0.0
2025,INDIA,WR,CG,RURAL,Q3,0.0
2025,INDIA,WR,CG,RURAL,Q4,0.0
2025,INDIA,WR,CG,RURAL,Q5,0.0
2025,INDIA,WR,CG,URBAN,Q1,0.0
2025,INDIA,WR,CG,URBAN,Q2,0.0
2025,INDIA,WR,CG,URBAN,Q3,0.0
2025,INDIA,WR,CG,URBAN,Q4,0.0
2025,INDIA,WR,CG,URBAN,Q5,0.0
2025,INDIA,WR,GJ,RURAL,Q1,0.0337693776450654
2025,INDIA,WR,GJ,RURAL,Q2,0.0368337528129615
2025,INDIA,WR,GJ,RURAL,Q3,0.0376290268909543
2025,INDIA,WR,GJ,RURAL,Q4,0.0357923218743543
2025,INDIA,WR,GJ,RURAL,Q5,0.0337757958225816
2025,INDIA,WR,GJ,URBAN,Q1,3.860957792976061
2025,INDIA,WR,GJ,URBAN,Q2,2.656202740344119
2025,INDIA,WR,GJ,URBAN,Q3,2.392584759167636
2025,INDIA,WR,GJ,URBAN,Q4,1.7619579994843353
2025,INDIA,WR,GJ,URBAN,Q5,2.76767373109631
2025,INDIA,WR,MP,RURAL,Q1,0.0
2025,INDIA,WR,MP,RURAL,Q2,0.0
2025,INDIA,WR,MP,RURAL,Q3,0.0
2025,INDIA,WR,MP,RURAL,Q4,0.0
2025,INDIA,WR,MP,RURAL,Q5,0.0
2025,INDIA,WR,MP,URBAN,Q1,0.1075971628884042
2025,INDIA,WR,MP,URBAN,Q2,0.1272101741414124
2025,INDIA,WR,MP,URBAN,Q3,0.1152818025683389
2025,INDIA,WR,MP,URBAN,Q4,0.0796814546382164
2025,INDIA,WR,MP,URBAN,Q5,0.0636670863819176
2025,INDIA,WR,MH,RURAL,Q1,0.0
2025,INDIA,WR,MH,RURAL,Q2,0.0
2025,INDIA,WR,MH,RURAL,Q3,0.0
2025,INDIA,WR,MH,RURAL,Q4,0.0
2025,INDIA,WR,MH,RURAL,Q5,0.0
2025,INDIA,WR,MH,URBAN,Q1,2.787805084560804
2025,INDIA,WR,MH,URBAN,Q2,2.109766556664286
2025,INDIA,WR,MH,URBAN,Q3,1.73862499778321
2025,INDIA,WR,MH,URBAN,Q4,1.4837946969927758
2025,INDIA,WR,MH,URBAN,Q5,1.3180711795519438
2025,INDIA,WR,GA,RURAL,Q1,0.0
2025,INDIA,WR,GA,RURAL,Q2,0.0
2025,INDIA,WR,GA,RURAL,Q3,0.0
2025,INDIA,WR,GA,RURAL,Q4,0.0
2025,INDIA,WR,GA,RURAL,Q5,0.0
2025,INDIA,WR,GA,URBAN,Q1,0.0014437113976149
2025,INDIA,WR,GA,URBAN,Q2,0.0012800594500095
2025,INDIA,WR,GA,URBAN,Q3,0.0009937281767402
2025,INDIA,WR,GA,URBAN,Q4,0.0008281774216104
2025,INDIA,WR,GA,URBAN,Q5,0.0007765108324432
2025,INDIA,WR,UT,RURAL,Q1,0.0
2025,INDIA,WR,UT,RURAL,Q2,0.0
2025,INDIA,WR,UT,RURAL,Q3,0.0
2025,INDIA,WR,UT,RURAL,Q4,0.0
2025,INDIA,WR,UT,RURAL,Q5,0.0
2025,INDIA,WR,UT,URBAN,Q1,0.3977214694344276
2025,INDIA,WR,UT,URBAN,Q2,0.2240072740811866
2025,INDIA,WR,UT,URBAN,Q3,0.1920950293217591
2025,INDIA,WR,UT,URBAN,Q4,0.1873323839436664
2025,INDIA,WR,UT,URBAN,Q5,0.1724530866690792
2025,INDIA,NR,DL,RURAL,Q1,0.0
2025,INDIA,NR,DL,RURAL,Q2,0.0
2025,INDIA,NR,DL,RURAL,Q3,0.0
2025,INDIA,NR,DL,RURAL,Q4,0.0
2025,INDIA,NR,DL,RURAL,Q5,0.0
2025,INDIA,NR,DL,URBAN,Q1,2.6406445951629687
2025,INDIA,NR,DL,URBAN,Q2,1.8901360091900368
2025,INDIA,NR,DL,URBAN,Q3,1.2404603861296573
2025,INDIA,NR,DL,URBAN,Q4,0.9585510356568896
2025,INDIA,NR,DL,URBAN,Q5,1.531152604914237
2025,INDIA,NR,HR,RURAL,Q1,0.0
2025,INDIA,NR,HR,RURAL,Q2,0.0
2025,INDIA,NR,HR,RURAL,Q3,0.0
2025,INDIA,NR,HR,RURAL,Q4,0.0
2025,INDIA,NR,HR,RURAL,Q5,0.0
2025,INDIA,NR,HR,URBAN,Q1,0.2329477928848381
2025,INDIA,NR,HR,URBAN,Q2,0.2189103594330699
2025,INDIA,NR,HR,URBAN,Q3,0.2274795711686905
2025,INDIA,NR,HR,URBAN,Q4,0.1790119338009855
2025,INDIA,NR,HR,URBAN,Q5,0.1639385866185876
2025,INDIA,NR,HP,RURAL,Q1,0.0
2025,INDIA,NR,HP,RURAL,Q2,0.0
2025,INDIA,NR,HP,RURAL,Q3,0.0
2025,INDIA,NR,HP,RURAL,Q4,0.0
2025,INDIA,NR,HP,RURAL,Q5,0.0
2025,INDIA,NR,HP,URBAN,Q1,0.0
2025,INDIA,NR,HP,URBAN,Q2,0.0
2025,INDIA,NR,HP,URBAN,Q3,0.0
2025,INDIA,NR,HP,URBAN,Q4,0.0
2025,INDIA,NR,HP,URBAN,Q5,0.0
2025,INDIA,NR,JK,RURAL,Q1,0.0
2025,INDIA,NR,JK,RURAL,Q2,0.0
2025,INDIA,NR,JK,RURAL,Q3,0.0
2025,INDIA,NR,JK,RURAL,Q4,0.0
2025,INDIA,NR,JK,RURAL,Q5,0.0
2025,INDIA,NR,JK,URBAN,Q1,0.0
2025,INDIA,NR,JK,URBAN,Q2,0.0
2025,INDIA,NR,JK,URBAN,Q3,0.0
2025,INDIA,NR,JK,URBAN,Q4,0.0
2025,INDIA,NR,JK,URBAN,Q5,0.0
2025,INDIA,NR,PB,RURAL,Q1,0.0
2025,INDIA,NR,PB,RURAL,Q2,0.0
2025,INDIA,NR,PB,RURAL,Q3,0.0
2025,INDIA,NR,PB,RURAL,Q4,0.0
2025,INDIA,NR,PB,RURAL,Q5,0.0
2025,INDIA,NR,PB,URBAN,Q1,0.253569416865711
2025,INDIA,NR,PB,URBAN,Q2,0.1891303655095023
2025,INDIA,NR,PB,URBAN,Q3,0.2494508550941952
2025,INDIA,NR,PB,URBAN,Q4,0.1712976172341975
2025,INDIA,NR,PB,URBAN,Q5,0.1688905874445108
2025,INDIA,NR,RJ,RURAL,Q1,0.0
2025,INDIA,NR,RJ,RURAL,Q2,0.0
2025,INDIA,NR,RJ,RURAL,Q3,0.0
2025,INDIA,NR,RJ,RURAL,Q4,0.0
2025,INDIA,NR,RJ,RURAL,Q5,0.0
2025,INDIA,NR,RJ,URBAN,Q1,0.0184002196913078
2025,INDIA,NR,RJ,URBAN,Q2,0.0168166286029164
2025,INDIA,NR,RJ,URBAN,Q3,0.0124978038891925
2025,INDIA,NR,RJ,URBAN,Q4,0.0133694129852305
2025,INDIA,NR,RJ,URBAN,Q5,0.00630872667499
2025,INDIA,NR,UP,RURAL,Q1,0.0
2025,INDIA,NR,UP,RURAL,Q2,0.0
2025,INDIA,NR,UP,RURAL,Q3,0.0
2025,INDIA,NR,UP,RURAL,Q4,0.0
2025,INDIA,NR,UP,RURAL,Q5,0.0
2025,INDIA,NR,UP,URBAN,Q1,0.6146731770799203
2025,INDIA,NR,UP,URBAN,Q2,0.5656781195518812
2025,INDIA,NR,UP,URBAN,Q3,0.450521033861152
2025,INDIA,NR,UP,URBAN,Q4,0.4575739634317544
2025,INDIA,NR,UP,URBAN,Q5,0.34860294576606
2025,INDIA,NR,UK,RURAL,Q1,0.0
2025,INDIA,NR,UK,RURAL,Q2,0.0
2025,INDIA,NR,UK,RURAL,Q3,0.0
2025,INDIA,NR,UK,RURAL,Q4,0.0
2025,INDIA,NR,UK,RURAL,Q5,0.0
2025,INDIA,NR,UK,URBAN,Q1,0.0
2025,INDIA,NR,UK,URBAN,Q2,0.0
2025,INDIA,NR,UK,URBAN,Q3,0.0
2025,INDIA,NR,UK,URBAN,Q4,0.0
2025,INDIA,NR,UK,URBAN,Q5,0.0
2025,INDIA,SR,AP,RURAL,Q1,0.0
2025,INDIA,SR,AP,RURAL,Q2,0.0
2025,INDIA,SR,AP,RURAL,Q3,0.0
2025,INDIA,SR,AP,RURAL,Q4,0.0
2025,INDIA,SR,AP,RURAL,Q5,0.0
2025,INDIA,SR,AP,URBAN,Q1,0.0600642286523994
2025,INDIA,SR,AP,URBAN,Q2,0.0602758352184746
2025,INDIA,SR,AP,URBAN,Q3,0.0647210141491938
2025,INDIA,SR,AP,URBAN,Q4,0.0353601834109682
2025,INDIA,SR,AP,URBAN,Q5,0.0366195468870086
2025,INDIA,SR,KA,RURAL,Q1,0.0
2025,INDIA,SR,KA,RURAL,Q2,0.0
2025,INDIA,SR,KA,RURAL,Q3,0.0
2025,INDIA,SR,KA,RURAL,Q4,0.0
2025,INDIA,SR,KA,RURAL,Q5,0.0
2025,INDIA,SR,KA,URBAN,Q1,0.0042796892564421
2025,INDIA,SR,KA,URBAN,Q2,0.0031170549305183
2025,INDIA,SR,KA,URBAN,Q3,0.0031742490071251
2025,INDIA,SR,KA,URBAN,Q4,0.0029606632754438
2025,INDIA,SR,KA,URBAN,Q5,0.0021233814684888
2025,INDIA,SR,KL,RURAL,Q1,0.0
2025,INDIA,SR,KL,RURAL,Q2,0.0
2025,INDIA,SR,KL,RURAL,Q3,0.0
2025,INDIA,SR,KL,RURAL,Q4,0.0
2025,INDIA,SR,KL,RURAL,Q5,0.0
2025,INDIA,SR,KL,URBAN,Q1,0.0018308303368814
2025,INDIA,SR,KL,URBAN,Q2,0.001701801803189
2025,INDIA,SR,KL,URBAN,Q3,0.0012101560424891
2025,INDIA,SR,KL,URBAN,Q4,0.0013688243390617
2025,INDIA,SR,KL,URBAN,Q5,0.0010838180264079
2025,INDIA,SR,TN,RURAL,Q1,0.0
2025,INDIA,SR,TN,RURAL,Q2,0.0
2025,INDIA,SR,TN,RURAL,Q3,0.0
2025,INDIA,SR,TN,RURAL,Q4,0.0
2025,INDIA,SR,TN,RURAL,Q5,0.0
2025,INDIA,SR,TN,URBAN,Q1,0.0
2025,INDIA,SR,TN,URBAN,Q2,0.0
2025,INDIA,SR,TN,URBAN,Q3,0.0
2025,INDIA,SR,TN,URBAN,Q4,0.0
2025,INDIA,SR,TN,URBAN,Q5,0.0
2025,INDIA,SR,TS,RURAL,Q1,0.0
2025,INDIA,SR,TS,RURAL,Q2,0.0
2025,INDIA,SR,TS,RURAL,Q3,0.0
2025,INDIA,SR,TS,RURAL,Q4,0.0
2025,INDIA,SR,TS,RURAL,Q5,0.0
2025,INDIA,SR,TS,URBAN,Q1,0.0570818886098879
2025,INDIA,SR,TS,URBAN,Q2,0.0564189862343218
2025,INDIA,SR,TS,URBAN,Q3,0.0602834942973221
2025,INDIA,SR,TS,URBAN,Q4,0.0329357542218599
2025,INDIA,SR,TS,URBAN,Q5,0.0341087709294029
2025,INDIA,NER,AS,RURAL,Q1,0.0
2025,INDIA,NER,AS,RURAL,Q2,0.0
2025,INDIA,NER,AS,RURAL,Q3,0.0
2025,INDIA,NER,AS,RURAL,Q4,0.0
2025,INDIA,NER,AS,RURAL,Q5,0.0
2025,INDIA,NER,AS,URBAN,Q1,0.0766322822636615
2025,INDIA,NER,AS,URBAN,Q2,0.0677593776512525
2025,INDIA,NER,AS,URBAN,Q3,0.0804627761933712
2025,INDIA,NER,AS,URBAN,Q4,0.0478789652380668
2025,INDIA,NER,AS,URBAN,Q5,0.0525733853892944
2025,INDIA,NER,NE,RURAL,Q1,0.0
2025,INDIA,NER,NE,RURAL,Q2,0.0
2025,INDIA,NER,NE,RURAL,Q3,0.0
2025,INDIA,NER,NE,RURAL,Q4,0.0
2025,INDIA,NER,NE,RURAL,Q5,0.0
2025,INDIA,NER,NE,URBAN,Q1,0.0884533790867777
2025,INDIA,NER,NE,URBAN,Q2,0.0811581386654038
2025,INDIA,NER,NE,URBAN,Q3,0.0880355669981077
2025,INDIA,NER,NE,URBAN,Q4,0.079667420149593
2025,INDIA,NER,NE,URBAN,Q5,0.0707301820841015
2026,INDIA,ER,BR,RURAL,Q1,0.0
2026,INDIA,ER,BR,RURAL,Q2,0.0
2026,INDIA,ER,BR,RURAL,Q3,0.0
2026,INDIA,ER,BR,RURAL,Q4,0.0
2026,INDIA,ER,BR,RURAL,Q5,0.0
2026,INDIA,ER,BR,URBAN,Q1,0.0
2026,INDIA,ER,BR,URBAN,Q2,0.0
2026,INDIA,ER,BR,URBAN,Q3,0.0
2026,INDIA,ER,BR,URBAN,Q4,0.0
2026,INDIA,ER,BR,URBAN,Q5,0.0
2026,INDIA,ER,JH,RURAL,Q1,0.0
2026,INDIA,ER,JH,RURAL,Q2,0.0
2026,INDIA,ER,JH,RURAL,Q3,0.0
2026,INDIA,ER,JH,RURAL,Q4,0.0
2026,INDIA,ER,JH,RURAL,Q5,0.0
2026,INDIA,ER,JH,URBAN,Q1,0.0
2026,INDIA,ER,JH,URBAN,Q2,0.0
2026,INDIA,ER,JH,URBAN,Q3,0.0
2026,INDIA,ER,JH,URBAN,Q4,0.0
2026,INDIA,ER,JH,URBAN,Q5,0.0
2026,INDIA,ER,OD,RURAL,Q1,0.0
2026,INDIA,ER,OD,RURAL,Q2,0.0
2026,INDIA,ER,OD,RURAL,Q3,0.0
2026,INDIA,ER,OD,RURAL,Q4,0.0
2026,INDIA,ER,OD,RURAL,Q5,0.0
2026,INDIA,ER,OD,URBAN,Q1,0.0
2026,INDIA,ER,OD,URBAN,Q2,0.0
2026,INDIA,ER,OD,URBAN,Q3,0.0
2026,INDIA,ER,OD,URBAN,Q4,0.0
2026,INDIA,ER,OD,URBAN,Q5,0.0
2026,INDIA,ER,WB,RURAL,Q1,0.0
2026,INDIA,ER,WB,RURAL,Q2,0.0
2026,INDIA,ER,WB,RURAL,Q3,0.0
2026,INDIA,ER,WB,RURAL,Q4,0.0
2026,INDIA,ER,WB,RURAL,Q5,0.0
2026,INDIA,ER,WB,URBAN,Q1,0.0005524244198941
2026,INDIA,ER,WB,URBAN,Q2,0.0005298036574304
2026,INDIA,ER,WB,URBAN,Q3,0.0004251554453985
2026,INDIA,ER,WB,URBAN,Q4,0.0004253906492051
2026,INDIA,ER,WB,URBAN,Q5,0.0003798916589211
2026,INDIA,WR,CG,RURAL,Q1,0.0
2026,INDIA,WR,CG,RURAL,Q2,0.0
2026,INDIA,WR,CG,RURAL,Q3,0.0
2026,INDIA,WR,CG,RURAL,Q4,0.0
2026,INDIA,WR,CG,RURAL,Q5,0.0
2026,INDIA,WR,CG,URBAN,Q1,0.0
2026,INDIA,WR,CG,URBAN,Q2,0.0
2026,INDIA,WR,CG,URBAN,Q3,0.0
2026,INDIA,WR,CG,URBAN,Q4,0.0
2026,INDIA,WR,CG,URBAN,Q5,0.0
2026,INDIA,WR,GJ,RURAL,Q1,0.04121516621399
2026,INDIA,WR,GJ,RURAL,Q2,0.0449275965109202
2026,INDIA,WR,GJ,RURAL,Q3,0.0455749542951407
2026,INDIA,WR,GJ,RURAL,Q4,0.0433427502450187
2026,INDIA,WR,GJ,RURAL,Q5,0.0402363997532964
2026,INDIA,WR,GJ,URBAN,Q1,4.002057364847762
2026,INDIA,WR,GJ,URBAN,Q2,2.6863080537799613
2026,INDIA,WR,GJ,URBAN,Q3,2.4147877161215314
2026,INDIA,WR,GJ,URBAN,Q4,1.776390241456792
2026,INDIA,WR,GJ,URBAN,Q5,2.843197854699109
2026,INDIA,WR,MP,RURAL,Q1,0.0
2026,INDIA,WR,MP,RURAL,Q2,0.0
2026,INDIA,WR,MP,RURAL,Q3,0.0
2026,INDIA,WR,MP,RURAL,Q4,0.0
2026,INDIA,WR,MP,RURAL,Q5,0.0
2026,INDIA,WR,MP,URBAN,Q1,0.144498020712584
2026,INDIA,WR,MP,URBAN,Q2,0.1705815405795719
2026,INDIA,WR,MP,URBAN,Q3,0.1524681805640295
2026,INDIA,WR,MP,URBAN,Q4,0.103208674220743
2026,INDIA,WR,MP,URBAN,Q5,0.082465808467202
2026,INDIA,WR,MH,RURAL,Q1,0.0
2026,INDIA,WR,MH,RURAL,Q2,0.0
2026,INDIA,WR,MH,RURAL,Q3,0.0
2026,INDIA,WR,MH,RURAL,Q4,0.0
2026,INDIA,WR,MH,RURAL,Q5,0.0
2026,INDIA,WR,MH,URBAN,Q1,2.994016186948611
2026,INDIA,WR,MH,URBAN,Q2,2.231825734300919
2026,INDIA,WR,MH,URBAN,Q3,1.8272014563001528
2026,INDIA,WR,MH,URBAN,Q4,1.5649388906626345
2026,INDIA,WR,MH,URBAN,Q5,1.389193866244074
2026,INDIA,WR,GA,RURAL,Q1,0.0
2026,INDIA,WR,GA,RURAL,Q2,0.0
2026,INDIA,WR,GA,RURAL,Q3,0.0
2026,INDIA,WR,GA,RURAL,Q4,0.0
2026,INDIA,WR,GA,RURAL,Q5,0.0
2026,INDIA,WR,GA,URBAN,Q1,0.0025578372212657
2026,INDIA,WR,GA,URBAN,Q2,0.0022736563308288
2026,INDIA,WR,GA,URBAN,Q3,0.0017487672609575
2026,INDIA,WR,GA,URBAN,Q4,0.0014574303062402
2026,INDIA,WR,GA,URBAN,Q5,0.0013665072133258
2026,INDIA,WR,UT,RURAL,Q1,0.0
2026,INDIA,WR,UT,RURAL,Q2,0.0
2026,INDIA,WR,UT,RURAL,Q3,0.0
2026,INDIA,WR,UT,RURAL,Q4,0.0
2026,INDIA,WR,UT,RURAL,Q5,0.0
2026,INDIA,WR,UT,URBAN,Q1,0.4307804957049819
2026,INDIA,WR,UT,URBAN,Q2,0.2368032944614637
2026,INDIA,WR,UT,URBAN,Q3,0.2037638820457003
2026,INDIA,WR,UT,URBAN,Q4,0.1986237941934768
2026,INDIA,WR,UT,URBAN,Q5,0.1834775430683218
2026,INDIA,NR,DL,RURAL,Q1,0.0
2026,INDIA,NR,DL,RURAL,Q2,0.0
2026,INDIA,NR,DL,RURAL,Q3,0.0
2026,INDIA,NR,DL,RURAL,Q4,0.0
2026,INDIA,NR,DL,RURAL,Q5,0.0
2026,INDIA,NR,DL,URBAN,Q1,2.8287341009281226
2026,INDIA,NR,DL,URBAN,Q2,2.0039524295822213
2026,INDIA,NR,DL,URBAN,Q3,1.3008134245971286
2026,INDIA,NR,DL,URBAN,Q4,1.0049751960831816
2026,INDIA,NR,DL,URBAN,Q5,1.6380701785472804
2026,INDIA,NR,HR,RURAL,Q1,0.0
2026,INDIA,NR,HR,RURAL,Q2,0.0
2026,INDIA,NR,HR,RURAL,Q3,0.0
2026,INDIA,NR,HR,RURAL,Q4,0.0
2026,INDIA,NR,HR,RURAL,Q5,0.0
2026,INDIA,NR,HR,URBAN,Q1,0.2717116601736716
2026,INDIA,NR,HR,URBAN,Q2,0.253799452131362
2026,INDIA,NR,HR,URBAN,Q3,0.2649223651806273
2026,INDIA,NR,HR,URBAN,Q4,0.2082245262712752
2026,INDIA,NR,HR,URBAN,Q5,0.1903128234575455
2026,INDIA,NR,HP,RURAL,Q1,0.0
2026,INDIA,NR,HP,RURAL,Q2,0.0
2026,INDIA,NR,HP,RURAL,Q3,0.0
2026,INDIA,NR,HP,RURAL,Q4,0.0
2026,INDIA,NR,HP,RURAL,Q5,0.0
2026,INDIA,NR,HP,URBAN,Q1,0.0
2026,INDIA,NR,HP,URBAN,Q2,0.0
2026,INDIA,NR,HP,URBAN,Q3,0.0
2026,INDIA,NR,HP,URBAN,Q4,0.0
2026,INDIA,NR,HP,URBAN,Q5,0.0
2026,INDIA,NR,JK,RURAL,Q1,0.0
2026,INDIA,NR,JK,RURAL,Q2,0.0
2026,INDIA,NR,JK,RURAL,Q3,0.0
2026,INDIA,NR,JK,RURAL,Q4,0.0
2026,INDIA,NR,JK,RURAL,Q5,0.0
2026,INDIA,NR,JK,URBAN,Q1,0.0
2026,INDIA,NR,JK,URBAN,Q2,0.0
2026,INDIA,NR,JK,URBAN,Q3,0.0
2026,INDIA,NR,JK,URBAN,Q4,0.0
2026,INDIA,NR,JK,URBAN,Q5,0.0
2026,INDIA,NR,PB,RURAL,Q1,0.0
2026,INDIA,NR,PB,RURAL,Q2,0.0
2026,INDIA,NR,PB,RURAL,Q3,0.0
2026,INDIA,NR,PB,RURAL,Q4,0.0
2026,INDIA,NR,PB,RURAL,Q5,0.0
2026,INDIA,NR,PB,URBAN,Q1,0.3215754251400773
2026,INDIA,NR,PB,URBAN,Q2,0.2364187239172735
2026,INDIA,NR,PB,URBAN,Q3,0.3173840319206631
2026,INDIA,NR,PB,URBAN,Q4,0.2136355903981456
2026,INDIA,NR,PB,URBAN,Q5,0.2120813163166881
2026,INDIA,NR,RJ,RURAL,Q1,0.0
2026,INDIA,NR,RJ,RURAL,Q2,0.0
2026,INDIA,NR,RJ,RURAL,Q3,0.0
2026,INDIA,NR,RJ,RURAL,Q4,0.0
2026,INDIA,NR,RJ,RURAL,Q5,0.0
2026,INDIA,NR,RJ,URBAN,Q1,0.0317105973984264
2026,INDIA,NR,RJ,URBAN,Q2,0.0286174077200256
2026,INDIA,NR,RJ,URBAN,Q3,0.0209150081812324
2026,INDIA,NR,RJ,URBAN,Q4,0.0225312116353456
2026,INDIA,NR,RJ,URBAN,Q5,0.0103820107087195
2026,INDIA,NR,UP,RURAL,Q1,0.0
2026,INDIA,NR,UP,RURAL,Q2,0.0
2026,INDIA,NR,UP,RURAL,Q3,0.0
2026,INDIA,NR,UP,RURAL,Q4,0.0
2026,INDIA,NR,UP,RURAL,Q5,0.0
2026,INDIA,NR,UP,URBAN,Q1,0.8524117309781359
2026,INDIA,NR,UP,URBAN,Q2,0.777942751123746
2026,INDIA,NR,UP,URBAN,Q3,0.6090100269376342
2026,INDIA,NR,UP,URBAN,Q4,0.6216083777205061
2026,INDIA,NR,UP,URBAN,Q5,0.4677830952774974
2026,INDIA,NR,UK,RURAL,Q1,0.0
2026,INDIA,NR,UK,RURAL,Q2,0.0
2026,INDIA,NR,UK,RURAL,Q3,0.0
2026,INDIA,NR,UK,RURAL,Q4,0.0
2026,INDIA,NR,UK,RURAL,Q5,0.0
2026,INDIA,NR,UK,URBAN,Q1,1.2284791720109265e-05
2026,INDIA,NR,UK,URBAN,Q2,1.3446113692142828e-05
2026,INDIA,NR,UK,URBAN,Q3,1.3195428930980876e-05
2026,INDIA,NR,UK,URBAN,Q4,1.1432894115141477e-05
2026,INDIA,NR,UK,URBAN,Q5,6.824707366531019e-06
2026,INDIA,SR,AP,RURAL,Q1,0.0
2026,INDIA,SR,AP,RURAL,Q2,0.0
2026,INDIA,SR,AP,RURAL,Q3,0.0
2026,INDIA,SR,AP,RURAL,Q4,0.0
2026,INDIA,SR,AP,RURAL,Q5,0.0
2026,INDIA,SR,AP,URBAN,Q1,0.0831497322823358
2026,INDIA,SR,AP,URBAN,Q2,0.0831484332578862
2026,INDIA,SR,AP,URBAN,Q3,0.0901923904681949
2026,INDIA,SR,AP,URBAN,Q4,0.0483178448502672
2026,INDIA,SR,AP,URBAN,Q5,0.0500410959427553
2026,INDIA,SR,KA,RURAL,Q1,0.0
2026,INDIA,SR,KA,RURAL,Q2,0.0
2026,INDIA,SR,KA,RURAL,Q3,0.0
2026,INDIA,SR,KA,RURAL,Q4,0.0
2026,INDIA,SR,KA,RURAL,Q5,0.0
2026,INDIA,SR,KA,URBAN,Q1,0.0101292613345883
2026,INDIA,SR,KA,URBAN,Q2,0.0072145673222239
2026,INDIA,SR,KA,URBAN,Q3,0.0073695514756644
2026,INDIA,SR,KA,URBAN,Q4,0.0068788744231778
2026,INDIA,SR,KA,URBAN,Q5,0.0049096308801444
2026,INDIA,SR,KL,RURAL,Q1,0.0
2026,INDIA,SR,KL,RURAL,Q2,0.0
2026,INDIA,SR,KL,RURAL,Q3,0.0
2026,INDIA,SR,KL,RURAL,Q4,0.0
2026,INDIA,SR,KL,RURAL,Q5,0.0
2026,INDIA,SR,KL,URBAN,Q1,0.004155213024693
2026,INDIA,SR,KL,URBAN,Q2,0.0038070810762483
2026,INDIA,SR,KL,URBAN,Q3,0.0026490536059098
2026,INDIA,SR,KL,URBAN,Q4,0.0030242530973495
2026,INDIA,SR,KL,URBAN,Q5,0.0023598390667374
2026,INDIA,SR,TN,RURAL,Q1,0.0
2026,INDIA,SR,TN,RURAL,Q2,0.0
2026,INDIA,SR,TN,RURAL,Q3,0.0
2026,INDIA,SR,TN,RURAL,Q4,0.0
2026,INDIA,SR,TN,RURAL,Q5,0.0
2026,INDIA,SR,TN,URBAN,Q1,0.0
2026,INDIA,SR,TN,URBAN,Q2,0.0
2026,INDIA,SR,TN,URBAN,Q3,0.0
2026,INDIA,SR,TN,URBAN,Q4,0.0
2026,INDIA,SR,TN,URBAN,Q5,0.0
2026,INDIA,SR,TS,RURAL,Q1,0.0
2026,INDIA,SR,TS,RURAL,Q2,0.0
2026,INDIA,SR,TS,RURAL,Q3,0.0
2026,INDIA,SR,TS,RURAL,Q4,0.0
2026,INDIA,SR,TS,RURAL,Q5,0.0
2026,INDIA,SR,TS,URBAN,Q1,0.0791779151154943
2026,INDIA,SR,TS,URBAN,Q2,0.077672709197952
2026,INDIA,SR,TS,URBAN,Q3,0.0840084572299601
2026,INDIA,SR,TS,URBAN,Q4,0.0450049896834579
2026,INDIA,SR,TS,URBAN,Q5,0.0466100881285514
2026,INDIA,NER,AS,RURAL,Q1,0.0
2026,INDIA,NER,AS,RURAL,Q2,0.0
2026,INDIA,NER,AS,RURAL,Q3,0.0
2026,INDIA,NER,AS,RURAL,Q4,0.0
2026,INDIA,NER,AS,RURAL,Q5,0.0
2026,INDIA,NER,AS,URBAN,Q1,0.0824196459937702
2026,INDIA,NER,AS,URBAN,Q2,0.0719060041393163
2026,INDIA,NER,AS,URBAN,Q3,0.0855457630586889
2026,INDIA,NER,AS,URBAN,Q4,0.0503720812856603
2026,INDIA,NER,AS,URBAN,Q5,0.0557714190315461
2026,INDIA,NER,NE,RURAL,Q1,0.0
2026,INDIA,NER,NE,RURAL,Q2,0.0
2026,INDIA,NER,NE,RURAL,Q3,0.0
2026,INDIA,NER,NE,RURAL,Q4,0.0
2026,INDIA,NER,NE,RURAL,Q5,0.0
2026,INDIA,NER,NE,URBAN,Q1,0.0975956724376984
2026,INDIA,NER,NE,URBAN,Q2,0.0879956711107196
2026,INDIA,NER,NE,URBAN,Q3,0.095693555289251
2026,INDIA,NER,NE,URBAN,Q4,0.0862331350056635
2026,INDIA,NER,NE,URBAN,Q5,0.0766310581412156
2027,INDIA,ER,BR,RURAL,Q1,0.0
2027,INDIA,ER,BR,RURAL,Q2,0.0
2027,INDIA,ER,BR,RURAL,Q3,0.0
2027,INDIA,ER,BR,RURAL,Q4,0.0
2027,INDIA,ER,BR,RURAL,Q5,0.0
2027,INDIA,ER,BR,URBAN,Q1,0.0
2027,INDIA,ER,BR,URBAN,Q2,0.0
2027,INDIA,ER,BR,URBAN,Q3,0.0
2027,INDIA,ER,BR,URBAN,Q4,0.0
2027,INDIA,ER,BR,URBAN,Q5,0.0
2027,INDIA,ER,JH,RURAL,Q1,0.0
2027,INDIA,ER,JH,RURAL,Q2,0.0
2027,INDIA,ER,JH,RURAL,Q3,0.0
2027,INDIA,ER,JH,RURAL,Q4,0.0
2027,INDIA,ER,JH,RURAL,Q5,0.0
2027,INDIA,ER,JH,URBAN,Q1,0.0
2027,INDIA,ER,JH,URBAN,Q2,0.0
2027,INDIA,ER,JH,URBAN,Q3,0.0
2027,INDIA,ER,JH,URBAN,Q4,0.0
2027,INDIA,ER,JH,URBAN,Q5,0.0
2027,INDIA,ER,OD,RURAL,Q1,0.0
2027,INDIA,ER,OD,RURAL,Q2,0.0
2027,INDIA,ER,OD,RURAL,Q3,0.0
2027,INDIA,ER,OD,RURAL,Q4,0.0
2027,INDIA,ER,OD,RURAL,Q5,0.0
2027,INDIA,ER,OD,URBAN,Q1,0.0
2027,INDIA,ER,OD,URBAN,Q2,0.0
2027,INDIA,ER,OD,URBAN,Q3,0.0
2027,INDIA,ER,OD,URBAN,Q4,0.0
2027,INDIA,ER,OD,URBAN,Q5,0.0
2027,INDIA,ER,WB,RURAL,Q1,0.0
2027,INDIA,ER,WB,RURAL,Q2,0.0
2027,INDIA,ER,WB,RURAL,Q3,0.0
2027,INDIA,ER,WB,RURAL,Q4,0.0
2027,INDIA,ER,WB,RURAL,Q5,0.0
2027,INDIA,ER,WB,URBAN,Q1,0.0214782699247232
2027,INDIA,ER,WB,URBAN,Q2,0.0202378192647779
2027,INDIA,ER,WB,URBAN,Q3,0.0159582235557472
2027,INDIA,ER,WB,URBAN,Q4,0.0158674932358312
2027,INDIA,ER,WB,URBAN,Q5,0.0141036765183832
2027,INDIA,WR,CG,RURAL,Q1,0.0
2027,INDIA,WR,CG,RURAL,Q2,0.0
2027,INDIA,WR,CG,RURAL,Q3,0.0
2027,INDIA,WR,CG,RURAL,Q4,0.0
2027,INDIA,WR,CG,RURAL,Q5,0.0
2027,INDIA,WR,CG,URBAN,Q1,0.0
2027,INDIA,WR,CG,URBAN,Q2,0.0
2027,INDIA,WR,CG,URBAN,Q3,0.0
2027,INDIA,WR,CG,URBAN,Q4,0.0
2027,INDIA,WR,CG,URBAN,Q5,0.0
2027,INDIA,WR,GJ,RURAL,Q1,0.0515242217140258
2027,INDIA,WR,GJ,RURAL,Q2,0.0560646861040537
2027,INDIA,WR,GJ,RURAL,Q3,0.0564562815130799
2027,INDIA,WR,GJ,RURAL,Q4,0.0536224718451902
2027,INDIA,WR,GJ,RURAL,Q5,0.048966239710244
2027,INDIA,WR,GJ,URBAN,Q1,4.143369542597763
2027,INDIA,WR,GJ,URBAN,Q2,2.716150639014945
2027,INDIA,WR,GJ,URBAN,Q3,2.4374961507361284
2027,INDIA,WR,GJ,URBAN,Q4,1.791446686874831
2027,INDIA,WR,GJ,URBAN,Q5,2.9220539509345818
2027,INDIA,WR,MP,RURAL,Q1,0.0
2027,INDIA,WR,MP,RURAL,Q2,0.0
2027,INDIA,WR,MP,RURAL,Q3,0.0
2027,INDIA,WR,MP,RURAL,Q4,0.0
2027,INDIA,WR,MP,RURAL,Q5,0.0
2027,INDIA,WR,MP,URBAN,Q1,0.1936257128982655
2027,INDIA,WR,MP,URBAN,Q2,0.2267989046499395
2027,INDIA,WR,MP,URBAN,Q3,0.199930473138747
2027,INDIA,WR,MP,URBAN,Q4,0.1337182841330349
2027,INDIA,WR,MP,URBAN,Q5,0.1068436009738009
2027,INDIA,WR,MH,RURAL,Q1,0.0
2027,INDIA,WR,MH,RURAL,Q2,0.0
2027,INDIA,WR,MH,RURAL,Q3,0.0
2027,INDIA,WR,MH,RURAL,Q4,0.0
2027,INDIA,WR,MH,RURAL,Q5,0.0
2027,INDIA,WR,MH,URBAN,Q1,3.211216572047669
2027,INDIA,WR,MH,URBAN,Q2,2.359417391677213
2027,INDIA,WR,MH,URBAN,Q3,1.9197722923083544
2027,INDIA,WR,MH,URBAN,Q4,1.6500751572260437
2027,INDIA,WR,MH,URBAN,Q5,1.4637591526397753
2027,INDIA,WR,GA,RURAL,Q1,0.0
2027,INDIA,WR,GA,RURAL,Q2,0.0
2027,INDIA,WR,GA,RURAL,Q3,0.0
2027,INDIA,WR,GA,RURAL,Q4,0.0
2027,INDIA,WR,GA,RURAL,Q5,0.0
2027,INDIA,WR,GA,URBAN,Q1,0.0045316699036793
2027,INDIA,WR,GA,URBAN,Q2,0.0040384280320634
2027,INDIA,WR,GA,URBAN,Q3,0.0030774377078926
2027,INDIA,WR,GA,URBAN,Q4,0.0025647500847737
2027,INDIA,WR,GA,URBAN,Q5,0.0024047458566022
2027,INDIA,WR,UT,RURAL,Q1,0.0
2027,INDIA,WR,UT,RURAL,Q2,0.0
2027,INDIA,WR,UT,RURAL,Q3,0.0
2027,INDIA,WR,UT,RURAL,Q4,0.0
2027,INDIA,WR,UT,RURAL,Q5,0.0
2027,INDIA,WR,UT,URBAN,Q1,0.4664374027419824
2027,INDIA,WR,UT,URBAN,Q2,0.25037840380295
2027,INDIA,WR,UT,URBAN,Q3,0.2161831259979054
2027,INDIA,WR,UT,URBAN,Q4,0.2106362890633814
2027,INDIA,WR,UT,URBAN,Q5,0.1952443016738639
2027,INDIA,NR,DL,RURAL,Q1,0.0
2027,INDIA,NR,DL,RURAL,Q2,0.0
2027,INDIA,NR,DL,RURAL,Q3,0.0
2027,INDIA,NR,DL,RURAL,Q4,0.0
2027,INDIA,NR,DL,RURAL,Q5,0.0
2027,INDIA,NR,DL,URBAN,Q1,3.029379838777277
2027,INDIA,NR,DL,URBAN,Q2,2.1243612505415848
2027,INDIA,NR,DL,URBAN,Q3,1.363977243560264
2027,INDIA,NR,DL,URBAN,Q4,1.0535720209759447
2027,INDIA,NR,DL,URBAN,Q5,1.752327651589633
2027,INDIA,NR,HR,RURAL,Q1,0.0
2027,INDIA,NR,HR,RURAL,Q2,0.0
2027,INDIA,NR,HR,RURAL,Q3,0.0
2027,INDIA,NR,HR,RURAL,Q4,0.0
2027,INDIA,NR,HR,RURAL,Q5,0.0
2027,INDIA,NR,HR,URBAN,Q1,0.3161124452398993
2027,INDIA,NR,HR,URBAN,Q2,0.2938542852330482
2027,INDIA,NR,HR,URBAN,Q3,0.3082243478706786
2027,INDIA,NR,HR,URBAN,Q4,0.2420299495560006
2027,INDIA,NR,HR,URBAN,Q5,0.2207711131389258
2027,INDIA,NR,HP,RURAL,Q1,0.0
2027,INDIA,NR,HP,RURAL,Q2,0.0
2027,INDIA,NR,HP,RURAL,Q3,0.0
2027,INDIA,NR,HP,RURAL,Q4,0.0
2027,INDIA,NR,HP,RURAL,Q5,0.0
2027,INDIA,NR,HP,URBAN,Q1,0.0
2027,INDIA,NR,HP,URBAN,Q2,0.0
2027,INDIA,NR,HP,URBAN,Q3,0.0
2027,INDIA,NR,HP,URBAN,Q4,0.0
2027,INDIA,NR,HP,URBAN,Q5,0.0
2027,INDIA,NR,JK,RURAL,Q1,0.0
2027,INDIA,NR,JK,RURAL,Q2,0.0
2027,INDIA,NR,JK,RURAL,Q3,0.0
2027,INDIA,NR,JK,RURAL,Q4,0.0
2027,INDIA,NR,JK,RURAL,Q5,0.0
2027,INDIA,NR,JK,URBAN,Q1,0.0
2027,INDIA,NR,JK,URBAN,Q2,0.0
2027,INDIA,NR,JK,URBAN,Q3,0.0
2027,INDIA,NR,JK,URBAN,Q4,0.0
2027,INDIA,NR,JK,URBAN,Q5,0.0
2027,INDIA,NR,PB,RURAL,Q1,0.0
2027,INDIA,NR,PB,RURAL,Q2,0.0
2027,INDIA,NR,PB,RURAL,Q3,0.0
2027,INDIA,NR,PB,RURAL,Q4,0.0
2027,INDIA,NR,PB,RURAL,Q5,0.0
2027,INDIA,NR,PB,URBAN,Q1,0.391271737898348
2027,INDIA,NR,PB,URBAN,Q2,0.2838696864172571
2027,INDIA,NR,PB,URBAN,Q3,0.387999441351389
2027,INDIA,NR,PB,URBAN,Q4,0.256043889964217
2027,INDIA,NR,PB,URBAN,Q5,0.2559568546207784
2027,INDIA,NR,RJ,RURAL,Q1,0.0
2027,INDIA,NR,RJ,RURAL,Q2,0.0
2027,INDIA,NR,RJ,RURAL,Q3,0.0
2027,INDIA,NR,RJ,RURAL,Q4,0.0
2027,INDIA,NR,RJ,RURAL,Q5,0.0
2027,INDIA,NR,RJ,URBAN,Q1,0.0544658341558972
2027,INDIA,NR,RJ,URBAN,Q2,0.0485671392463764
2027,INDIA,NR,RJ,URBAN,Q3,0.0348924306022484
2027,INDIA,NR,RJ,URBAN,Q4,0.0378251334788882
2027,INDIA,NR,RJ,URBAN,Q5,0.017071050739755
2027,INDIA,NR,UP,RURAL,Q1,0.0
2027,INDIA,NR,UP,RURAL,Q2,0.0
2027,INDIA,NR,UP,RURAL,Q3,0.0
2027,INDIA,NR,UP,RURAL,Q4,0.0
2027,INDIA,NR,UP,RURAL,Q5,0.0
2027,INDIA,NR,UP,URBAN,Q1,1.1766890886037096
2027,INDIA,NR,UP,URBAN,Q2,1.0651788795963644
2027,INDIA,NR,UP,URBAN,Q3,0.8204113613265999
2027,INDIA,NR,UP,URBAN,Q4,0.8421441462938073
2027,INDIA,NR,UP,URBAN,Q5,0.6262652529078276
2027,INDIA,NR,UK,RURAL,Q1,0.0
2027,INDIA,NR,UK,RURAL,Q2,0.0
2027,INDIA,NR,UK,RURAL,Q3,0.0
2027,INDIA,NR,UK,RURAL,Q4,0.0
2027,INDIA,NR,UK,RURAL,Q5,0.0
2027,INDIA,NR,UK,URBAN,Q1,4.948500182965297e-05
2027,INDIA,NR,UK,URBAN,Q2,5.413251725557335e-05
2027,INDIA,NR,UK,URBAN,Q3,5.3411563724385904e-05
2027,INDIA,NR,UK,URBAN,Q4,4.627729464339915e-05
2027,INDIA,NR,UK,URBAN,Q5,2.730345814539329e-05
2027,INDIA,SR,AP,RURAL,Q1,0.0
2027,INDIA,SR,AP,RURAL,Q2,0.0
2027,INDIA,SR,AP,RURAL,Q3,0.0
2027,INDIA,SR,AP,RURAL,Q4,0.0
2027,INDIA,SR,AP,RURAL,Q5,0.0
2027,INDIA,SR,AP,URBAN,Q1,0.1149266449453396
2027,INDIA,SR,AP,URBAN,Q2,0.1145980067754981
2027,INDIA,SR,AP,URBAN,Q3,0.1256293244846009
2027,INDIA,SR,AP,URBAN,Q4,0.065992889385033
2027,INDIA,SR,AP,URBAN,Q5,0.0683497927333874
2027,INDIA,SR,KA,RURAL,Q1,0.0
2027,INDIA,SR,KA,RURAL,Q2,0.0
2027,INDIA,SR,KA,RURAL,Q3,0.0
2027,INDIA,SR,KA,RURAL,Q4,0.0
2027,INDIA,SR,KA,RURAL,Q5,0.0
2027,INDIA,SR,KA,URBAN,Q1,0.0238600740596111
2027,INDIA,SR,KA,URBAN,Q2,0.0165933265954503
2027,INDIA,SR,KA,URBAN,Q3,0.0170750574914471
2027,INDIA,SR,KA,URBAN,Q4,0.0159750061442023
2027,INDIA,SR,KA,URBAN,Q5,0.0113465792062408
2027,INDIA,SR,KL,RURAL,Q1,0.0
2027,INDIA,SR,KL,RURAL,Q2,0.0
2027,INDIA,SR,KL,RURAL,Q3,0.0
2027,INDIA,SR,KL,RURAL,Q4,0.0
2027,INDIA,SR,KL,RURAL,Q5,0.0
2027,INDIA,SR,KL,URBAN,Q1,0.0093749672180229
2027,INDIA,SR,KL,URBAN,Q2,0.0084858101922114
2027,INDIA,SR,KL,URBAN,Q3,0.005782373830155
2027,INDIA,SR,KL,URBAN,Q4,0.0066654178454403
2027,INDIA,SR,KL,URBAN,Q5,0.0051267548334592
2027,INDIA,SR,TN,RURAL,Q1,0.0
2027,INDIA,SR,TN,RURAL,Q2,0.0
2027,INDIA,SR,TN,RURAL,Q3,0.0
2027,INDIA,SR,TN,RURAL,Q4,0.0
2027,INDIA,SR,TN,RURAL,Q5,0.0
2027,INDIA,SR,TN,URBAN,Q1,0.0
2027,INDIA,SR,TN,URBAN,Q2,0.0
2027,INDIA,SR,TN,URBAN,Q3,0.0
2027,INDIA,SR,TN,URBAN,Q4,0.0
2027,INDIA,SR,TN,URBAN,Q5,0.0
2027,INDIA,SR,TS,RURAL,Q1,0.0
2027,INDIA,SR,TS,RURAL,Q2,0.0
2027,INDIA,SR,TS,RURAL,Q3,0.0
2027,INDIA,SR,TS,RURAL,Q4,0.0
2027,INDIA,SR,TS,RURAL,Q5,0.0
2027,INDIA,SR,TS,URBAN,Q1,0.1089513087195358
2027,INDIA,SR,TS,URBAN,Q2,0.1068828878343164
2027,INDIA,SR,TS,URBAN,Q3,0.1170157043611678
2027,INDIA,SR,TS,URBAN,Q4,0.0614681680881347
2027,INDIA,SR,TS,URBAN,Q5,0.0636634732571336
2027,INDIA,NER,AS,RURAL,Q1,0.0
2027,INDIA,NER,AS,RURAL,Q2,0.0
2027,INDIA,NER,AS,RURAL,Q3,0.0
2027,INDIA,NER,AS,RURAL,Q4,0.0
2027,INDIA,NER,AS,RURAL,Q5,0.0
2027,INDIA,NER,AS,URBAN,Q1,0.0884036982384132
2027,INDIA,NER,AS,URBAN,Q2,0.0762264834310979
2027,INDIA,NER,AS,URBAN,Q3,0.0908979124701801
2027,INDIA,NER,AS,URBAN,Q4,0.0529852168390132
2027,INDIA,NER,AS,URBAN,Q5,0.0591530478774003
2027,INDIA,NER,NE,RURAL,Q1,0.0
2027,INDIA,NER,NE,RURAL,Q2,0.0
2027,INDIA,NER,NE,RURAL,Q3,0.0
2027,INDIA,NER,NE,RURAL,Q4,0.0
2027,INDIA,NER,NE,RURAL,Q5,0.0
2027,INDIA,NER,NE,URBAN,Q1,0.1076646646952101
2027,INDIA,NER,NE,URBAN,Q2,0.0954920144190338
2027,INDIA,NER,NE,URBAN,Q3,0.1041570383934952
2027,INDIA,NER,NE,URBAN,Q4,0.0934827000760115
2027,INDIA,NER,NE,URBAN,Q5,0.0831635913923743
2028,INDIA,ER,BR,RURAL,Q1,0.0
2028,INDIA,ER,BR,RURAL,Q2,0.0
2028,INDIA,ER,BR,RURAL,Q3,0.0
2028,INDIA,ER,BR,RURAL,Q4,0.0
2028,INDIA,ER,BR,RURAL,Q5,0.0
2028,INDIA,ER,BR,URBAN,Q1,0.0
2028,INDIA,ER,BR,URBAN,Q2,0.0
2028,INDIA,ER,BR,URBAN,Q3,0.0
2028,INDIA,ER,BR,URBAN,Q4,0.0
2028,INDIA,ER,BR,URBAN,Q5,0.0
2028,INDIA,ER,JH,RURAL,Q1,0.0
2028,INDIA,ER,JH,RURAL,Q2,0.0
2028,INDIA,ER,JH,RURAL,Q3,0.0
2028,INDIA,ER,JH,RURAL,Q4,0.0
2028,INDIA,ER,JH,RURAL,Q5,0.0
2028,INDIA,ER,JH,URBAN,Q1,0.0
2028,INDIA,ER,JH,URBAN,Q2,0.0
2028,INDIA,ER,JH,URBAN,Q3,0.0
2028,INDIA,ER,JH,URBAN,Q4,0.0
2028,INDIA,ER,JH,URBAN,Q5,0.0
2028,INDIA,ER,OD,RURAL,Q1,0.0
2028,INDIA,ER,OD,RURAL,Q2,0.0
2028,INDIA,ER,OD,RURAL,Q3,0.0
2028,INDIA,ER,OD,RURAL,Q4,0.0
2028,INDIA,ER,OD,RURAL,Q5,0.0
2028,INDIA,ER,OD,URBAN,Q1,0.0
2028,INDIA,ER,OD,URBAN,Q2,0.0
2028,INDIA,ER,OD,URBAN,Q3,0.0
2028,INDIA,ER,OD,URBAN,Q4,0.0
2028,INDIA,ER,OD,URBAN,Q5,0.0
2028,INDIA,ER,WB,RURAL,Q1,0.0
2028,INDIA,ER,WB,RURAL,Q2,0.0
2028,INDIA,ER,WB,RURAL,Q3,0.0
2028,INDIA,ER,WB,RURAL,Q4,0.0
2028,INDIA,ER,WB,RURAL,Q5,0.0
2028,INDIA,ER,WB,URBAN,Q1,0.0337392367772204
2028,INDIA,ER,WB,URBAN,Q2,0.0312481146338566
2028,INDIA,ER,WB,URBAN,Q3,0.0242319115716875
2028,INDIA,ER,WB,URBAN,Q4,0.0239543001543275
2028,INDIA,ER,WB,URBAN,Q5,0.0211989567526237
2028,INDIA,WR,CG,RURAL,Q1,0.0
2028,INDIA,WR,CG,RURAL,Q2,0.0
2028,INDIA,WR,CG,RURAL,Q3,0.0
2028,INDIA,WR,CG,RURAL,Q4,0.0
2028,INDIA,WR,CG,RURAL,Q5,0.0
2028,INDIA,WR,CG,URBAN,Q1,0.0
2028,INDIA,WR,CG,URBAN,Q2,0.0
2028,INDIA,WR,CG,URBAN,Q3,0.0
2028,INDIA,WR,CG,URBAN,Q4,0.0
2028,INDIA,WR,CG,URBAN,Q5,0.0
2028,INDIA,WR,GJ,RURAL,Q1,0.0620609326612573
2028,INDIA,WR,GJ,RURAL,Q2,0.0673508521876231
2028,INDIA,WR,GJ,RURAL,Q3,0.0673137751687295
2028,INDIA,WR,GJ,RURAL,Q4,0.0637926853863953
2028,INDIA,WR,GJ,RURAL,Q5,0.057297220598769
2028,INDIA,WR,GJ,URBAN,Q1,4.28745675780556
2028,INDIA,WR,GJ,URBAN,Q2,2.7471621224382905
2028,INDIA,WR,GJ,URBAN,Q3,2.461817089727932
2028,INDIA,WR,GJ,URBAN,Q4,1.807870010644008
2028,INDIA,WR,GJ,URBAN,Q5,3.005583840847705
2028,INDIA,WR,MP,RURAL,Q1,0.0
2028,INDIA,WR,MP,RURAL,Q2,0.0
2028,INDIA,WR,MP,RURAL,Q3,0.0
2028,INDIA,WR,MP,RURAL,Q4,0.0
2028,INDIA,WR,MP,RURAL,Q5,0.0
2028,INDIA,WR,MP,URBAN,Q1,0.2589529649364102
2028,INDIA,WR,MP,URBAN,Q2,0.298344059045672
2028,INDIA,WR,MP,URBAN,Q3,0.2621886645817319
2028,INDIA,WR,MP,URBAN,Q4,0.1732608868503485
2028,INDIA,WR,MP,URBAN,Q5,0.1384389366386297
2028,INDIA,WR,MH,RURAL,Q1,0.0
2028,INDIA,WR,MH,RURAL,Q2,0.0
2028,INDIA,WR,MH,RURAL,Q3,0.0
2028,INDIA,WR,MH,RURAL,Q4,0.0
2028,INDIA,WR,MH,RURAL,Q5,0.0
2028,INDIA,WR,MH,URBAN,Q1,3.442261752201865
2028,INDIA,WR,MH,URBAN,Q2,2.4915452151074966
2028,INDIA,WR,MH,URBAN,Q3,2.017594612092283
2028,INDIA,WR,MH,URBAN,Q4,1.740327455518338
2028,INDIA,WR,MH,URBAN,Q5,1.5427561771320386
2028,INDIA,WR,GA,RURAL,Q1,0.0
2028,INDIA,WR,GA,RURAL,Q2,0.0
2028,INDIA,WR,GA,RURAL,Q3,0.0
2028,INDIA,WR,GA,RURAL,Q4,0.0
2028,INDIA,WR,GA,RURAL,Q5,0.0
2028,INDIA,WR,GA,URBAN,Q1,0.0080285380186407
2028,INDIA,WR,GA,URBAN,Q2,0.0071728658965184
2028,INDIA,WR,GA,URBAN,Q3,0.005415510021825
2028,INDIA,WR,GA,URBAN,Q4,0.004513309807624
2028,INDIA,WR,GA,URBAN,Q5,0.0042317429384199
2028,INDIA,WR,UT,RURAL,Q1,0.0
2028,INDIA,WR,UT,RURAL,Q2,0.0
2028,INDIA,WR,UT,RURAL,Q3,0.0
2028,INDIA,WR,UT,RURAL,Q4,0.0
2028,INDIA,WR,UT,RURAL,Q5,0.0
2028,INDIA,WR,UT,URBAN,Q1,0.5049467934299753
2028,INDIA,WR,UT,URBAN,Q2,0.2647849990714121
2028,INDIA,WR,UT,URBAN,Q3,0.2294054668666833
2028,INDIA,WR,UT,URBAN,Q4,0.2234202331048037
2028,INDIA,WR,UT,URBAN,Q5,0.2078074931434182
2028,INDIA,NR,DL,RURAL,Q1,0.0
2028,INDIA,NR,DL,RURAL,Q2,0.0
2028,INDIA,NR,DL,RURAL,Q3,0.0
2028,INDIA,NR,DL,RURAL,Q4,0.0
2028,INDIA,NR,DL,RURAL,Q5,0.0
2028,INDIA,NR,DL,URBAN,Q1,3.243495119181339
2028,INDIA,NR,DL,URBAN,Q2,2.2517307287212134
2028,INDIA,NR,DL,URBAN,Q3,1.4300779950626263
2028,INDIA,NR,DL,URBAN,Q4,1.1044406292071691
2028,INDIA,NR,DL,URBAN,Q5,1.8744220496042756
2028,INDIA,NR,HR,RURAL,Q1,0.0
2028,INDIA,NR,HR,RURAL,Q2,0.0
2028,INDIA,NR,HR,RURAL,Q3,0.0
2028,INDIA,NR,HR,RURAL,Q4,0.0
2028,INDIA,NR,HR,RURAL,Q5,0.0
2028,INDIA,NR,HR,URBAN,Q1,0.3668130961018592
2028,INDIA,NR,HR,URBAN,Q2,0.3396898146845487
2028,INDIA,NR,HR,URBAN,Q3,0.3581240470558859
2028,INDIA,NR,HR,URBAN,Q4,0.2810100054930944
2028,INDIA,NR,HR,URBAN,Q5,0.2558184646034235
2028,INDIA,NR,HP,RURAL,Q1,0.0
2028,INDIA,NR,HP,RURAL,Q2,0.0
2028,INDIA,NR,HP,RURAL,Q3,0.0
2028,INDIA,NR,HP,RURAL,Q4,0.0
2028,INDIA,NR,HP,RURAL,Q5,0.0
2028,INDIA,NR,HP,URBAN,Q1,0.0
2028,INDIA,NR,HP,URBAN,Q2,0.0
2028,INDIA,NR,HP,URBAN,Q3,0.0
2028,INDIA,NR,HP,URBAN,Q4,0.0
2028,INDIA,NR,HP,URBAN,Q5,0.0
2028,INDIA,NR,JK,RURAL,Q1,0.0
2028,INDIA,NR,JK,RURAL,Q2,0.0
2028,INDIA,NR,JK,RURAL,Q3,0.0
2028,INDIA,NR,JK,RURAL,Q4,0.0
2028,INDIA,NR,JK,RURAL,Q5,0.0
2028,INDIA,NR,JK,URBAN,Q1,0.0
2028,INDIA,NR,JK,URBAN,Q2,0.0
2028,INDIA,NR,JK,URBAN,Q3,0.0
2028,INDIA,NR,JK,URBAN,Q4,0.0
2028,INDIA,NR,JK,URBAN,Q5,0.0
2028,INDIA,NR,PB,RURAL,Q1,0.0
2028,INDIA,NR,PB,RURAL,Q2,0.0
2028,INDIA,NR,PB,RURAL,Q3,0.0
2028,INDIA,NR,PB,RURAL,Q4,0.0
2028,INDIA,NR,PB,RURAL,Q5,0.0
2028,INDIA,NR,PB,URBAN,Q1,0.4623966227949609
2028,INDIA,NR,PB,URBAN,Q2,0.3313523947436869
2028,INDIA,NR,PB,URBAN,Q3,0.4612278572736073
2028,INDIA,NR,PB,URBAN,Q4,0.2984277749199742
2028,INDIA,NR,PB,URBAN,Q5,0.3004020836998925
2028,INDIA,NR,RJ,RURAL,Q1,0.0
2028,INDIA,NR,RJ,RURAL,Q2,0.0
2028,INDIA,NR,RJ,RURAL,Q3,0.0
2028,INDIA,NR,RJ,RURAL,Q4,0.0
2028,INDIA,NR,RJ,RURAL,Q5,0.0
2028,INDIA,NR,RJ,URBAN,Q1,0.0918303032030592
2028,INDIA,NR,RJ,URBAN,Q2,0.0814284682831117
2028,INDIA,NR,RJ,URBAN,Q3,0.0578410030496865
2028,INDIA,NR,RJ,URBAN,Q4,0.0634198663314552
2028,INDIA,NR,RJ,URBAN,Q5,0.0280498912454901
2028,INDIA,NR,UP,RURAL,Q1,0.0
2028,INDIA,NR,UP,RURAL,Q2,0.0
2028,INDIA,NR,UP,RURAL,Q3,0.0
2028,INDIA,NR,UP,RURAL,Q4,0.0
2028,INDIA,NR,UP,RURAL,Q5,0.0
2028,INDIA,NR,UP,URBAN,Q1,1.6175411219067226
2028,INDIA,NR,UP,URBAN,Q2,1.4526438902690149
2028,INDIA,NR,UP,URBAN,Q3,1.1016180972728205
2028,INDIA,NR,UP,URBAN,Q4,1.137860599488128
2028,INDIA,NR,UP,URBAN,Q5,0.8365925533866261
2028,INDIA,NR,UK,RURAL,Q1,0.0
2028,INDIA,NR,UK,RURAL,Q2,0.0
2028,INDIA,NR,UK,RURAL,Q3,0.0
2028,INDIA,NR,UK,RURAL,Q4,0.0
2028,INDIA,NR,UK,RURAL,Q5,0.0
2028,INDIA,NR,UK,URBAN,Q1,0.0001992992871165
2028,INDIA,NR,UK,URBAN,Q2,0.0002180271481721
2028,INDIA,NR,UK,URBAN,Q3,0.0002162907671672
2028,INDIA,NR,UK,URBAN,Q4,0.0001874004590559
2028,INDIA,NR,UK,URBAN,Q5,0.0001092803773051
2028,INDIA,SR,AP,RURAL,Q1,0.0
2028,INDIA,SR,AP,RURAL,Q2,0.0
2028,INDIA,SR,AP,RURAL,Q3,0.0
2028,INDIA,SR,AP,RURAL,Q4,0.0
2028,INDIA,SR,AP,RURAL,Q5,0.0
2028,INDIA,SR,AP,URBAN,Q1,0.1584770960118091
2028,INDIA,SR,AP,URBAN,Q2,0.1576625362335958
2028,INDIA,SR,AP,URBAN,Q3,0.1747300545454382
2028,INDIA,SR,AP,URBAN,Q4,0.0899999344437768
2028,INDIA,SR,AP,URBAN,Q5,0.0932187021528565
2028,INDIA,SR,KA,RURAL,Q1,0.0
2028,INDIA,SR,KA,RURAL,Q2,0.0
2028,INDIA,SR,KA,RURAL,Q3,0.0
2028,INDIA,SR,KA,RURAL,Q4,0.0
2028,INDIA,SR,KA,RURAL,Q5,0.0
2028,INDIA,SR,KA,URBAN,Q1,0.0555424206264314
2028,INDIA,SR,KA,URBAN,Q2,0.0381463626703166
2028,INDIA,SR,KA,URBAN,Q3,0.0395605438876147
2028,INDIA,SR,KA,URBAN,Q4,0.0370974149458582
2028,INDIA,SR,KA,URBAN,Q5,0.0262216500727165
2028,INDIA,SR,KL,RURAL,Q1,0.0
2028,INDIA,SR,KL,RURAL,Q2,0.0
2028,INDIA,SR,KL,RURAL,Q3,0.0
2028,INDIA,SR,KL,RURAL,Q4,0.0
2028,INDIA,SR,KL,RURAL,Q5,0.0
2028,INDIA,SR,KL,URBAN,Q1,0.0211223554074299
2028,INDIA,SR,KL,URBAN,Q2,0.0189211665500083
2028,INDIA,SR,KL,URBAN,Q3,0.0126345840399096
2028,INDIA,SR,KL,URBAN,Q4,0.0147096322891924
2028,INDIA,SR,KL,URBAN,Q5,0.0111546338904017
2028,INDIA,SR,TN,RURAL,Q1,0.0
2028,INDIA,SR,TN,RURAL,Q2,0.0
2028,INDIA,SR,TN,RURAL,Q3,0.0
2028,INDIA,SR,TN,RURAL,Q4,0.0
2028,INDIA,SR,TN,RURAL,Q5,0.0
2028,INDIA,SR,TN,URBAN,Q1,0.0
2028,INDIA,SR,TN,URBAN,Q2,0.0
2028,INDIA,SR,TN,URBAN,Q3,0.0
2028,INDIA,SR,TN,URBAN,Q4,0.0
2028,INDIA,SR,TN,URBAN,Q5,0.0
2028,INDIA,SR,TS,RURAL,Q1,0.0
2028,INDIA,SR,TS,RURAL,Q2,0.0
2028,INDIA,SR,TS,RURAL,Q3,0.0
2028,INDIA,SR,TS,RURAL,Q4,0.0
2028,INDIA,SR,TS,RURAL,Q5,0.0
2028,INDIA,SR,TS,URBAN,Q1,0.1496980980739881
2028,INDIA,SR,TS,URBAN,Q2,0.1468599402141839
2028,INDIA,SR,TS,URBAN,Q3,0.1627499016737419
2028,INDIA,SR,TS,URBAN,Q4,0.0838291988145568
2028,INDIA,SR,TS,URBAN,Q5,0.086827275645278
2028,INDIA,NER,AS,RURAL,Q1,0.0
2028,INDIA,NER,AS,RURAL,Q2,0.0
2028,INDIA,NER,AS,RURAL,Q3,0.0
2028,INDIA,NER,AS,RURAL,Q4,0.0
2028,INDIA,NER,AS,RURAL,Q5,0.0
2028,INDIA,NER,AS,URBAN,Q1,0.0946764791508576
2028,INDIA,NER,AS,URBAN,Q2,0.0807852342608395
2028,INDIA,NER,AS,URBAN,Q3,0.0965939938639136
2028,INDIA,NER,AS,URBAN,Q4,0.0557560986866637
2028,INDIA,NER,AS,URBAN,Q5,0.0627646917372881
2028,INDIA,NER,NE,RURAL,Q1,0.0
2028,INDIA,NER,NE,RURAL,Q2,0.0
2028,INDIA,NER,NE,RURAL,Q3,0.0
2028,INDIA,NER,NE,RURAL,Q4,0.0
2028,INDIA,NER,NE,RURAL,Q5,0.0
2028,INDIA,NER,NE,URBAN,Q1,0.1187897979640431
2028,INDIA,NER,NE,URBAN,Q2,0.1037310290481482
2028,INDIA,NER,NE,URBAN,Q3,0.1135246414611769
2028,INDIA,NER,NE,URBAN,Q4,0.1014984673159239
2028,INDIA,NER,NE,URBAN,Q5,0.0904003846950804
2029,INDIA,ER,BR,RURAL,Q1,0.0
2029,INDIA,ER,BR,RURAL,Q2,0.0
2029,INDIA,ER,BR,RURAL,Q3,0.0
2029,INDIA,ER,BR,RURAL,Q4,0.0
2029,INDIA,ER,BR,RURAL,Q5,0.0
2029,INDIA,ER,BR,URBAN,Q1,0.0
2029,INDIA,ER,BR,URBAN,Q2,0.0
2029,INDIA,ER,BR,URBAN,Q3,0.0
2029,INDIA,ER,BR,URBAN,Q4,0.0
2029,INDIA,ER,BR,URBAN,Q5,0.0
2029,INDIA,ER,JH,RURAL,Q1,0.0
2029,INDIA,ER,JH,RURAL,Q2,0.0
2029,INDIA,ER,JH,RURAL,Q3,0.0
2029,INDIA,ER,JH,RURAL,Q4,0.0
2029,INDIA,ER,JH,RURAL,Q5,0.0
2029,INDIA,ER,JH,URBAN,Q1,0.0
2029,INDIA,ER,JH,URBAN,Q2,0.0
2029,INDIA,ER,JH,URBAN,Q3,0.0
2029,INDIA,ER,JH,URBAN,Q4,0.0
2029,INDIA,ER,JH,URBAN,Q5,0.0
2029,INDIA,ER,OD,RURAL,Q1,0.0
2029,INDIA,ER,OD,RURAL,Q2,0.0
2029,INDIA,ER,OD,RURAL,Q3,0.0
2029,INDIA,ER,OD,RURAL,Q4,0.0
2029,INDIA,ER,OD,RURAL,Q5,0.0
2029,INDIA,ER,OD,URBAN,Q1,0.0
2029,INDIA,ER,OD,URBAN,Q2,0.0
2029,INDIA,ER,OD,URBAN,Q3,0.0
2029,INDIA,ER,OD,URBAN,Q4,0.0
2029,INDIA,ER,OD,URBAN,Q5,0.0
2029,INDIA,ER,WB,RURAL,Q1,0.0
2029,INDIA,ER,WB,RURAL,Q2,0.0
2029,INDIA,ER,WB,RURAL,Q3,0.0
2029,INDIA,ER,WB,RURAL,Q4,0.0
2029,INDIA,ER,WB,RURAL,Q5,0.0
2029,INDIA,ER,WB,URBAN,Q1,0.0470874453108163
2029,INDIA,ER,WB,URBAN,Q2,0.0428912424862185
2029,INDIA,ER,WB,URBAN,Q3,0.0327355322852483
2029,INDIA,ER,WB,URBAN,Q4,0.0321840809933735
2029,INDIA,ER,WB,URBAN,Q5,0.028367938328775
2029,INDIA,WR,CG,RURAL,Q1,0.0
2029,INDIA,WR,CG,RURAL,Q2,0.0
2029,INDIA,WR,CG,RURAL,Q3,0.0
2029,INDIA,WR,CG,RURAL,Q4,0.0
2029,INDIA,WR,CG,RURAL,Q5,0.0
2029,INDIA,WR,CG,URBAN,Q1,0.0
2029,INDIA,WR,CG,URBAN,Q2,0.0
2029,INDIA,WR,CG,URBAN,Q3,0.0
2029,INDIA,WR,CG,URBAN,Q4,0.0
2029,INDIA,WR,CG,URBAN,Q5,0.0
2029,INDIA,WR,GJ,RURAL,Q1,0.0728288835056804
2029,INDIA,WR,GJ,RURAL,Q2,0.0787800055413829
2029,INDIA,WR,GJ,RURAL,Q3,0.0781517840088812
2029,INDIA,WR,GJ,RURAL,Q4,0.0738364504652635
2029,INDIA,WR,GJ,RURAL,Q5,0.0652393299088341
2029,INDIA,WR,GJ,URBAN,Q1,4.43340339892484
2029,INDIA,WR,GJ,URBAN,Q2,2.778615229806089
2029,INDIA,WR,GJ,URBAN,Q3,2.487048862121275
2029,INDIA,WR,GJ,URBAN,Q4,1.825145330269091
2029,INDIA,WR,GJ,URBAN,Q5,3.0930038431839875
2029,INDIA,WR,MP,RURAL,Q1,0.0
2029,INDIA,WR,MP,RURAL,Q2,0.0
2029,INDIA,WR,MP,RURAL,Q3,0.0
2029,INDIA,WR,MP,RURAL,Q4,0.0
2029,INDIA,WR,MP,RURAL,Q5,0.0
2029,INDIA,WR,MP,URBAN,Q1,0.3430726722805198
2029,INDIA,WR,MP,URBAN,Q2,0.3921421545641854
2029,INDIA,WR,MP,URBAN,Q3,0.3435567807885924
2029,INDIA,WR,MP,URBAN,Q4,0.2243158522884674
2029,INDIA,WR,MP,URBAN,Q5,0.1792328817780647
2029,INDIA,WR,MH,RURAL,Q1,0.0
2029,INDIA,WR,MH,RURAL,Q2,0.0
2029,INDIA,WR,MH,RURAL,Q3,0.0
2029,INDIA,WR,MH,RURAL,Q4,0.0
2029,INDIA,WR,MH,RURAL,Q5,0.0
2029,INDIA,WR,MH,URBAN,Q1,3.686987678643398
2029,INDIA,WR,MH,URBAN,Q2,2.6281544720460097
2029,INDIA,WR,MH,URBAN,Q3,2.1201914245025204
2029,INDIA,WR,MH,URBAN,Q4,1.83533434451575
2029,INDIA,WR,MH,URBAN,Q5,1.625855475943747
2029,INDIA,WR,GA,RURAL,Q1,0.0
2029,INDIA,WR,GA,RURAL,Q2,0.0
2029,INDIA,WR,GA,RURAL,Q3,0.0
2029,INDIA,WR,GA,RURAL,Q4,0.0
2029,INDIA,WR,GA,RURAL,Q5,0.0
2029,INDIA,WR,GA,URBAN,Q1,0.0142235301848289
2029,INDIA,WR,GA,URBAN,Q2,0.0127398937021994
2029,INDIA,WR,GA,URBAN,Q3,0.0095297648951326
2029,INDIA,WR,GA,URBAN,Q4,0.0079421478688617
2029,INDIA,WR,GA,URBAN,Q5,0.0074466698677444
2029,INDIA,WR,UT,RURAL,Q1,0.0
2029,INDIA,WR,UT,RURAL,Q2,0.0
2029,INDIA,WR,UT,RURAL,Q3,0.0
2029,INDIA,WR,UT,RURAL,Q4,0.0
2029,INDIA,WR,UT,RURAL,Q5,0.0
2029,INDIA,WR,UT,URBAN,Q1,0.5465557672729565
2029,INDIA,WR,UT,URBAN,Q2,0.2800785312706079
2029,INDIA,WR,UT,URBAN,Q3,0.2434869370152072
2029,INDIA,WR,UT,URBAN,Q4,0.2370291387391632
2029,INDIA,WR,UT,URBAN,Q5,0.2212248817525011
2029,INDIA,NR,DL,RURAL,Q1,0.0
2029,INDIA,NR,DL,RURAL,Q2,0.0
2029,INDIA,NR,DL,RURAL,Q3,0.0
2029,INDIA,NR,DL,RURAL,Q4,0.0
2029,INDIA,NR,DL,RURAL,Q5,0.0
2029,INDIA,NR,DL,URBAN,Q1,3.4719975018713507
2029,INDIA,NR,DL,URBAN,Q2,2.386468864865584
2029,INDIA,NR,DL,URBAN,Q3,1.4992597189726145
2029,INDIA,NR,DL,URBAN,Q4,1.1576824784349504
2029,INDIA,NR,DL,URBAN,Q5,2.0048800490124057
2029,INDIA,NR,HR,RURAL,Q1,0.0
2029,INDIA,NR,HR,RURAL,Q2,0.0
2029,INDIA,NR,HR,RURAL,Q3,0.0
2029,INDIA,NR,HR,RURAL,Q4,0.0
2029,INDIA,NR,HR,RURAL,Q5,0.0
2029,INDIA,NR,HR,URBAN,Q1,0.4245409145693976
2029,INDIA,NR,HR,URBAN,Q2,0.3919782478982269
2029,INDIA,NR,HR,URBAN,Q3,0.41546306669096
2029,INDIA,NR,HR,URBAN,Q4,0.3258230864755853
2029,INDIA,NR,HR,URBAN,Q5,0.296025365064565
2029,INDIA,NR,HP,RURAL,Q1,0.0
2029,INDIA,NR,HP,RURAL,Q2,0.0
2029,INDIA,NR,HP,RURAL,Q3,0.0
2029,INDIA,NR,HP,RURAL,Q4,0.0
2029,INDIA,NR,HP,RURAL,Q5,0.0
2029,INDIA,NR,HP,URBAN,Q1,0.0
2029,INDIA,NR,HP,URBAN,Q2,0.0
2029,INDIA,NR,HP,URBAN,Q3,0.0
2029,INDIA,NR,HP,URBAN,Q4,0.0
2029,INDIA,NR,HP,URBAN,Q5,0.0
2029,INDIA,NR,JK,RURAL,Q1,0.0
2029,INDIA,NR,JK,RURAL,Q2,0.0
2029,INDIA,NR,JK,RURAL,Q3,0.0
2029,INDIA,NR,JK,RURAL,Q4,0.0
2029,INDIA,NR,JK,RURAL,Q5,0.0
2029,INDIA,NR,JK,URBAN,Q1,0.0
2029,INDIA,NR,JK,URBAN,Q2,0.0
2029,INDIA,NR,JK,URBAN,Q3,0.0
2029,INDIA,NR,JK,URBAN,Q4,0.0
2029,INDIA,NR,JK,URBAN,Q5,0.0
2029,INDIA,NR,PB,RURAL,Q1,0.0
2029,INDIA,NR,PB,RURAL,Q2,0.0
2029,INDIA,NR,PB,RURAL,Q3,0.0
2029,INDIA,NR,PB,RURAL,Q4,0.0
2029,INDIA,NR,PB,RURAL,Q5,0.0
2029,INDIA,NR,PB,URBAN,Q1,0.5346613182317228
2029,INDIA,NR,PB,URBAN,Q2,0.3787359263161341
2029,INDIA,NR,PB,URBAN,Q3,0.5369934841182591
2029,INDIA,NR,PB,URBAN,Q4,0.3407048184622825
2029,INDIA,NR,PB,URBAN,Q5,0.3453387430203507
2029,INDIA,NR,RJ,RURAL,Q1,0.0
2029,INDIA,NR,RJ,RURAL,Q2,0.0
2029,INDIA,NR,RJ,RURAL,Q3,0.0
2029,INDIA,NR,RJ,RURAL,Q4,0.0
2029,INDIA,NR,RJ,RURAL,Q5,0.0
2029,INDIA,NR,RJ,URBAN,Q1,0.1536814738615282
2029,INDIA,NR,RJ,URBAN,Q2,0.136270124815293
2029,INDIA,NR,RJ,URBAN,Q3,0.0957042123480712
2029,INDIA,NR,RJ,URBAN,Q4,0.1061355368539658
2029,INDIA,NR,RJ,URBAN,Q5,0.0460036993099429
2029,INDIA,NR,UP,RURAL,Q1,0.0
2029,INDIA,NR,UP,RURAL,Q2,0.0
2029,INDIA,NR,UP,RURAL,Q3,0.0
2029,INDIA,NR,UP,RURAL,Q4,0.0
2029,INDIA,NR,UP,RURAL,Q5,0.0
2029,INDIA,NR,UP,URBAN,Q1,2.2010369729226547
2029,INDIA,NR,UP,URBAN,Q2,1.9620423990705709
2029,INDIA,NR,UP,URBAN,Q3,1.4646773392617805
2029,INDIA,NR,UP,URBAN,Q4,1.527859464044507
2029,INDIA,NR,UP,URBAN,Q5,1.1140929445891905
2029,INDIA,NR,UK,RURAL,Q1,0.0
2029,INDIA,NR,UK,RURAL,Q2,0.0
2029,INDIA,NR,UK,RURAL,Q3,0.0
2029,INDIA,NR,UK,RURAL,Q4,0.0
2029,INDIA,NR,UK,RURAL,Q5,0.0
2029,INDIA,NR,UK,URBAN,Q1,0.0008022431849184
2029,INDIA,NR,UK,URBAN,Q2,0.0008781795554888
2029,INDIA,NR,UK,URBAN,Q3,0.0008759131897669
2029,INDIA,NR,UK,URBAN,Q4,0.0007589160462339
2029,INDIA,NR,UK,URBAN,Q5,0.0004374083933426
2029,INDIA,SR,AP,RURAL,Q1,0.0
2029,INDIA,SR,AP,RURAL,Q2,0.0
2029,INDIA,SR,AP,RURAL,Q3,0.0
2029,INDIA,SR,AP,RURAL,Q4,0.0
2029,INDIA,SR,AP,RURAL,Q5,0.0
2029,INDIA,SR,AP,URBAN,Q1,0.2178961050001864
2029,INDIA,SR,AP,URBAN,Q2,0.2161612917434413
2029,INDIA,SR,AP,URBAN,Q3,0.2424804508610176
2029,INDIA,SR,AP,URBAN,Q4,0.1224671957592956
2029,INDIA,SR,AP,URBAN,Q5,0.1268532016616565
2029,INDIA,SR,KA,RURAL,Q1,0.0
2029,INDIA,SR,KA,RURAL,Q2,0.0
2029,INDIA,SR,KA,RURAL,Q3,0.0
2029,INDIA,SR,KA,RURAL,Q4,0.0
2029,INDIA,SR,KA,RURAL,Q5,0.0
2029,INDIA,SR,KA,URBAN,Q1,0.1289269652528495
2029,INDIA,SR,KA,URBAN,Q2,0.0874457581075634
2029,INDIA,SR,KA,URBAN,Q3,0.0913962283583059
2029,INDIA,SR,KA,URBAN,Q4,0.0859037658444782
2029,INDIA,SR,KA,URBAN,Q5,0.0604256077357876
2029,INDIA,SR,KL,RURAL,Q1,0.0
2029,INDIA,SR,KL,RURAL,Q2,0.0
2029,INDIA,SR,KL,RURAL,Q3,0.0
2029,INDIA,SR,KL,RURAL,Q4,0.0
2029,INDIA,SR,KL,RURAL,Q5,0.0
2029,INDIA,SR,KL,URBAN,Q1,0.0474536199369807
2029,INDIA,SR,KL,URBAN,Q2,0.0421347674575104
2029,INDIA,SR,KL,URBAN,Q3,0.0275869190110888
2029,INDIA,SR,KL,URBAN,Q4,0.0324475564523607
2029,INDIA,SR,KL,URBAN,Q5,0.0242629966552194
2029,INDIA,SR,TN,RURAL,Q1,0.0
2029,INDIA,SR,TN,RURAL,Q2,0.0
2029,INDIA,SR,TN,RURAL,Q3,0.0
2029,INDIA,SR,TN,RURAL,Q4,0.0
2029,INDIA,SR,TN,RURAL,Q5,0.0
2029,INDIA,SR,TN,URBAN,Q1,0.0075344839334545
2029,INDIA,SR,TN,URBAN,Q2,0.0062468664832338
2029,INDIA,SR,TN,URBAN,Q3,0.0064169959199513
2029,INDIA,SR,TN,URBAN,Q4,0.0050732361964937
2029,INDIA,SR,TN,URBAN,Q5,0.0052702043928165
2029,INDIA,SR,TS,RURAL,Q1,0.0
2029,INDIA,SR,TS,RURAL,Q2,0.0
2029,INDIA,SR,TS,RURAL,Q3,0.0
2029,INDIA,SR,TS,RURAL,Q4,0.0
2029,INDIA,SR,TS,RURAL,Q5,0.0
2029,INDIA,SR,TS,URBAN,Q1,0.2052261280255466
2029,INDIA,SR,TS,URBAN,Q2,0.2013404580424834
2029,INDIA,SR,TS,URBAN,Q3,0.2258550763133404
2029,INDIA,SR,TS,URBAN,Q4,0.1140703827705693
2029,INDIA,SR,TS,URBAN,Q5,0.1181556675606255
2029,INDIA,NER,AS,RURAL,Q1,0.0
2029,INDIA,NER,AS,RURAL,Q2,0.0
2029,INDIA,NER,AS,RURAL,Q3,0.0
2029,INDIA,NER,AS,RURAL,Q4,0.0
2029,INDIA,NER,AS,RURAL,Q5,0.0
2029,INDIA,NER,AS,URBAN,Q1,0.1012174977000942
2029,INDIA,NER,AS,URBAN,Q2,0.0855605451329056
2029,INDIA,NER,AS,URBAN,Q3,0.1026091971487076
2029,INDIA,NER,AS,URBAN,Q4,0.0586650827852941
2029,INDIA,NER,AS,URBAN,Q5,0.0665891270153562
2029,INDIA,NER,NE,RURAL,Q1,0.0
2029,INDIA,NER,NE,RURAL,Q2,0.0
2029,INDIA,NER,NE,RURAL,Q3,0.0
2029,INDIA,NER,NE,RURAL,Q4,0.0
2029,INDIA,NER,NE,RURAL,Q5,0.0
2029,INDIA,NER,NE,URBAN,Q1,0.1310799229577869
2029,INDIA,NER,NE,URBAN,Q2,0.1127832730769303
2029,INDIA,NER,NE,URBAN,Q3,0.1238899867697413
2029,INDIA,NER,NE,URBAN,Q4,0.1103552451085677
2029,INDIA,NER,NE,URBAN,Q5,0.0984143892842977
2030,INDIA,ER,BR,RURAL,Q1,0.0
2030,INDIA,ER,BR,RURAL,Q2,0.0
2030,INDIA,ER,BR,RURAL,Q3,0.0
2030,INDIA,ER,BR,RURAL,Q4,0.0
2030,INDIA,ER,BR,RURAL,Q5,0.0
2030,INDIA,ER,BR,URBAN,Q1,0.0
2030,INDIA,ER,BR,URBAN,Q2,0.0
2030,INDIA,ER,BR,URBAN,Q3,0.0
2030,INDIA,ER,BR,URBAN,Q4,0.0
2030,INDIA,ER,BR,URBAN,Q5,0.0
2030,INDIA,ER,JH,RURAL,Q1,0.0
2030,INDIA,ER,JH,RURAL,Q2,0.0
2030,INDIA,ER,JH,RURAL,Q3,0.0
2030,INDIA,ER,JH,RURAL,Q4,0.0
2030,INDIA,ER,JH,RURAL,Q5,0.0
2030,INDIA,ER,JH,URBAN,Q1,0.0
2030,INDIA,ER,JH,URBAN,Q2,0.0
2030,INDIA,ER,JH,URBAN,Q3,0.0
2030,INDIA,ER,JH,URBAN,Q4,0.0
2030,INDIA,ER,JH,URBAN,Q5,0.0
2030,INDIA,ER,OD,RURAL,Q1,0.0
2030,INDIA,ER,OD,RURAL,Q2,0.0
2030,INDIA,ER,OD,RURAL,Q3,0.0
2030,INDIA,ER,OD,RURAL,Q4,0.0
2030,INDIA,ER,OD,RURAL,Q5,0.0
2030,INDIA,ER,OD,URBAN,Q1,0.0
2030,INDIA,ER,OD,URBAN,Q2,0.0
2030,INDIA,ER,OD,URBAN,Q3,0.0
2030,INDIA,ER,OD,URBAN,Q4,0.0
2030,INDIA,ER,OD,URBAN,Q5,0.0
2030,INDIA,ER,WB,RURAL,Q1,0.0
2030,INDIA,ER,WB,RURAL,Q2,0.0
2030,INDIA,ER,WB,RURAL,Q3,0.0
2030,INDIA,ER,WB,RURAL,Q4,0.0
2030,INDIA,ER,WB,RURAL,Q5,0.0
2030,INDIA,ER,WB,URBAN,Q1,0.0615583421456802
2030,INDIA,ER,WB,URBAN,Q2,0.0551826789562946
2030,INDIA,ER,WB,URBAN,Q3,0.0414808741737927
2030,INDIA,ER,WB,URBAN,Q4,0.040574553264424
2030,INDIA,ER,WB,URBAN,Q5,0.0356304072304025
2030,INDIA,WR,CG,RURAL,Q1,0.0
2030,INDIA,WR,CG,RURAL,Q2,0.0
2030,INDIA,WR,CG,RURAL,Q3,0.0
2030,INDIA,WR,CG,RURAL,Q4,0.0
2030,INDIA,WR,CG,RURAL,Q5,0.0
2030,INDIA,WR,CG,URBAN,Q1,0.0
2030,INDIA,WR,CG,URBAN,Q2,0.0
2030,INDIA,WR,CG,URBAN,Q3,0.0
2030,INDIA,WR,CG,URBAN,Q4,0.0
2030,INDIA,WR,CG,URBAN,Q5,0.0
2030,INDIA,WR,GJ,RURAL,Q1,0.0837896389105336
2030,INDIA,WR,GJ,RURAL,Q2,0.090323662488081
2030,INDIA,WR,GJ,RURAL,Q3,0.0889572569494822
2030,INDIA,WR,GJ,RURAL,Q4,0.0837298828334078
2030,INDIA,WR,GJ,RURAL,Q5,0.0727977262834929
2030,INDIA,WR,GJ,URBAN,Q1,4.579299842510642
2030,INDIA,WR,GJ,URBAN,Q2,2.8092652589587086
2030,INDIA,WR,GJ,URBAN,Q3,2.511980385995154
2030,INDIA,WR,GJ,URBAN,Q4,1.8423132962184032
2030,INDIA,WR,GJ,URBAN,Q5,3.1828814908616723
2030,INDIA,WR,MP,RURAL,Q1,0.0
2030,INDIA,WR,MP,RURAL,Q2,0.0
2030,INDIA,WR,MP,RURAL,Q3,0.0
2030,INDIA,WR,MP,RURAL,Q4,0.0
2030,INDIA,WR,MP,RURAL,Q5,0.0
2030,INDIA,WR,MP,URBAN,Q1,0.444849903146974
2030,INDIA,WR,MP,URBAN,Q2,0.5144828589009849
2030,INDIA,WR,MP,URBAN,Q3,0.4493496216773001
2030,INDIA,WR,MP,URBAN,Q4,0.2898815947177272
2030,INDIA,WR,MP,URBAN,Q5,0.2316212298852203
2030,INDIA,WR,MH,RURAL,Q1,0.0
2030,INDIA,WR,MH,RURAL,Q2,0.0
2030,INDIA,WR,MH,RURAL,Q3,0.0
2030,INDIA,WR,MH,RURAL,Q4,0.0
2030,INDIA,WR,MH,RURAL,Q5,0.0
2030,INDIA,WR,MH,URBAN,Q1,3.944781652330968
2030,INDIA,WR,MH,URBAN,Q2,2.770927363285618
2030,INDIA,WR,MH,URBAN,Q3,2.226939285347852
2030,INDIA,WR,MH,URBAN,Q4,1.9346016350784596
2030,INDIA,WR,MH,URBAN,Q5,1.7126109689440712
2030,INDIA,WR,GA,RURAL,Q1,0.0
2030,INDIA,WR,GA,RURAL,Q2,0.0
2030,INDIA,WR,GA,RURAL,Q3,0.0
2030,INDIA,WR,GA,RURAL,Q4,0.0
2030,INDIA,WR,GA,RURAL,Q5,0.0
2030,INDIA,WR,GA,URBAN,Q1,0.025198300324438
2030,INDIA,WR,GA,URBAN,Q2,0.0226272521303553
2030,INDIA,WR,GA,URBAN,Q3,0.0167694155805293
2030,INDIA,WR,GA,URBAN,Q4,0.0139757045072419
2030,INDIA,WR,GA,URBAN,Q5,0.0131038176775065
2030,INDIA,WR,UT,RURAL,Q1,0.0
2030,INDIA,WR,UT,RURAL,Q2,0.0
2030,INDIA,WR,UT,RURAL,Q3,0.0
2030,INDIA,WR,UT,RURAL,Q4,0.0
2030,INDIA,WR,UT,RURAL,Q5,0.0
2030,INDIA,WR,UT,URBAN,Q1,0.5915313998308143
2030,INDIA,WR,UT,URBAN,Q2,0.2963191001772312
2030,INDIA,WR,UT,URBAN,Q3,0.2584883369019278
2030,INDIA,WR,UT,URBAN,Q4,0.2515210626620355
2030,INDIA,WR,UT,URBAN,Q5,0.2355592281386825
2030,INDIA,NR,DL,RURAL,Q1,0.0
2030,INDIA,NR,DL,RURAL,Q2,0.0
2030,INDIA,NR,DL,RURAL,Q3,0.0
2030,INDIA,NR,DL,RURAL,Q4,0.0
2030,INDIA,NR,DL,RURAL,Q5,0.0
2030,INDIA,NR,DL,URBAN,Q1,3.715915647862232
2030,INDIA,NR,DL,URBAN,Q2,2.5289869490874914
2030,INDIA,NR,DL,URBAN,Q3,1.5716290826751276
2030,INDIA,NR,DL,URBAN,Q4,1.2134048475184271
2030,INDIA,NR,DL,URBAN,Q5,2.144265626981758
2030,INDIA,NR,HR,RURAL,Q1,0.0
2030,INDIA,NR,HR,RURAL,Q2,0.0
2030,INDIA,NR,HR,RURAL,Q3,0.0
2030,INDIA,NR,HR,RURAL,Q4,0.0
2030,INDIA,NR,HR,RURAL,Q5,0.0
2030,INDIA,NR,HR,URBAN,Q1,0.4899947544378352
2030,INDIA,NR,HR,URBAN,Q2,0.4514018742690779
2030,INDIA,NR,HR,URBAN,Q3,0.4810886820897613
2030,INDIA,NR,HR,URBAN,Q4,0.3771392555485602
2030,INDIA,NR,HR,URBAN,Q5,0.3419682445043182
2030,INDIA,NR,HP,RURAL,Q1,0.0
2030,INDIA,NR,HP,RURAL,Q2,0.0
2030,INDIA,NR,HP,RURAL,Q3,0.0
2030,INDIA,NR,HP,RURAL,Q4,0.0
2030,INDIA,NR,HP,RURAL,Q5,0.0
2030,INDIA,NR,HP,URBAN,Q1,0.0
2030,INDIA,NR,HP,URBAN,Q2,0.0
2030,INDIA,NR,HP,URBAN,Q3,0.0
2030,INDIA,NR,HP,URBAN,Q4,0.0
2030,INDIA,NR,HP,URBAN,Q5,0.0
2030,INDIA,NR,JK,RURAL,Q1,0.0
2030,INDIA,NR,JK,RURAL,Q2,0.0
2030,INDIA,NR,JK,RURAL,Q3,0.0
2030,INDIA,NR,JK,RURAL,Q4,0.0
2030,INDIA,NR,JK,RURAL,Q5,0.0
2030,INDIA,NR,JK,URBAN,Q1,0.0
2030,INDIA,NR,JK,URBAN,Q2,0.0
2030,INDIA,NR,JK,URBAN,Q3,0.0
2030,INDIA,NR,JK,URBAN,Q4,0.0
2030,INDIA,NR,JK,URBAN,Q5,0.0
2030,INDIA,NR,PB,RURAL,Q1,0.0
2030,INDIA,NR,PB,RURAL,Q2,0.0
2030,INDIA,NR,PB,RURAL,Q3,0.0
2030,INDIA,NR,PB,RURAL,Q4,0.0
2030,INDIA,NR,PB,RURAL,Q5,0.0
2030,INDIA,NR,PB,URBAN,Q1,0.607674187044054
2030,INDIA,NR,PB,URBAN,Q2,0.4258009618304115
2030,INDIA,NR,PB,URBAN,Q3,0.6150711706100206
2030,INDIA,NR,PB,URBAN,Q4,0.3825870938400267
2030,INDIA,NR,PB,URBAN,Q5,0.3906383664563311
2030,INDIA,NR,RJ,RURAL,Q1,0.0
2030,INDIA,NR,RJ,RURAL,Q2,0.0
2030,INDIA,NR,RJ,RURAL,Q3,0.0
2030,INDIA,NR,RJ,RURAL,Q4,0.0
2030,INDIA,NR,RJ,RURAL,Q5,0.0
2030,INDIA,NR,RJ,URBAN,Q1,0.2562172781576571
2030,INDIA,NR,RJ,URBAN,Q2,0.2271833187879007
2030,INDIA,NR,RJ,URBAN,Q3,0.1577530224662203
2030,INDIA,NR,RJ,URBAN,Q4,0.1769488389539214
2030,INDIA,NR,RJ,URBAN,Q5,0.0751632807883988
2030,INDIA,NR,UP,RURAL,Q1,0.0
2030,INDIA,NR,UP,RURAL,Q2,0.0
2030,INDIA,NR,UP,RURAL,Q3,0.0
2030,INDIA,NR,UP,RURAL,Q4,0.0
2030,INDIA,NR,UP,RURAL,Q5,0.0
2030,INDIA,NR,UP,URBAN,Q1,2.9158808587363207
2030,INDIA,NR,UP,URBAN,Q2,2.607524077172056
2030,INDIA,NR,UP,URBAN,Q3,1.931973176511211
2030,INDIA,NR,UP,URBAN,Q4,2.03928927192799
2030,INDIA,NR,UP,URBAN,Q5,1.4761619676398785
2030,INDIA,NR,UK,RURAL,Q1,0.0
2030,INDIA,NR,UK,RURAL,Q2,0.0
2030,INDIA,NR,UK,RURAL,Q3,0.0
2030,INDIA,NR,UK,RURAL,Q4,0.0
2030,INDIA,NR,UK,RURAL,Q5,0.0
2030,INDIA,NR,UK,URBAN,Q1,0.0032238594100371
2030,INDIA,NR,UK,URBAN,Q2,0.0035331609885034
2030,INDIA,NR,UK,URBAN,Q3,0.0035431660620351
2030,INDIA,NR,UK,URBAN,Q4,0.0030698996320234
2030,INDIA,NR,UK,URBAN,Q5,0.0017487969813734
2030,INDIA,SR,AP,RURAL,Q1,0.0
2030,INDIA,SR,AP,RURAL,Q2,0.0
2030,INDIA,SR,AP,RURAL,Q3,0.0
2030,INDIA,SR,AP,RURAL,Q4,0.0
2030,INDIA,SR,AP,RURAL,Q5,0.0
2030,INDIA,SR,AP,URBAN,Q1,0.2984418950090179
2030,INDIA,SR,AP,URBAN,Q2,0.2953776013545459
2030,INDIA,SR,AP,URBAN,Q3,0.3353959231998732
2030,INDIA,SR,AP,URBAN,Q4,0.1660998666807236
2030,INDIA,SR,AP,URBAN,Q5,0.17205676134725
2030,INDIA,SR,KA,RURAL,Q1,0.0
2030,INDIA,SR,KA,RURAL,Q2,0.0
2030,INDIA,SR,KA,RURAL,Q3,0.0
2030,INDIA,SR,KA,RURAL,Q4,0.0
2030,INDIA,SR,KA,RURAL,Q5,0.0
2030,INDIA,SR,KA,URBAN,Q1,0.2969739191846954
2030,INDIA,SR,KA,URBAN,Q2,0.1989206885981783
2030,INDIA,SR,KA,URBAN,Q3,0.2095317728924277
2030,INDIA,SR,KA,URBAN,Q4,0.1973950924229941
2030,INDIA,SR,KA,URBAN,Q5,0.1381775951431433
2030,INDIA,SR,KL,RURAL,Q1,0.0
2030,INDIA,SR,KL,RURAL,Q2,0.0
2030,INDIA,SR,KL,RURAL,Q3,0.0
2030,INDIA,SR,KL,RURAL,Q4,0.0
2030,INDIA,SR,KL,RURAL,Q5,0.0
2030,INDIA,SR,KL,URBAN,Q1,0.1060426462089045
2030,INDIA,SR,KL,URBAN,Q2,0.0934630902533124
2030,INDIA,SR,KL,URBAN,Q3,0.0600309672906972
2030,INDIA,SR,KL,URBAN,Q4,0.0713504029352182
2030,INDIA,SR,KL,URBAN,Q5,0.052617797592564
2030,INDIA,SR,TN,RURAL,Q1,0.0
2030,INDIA,SR,TN,RURAL,Q2,0.0
2030,INDIA,SR,TN,RURAL,Q3,0.0
2030,INDIA,SR,TN,RURAL,Q4,0.0
2030,INDIA,SR,TN,RURAL,Q5,0.0
2030,INDIA,SR,TN,URBAN,Q1,0.007509550163477
2030,INDIA,SR,TN,URBAN,Q2,0.0061921260314004
2030,INDIA,SR,TN,URBAN,Q3,0.0064013292902455
2030,INDIA,SR,TN,URBAN,Q4,0.0050194718792263
2030,INDIA,SR,TN,URBAN,Q5,0.0052640445603505
2030,INDIA,SR,TS,RURAL,Q1,0.0
2030,INDIA,SR,TS,RURAL,Q2,0.0
2030,INDIA,SR,TS,RURAL,Q3,0.0
2030,INDIA,SR,TS,RURAL,Q4,0.0
2030,INDIA,SR,TS,RURAL,Q5,0.0
2030,INDIA,SR,TS,URBAN,Q1,0.2804277107969774
2030,INDIA,SR,TS,URBAN,Q2,0.2751253853762506
2030,INDIA,SR,TS,URBAN,Q3,0.3123998983024728
2030,INDIA,SR,TS,URBAN,Q4,0.1547114257205496
2030,INDIA,SR,TS,URBAN,Q5,0.1602598929477806
2030,INDIA,NER,AS,RURAL,Q1,0.0
2030,INDIA,NER,AS,RURAL,Q2,0.0
2030,INDIA,NER,AS,RURAL,Q3,0.0
2030,INDIA,NER,AS,RURAL,Q4,0.0
2030,INDIA,NER,AS,RURAL,Q5,0.0
2030,INDIA,NER,AS,URBAN,Q1,0.1079695425397689
2030,INDIA,NER,AS,URBAN,Q2,0.0904969472042631
2030,INDIA,NER,AS,URBAN,Q3,0.1088803167068351
2030,INDIA,NER,AS,URBAN,Q4,0.061671068710937
2030,INDIA,NER,AS,URBAN,Q5,0.0705839111468462
2030,INDIA,NER,NE,RURAL,Q1,0.0
2030,INDIA,NER,NE,RURAL,Q2,0.0
2030,INDIA,NER,NE,RURAL,Q3,0.0
2030,INDIA,NER,NE,RURAL,Q4,0.0
2030,INDIA,NER,NE,RURAL,Q5,0.0
2030,INDIA,NER,NE,URBAN,Q1,0.1446142156324539
2030,INDIA,NER,NE,URBAN,Q2,0.1226934429004463
2030,INDIA,NER,NE,URBAN,Q3,0.1353192974652558
2030,INDIA,NER,NE,URBAN,Q4,0.1201056881829226
2030,INDIA,NER,NE,URBAN,Q5,0.1072569053209099
2031,INDIA,ER,BR,RURAL,Q1,0.0
2031,INDIA,ER,BR,RURAL,Q2,0.0
2031,INDIA,ER,BR,RURAL,Q3,0.0
2031,INDIA,ER,BR,RURAL,Q4,0.0
2031,INDIA,ER,BR,RURAL,Q5,0.0
2031,INDIA,ER,BR,URBAN,Q1,0.0
2031,INDIA,ER,BR,URBAN,Q2,0.0
2031,INDIA,ER,BR,URBAN,Q3,0.0
2031,INDIA,ER,BR,URBAN,Q4,0.0
2031,INDIA,ER,BR,URBAN,Q5,0.0
2031,INDIA,ER,JH,RURAL,Q1,0.0
2031,INDIA,ER,JH,RURAL,Q2,0.0
2031,INDIA,ER,JH,RURAL,Q3,0.0
2031,INDIA,ER,JH,RURAL,Q4,0.0
2031,INDIA,ER,JH,RURAL,Q5,0.0
2031,INDIA,ER,JH,URBAN,Q1,0.0
2031,INDIA,ER,JH,URBAN,Q2,0.0
2031,INDIA,ER,JH,URBAN,Q3,0.0
2031,INDIA,ER,JH,URBAN,Q4,0.0
2031,INDIA,ER,JH,URBAN,Q5,0.0
2031,INDIA,ER,OD,RURAL,Q1,0.0
2031,INDIA,ER,OD,RURAL,Q2,0.0
2031,INDIA,ER,OD,RURAL,Q3,0.0
2031,INDIA,ER,OD,RURAL,Q4,0.0
2031,INDIA,ER,OD,RURAL,Q5,0.0
2031,INDIA,ER,OD,URBAN,Q1,0.0
2031,INDIA,ER,OD,URBAN,Q2,0.0
2031,INDIA,ER,OD,URBAN,Q3,0.0
2031,INDIA,ER,OD,URBAN,Q4,0.0
2031,INDIA,ER,OD,URBAN,Q5,0.0
2031,INDIA,ER,WB,RURAL,Q1,0.0
2031,INDIA,ER,WB,RURAL,Q2,0.0
2031,INDIA,ER,WB,RURAL,Q3,0.0
2031,INDIA,ER,WB,RURAL,Q4,0.0
2031,INDIA,ER,WB,RURAL,Q5,0.0
2031,INDIA,ER,WB,URBAN,Q1,0.2354175586697381
2031,INDIA,ER,WB,URBAN,Q2,0.2078339784339051
2031,INDIA,ER,WB,URBAN,Q3,0.1539748105046799
2031,INDIA,ER,WB,URBAN,Q4,0.1498907620998664
2031,INDIA,ER,WB,URBAN,Q5,0.1311708686071464
2031,INDIA,WR,CG,RURAL,Q1,0.0
2031,INDIA,WR,CG,RURAL,Q2,0.0
2031,INDIA,WR,CG,RURAL,Q3,0.0
2031,INDIA,WR,CG,RURAL,Q4,0.0
2031,INDIA,WR,CG,RURAL,Q5,0.0
2031,INDIA,WR,CG,URBAN,Q1,0.0
2031,INDIA,WR,CG,URBAN,Q2,0.0
2031,INDIA,WR,CG,URBAN,Q3,0.0
2031,INDIA,WR,CG,URBAN,Q4,0.0
2031,INDIA,WR,CG,URBAN,Q5,0.0
2031,INDIA,WR,GJ,RURAL,Q1,0.0948745858895077
2031,INDIA,WR,GJ,RURAL,Q2,0.1019315656594044
2031,INDIA,WR,GJ,RURAL,Q3,0.0997037685916521
2031,INDIA,WR,GJ,RURAL,Q4,0.0934402733201474
2031,INDIA,WR,GJ,RURAL,Q5,0.0799754350887761
2031,INDIA,WR,GJ,URBAN,Q1,4.723397346921711
2031,INDIA,WR,GJ,URBAN,Q2,2.837947537920977
2031,INDIA,WR,GJ,URBAN,Q3,2.535501712464357
2031,INDIA,WR,GJ,URBAN,Q4,1.858061597444844
2031,INDIA,WR,GJ,URBAN,Q5,3.273832311355229
2031,INDIA,WR,MP,RURAL,Q1,0.0
2031,INDIA,WR,MP,RURAL,Q2,0.0
2031,INDIA,WR,MP,RURAL,Q3,0.0
2031,INDIA,WR,MP,RURAL,Q4,0.0
2031,INDIA,WR,MP,RURAL,Q5,0.0
2031,INDIA,WR,MP,URBAN,Q1,0.5750533586205576
2031,INDIA,WR,MP,URBAN,Q2,0.6729232878270102
2031,INDIA,WR,MP,URBAN,Q3,0.5859188972222062
2031,INDIA,WR,MP,URBAN,Q4,0.3734638642246711
2031,INDIA,WR,MP,URBAN,Q5,0.2984051459248201
2031,INDIA,WR,MH,RURAL,Q1,0.0
2031,INDIA,WR,MH,RURAL,Q2,0.0
2031,INDIA,WR,MH,RURAL,Q3,0.0
2031,INDIA,WR,MH,RURAL,Q4,0.0
2031,INDIA,WR,MH,RURAL,Q5,0.0
2031,INDIA,WR,MH,URBAN,Q1,4.213798891934014
2031,INDIA,WR,MH,URBAN,Q2,2.9182964637274624
2031,INDIA,WR,MH,URBAN,Q3,2.336531786500112
2031,INDIA,WR,MH,URBAN,Q4,2.037032335962225
2031,INDIA,WR,MH,URBAN,Q5,1.8020445277819608
2031,INDIA,WR,GA,RURAL,Q1,0.0
2031,INDIA,WR,GA,RURAL,Q2,0.0
2031,INDIA,WR,GA,RURAL,Q3,0.0
2031,INDIA,WR,GA,RURAL,Q4,0.0
2031,INDIA,WR,GA,RURAL,Q5,0.0
2031,INDIA,WR,GA,URBAN,Q1,0.0446403573693111
2031,INDIA,WR,GA,URBAN,Q2,0.0401874448103123
2031,INDIA,WR,GA,URBAN,Q3,0.0295084389228636
2031,INDIA,WR,GA,URBAN,Q4,0.024592462448812
2031,INDIA,WR,GA,URBAN,Q5,0.0230582396746079
2031,INDIA,WR,UT,RURAL,Q1,0.0
2031,INDIA,WR,UT,RURAL,Q2,0.0
2031,INDIA,WR,UT,RURAL,Q3,0.0
2031,INDIA,WR,UT,RURAL,Q4,0.0
2031,INDIA,WR,UT,RURAL,Q5,0.0
2031,INDIA,WR,UT,URBAN,Q1,0.6401669938079717
2031,INDIA,WR,UT,URBAN,Q2,0.3135713916245575
2031,INDIA,WR,UT,URBAN,Q3,0.2744752563881285
2031,INDIA,WR,UT,URBAN,Q4,0.2669586154124818
2031,INDIA,WR,UT,URBAN,Q5,0.2508783789328367
2031,INDIA,NR,DL,RURAL,Q1,0.0
2031,INDIA,NR,DL,RURAL,Q2,0.0
2031,INDIA,NR,DL,RURAL,Q3,0.0
2031,INDIA,NR,DL,RURAL,Q4,0.0
2031,INDIA,NR,DL,RURAL,Q5,0.0
2031,INDIA,NR,DL,URBAN,Q1,3.976283293578217
2031,INDIA,NR,DL,URBAN,Q2,2.679745472306151
2031,INDIA,NR,DL,URBAN,Q3,1.6473756365206278
2031,INDIA,NR,DL,URBAN,Q4,1.2717196950751348
2031,INDIA,NR,DL,URBAN,Q5,2.2931801817808504
2031,INDIA,NR,HR,RURAL,Q1,0.0
2031,INDIA,NR,HR,RURAL,Q2,0.0
2031,INDIA,NR,HR,RURAL,Q3,0.0
2031,INDIA,NR,HR,RURAL,Q4,0.0
2031,INDIA,NR,HR,RURAL,Q5,0.0
2031,INDIA,NR,HR,URBAN,Q1,0.5638938383303714
2031,INDIA,NR,HR,URBAN,Q2,0.5186414508711302
2031,INDIA,NR,HR,URBAN,Q3,0.5558823038344504
2031,INDIA,NR,HR,URBAN,Q4,0.4356560401712829
2031,INDIA,NR,HR,URBAN,Q5,0.3942436858966595
2031,INDIA,NR,HP,RURAL,Q1,0.0
2031,INDIA,NR,HP,RURAL,Q2,0.0
2031,INDIA,NR,HP,RURAL,Q3,0.0
2031,INDIA,NR,HP,RURAL,Q4,0.0
2031,INDIA,NR,HP,RURAL,Q5,0.0
2031,INDIA,NR,HP,URBAN,Q1,0.0
2031,INDIA,NR,HP,URBAN,Q2,0.0
2031,INDIA,NR,HP,URBAN,Q3,0.0
2031,INDIA,NR,HP,URBAN,Q4,0.0
2031,INDIA,NR,HP,URBAN,Q5,0.0
2031,INDIA,NR,JK,RURAL,Q1,0.0
2031,INDIA,NR,JK,RURAL,Q2,0.0
2031,INDIA,NR,JK,RURAL,Q3,0.0
2031,INDIA,NR,JK,RURAL,Q4,0.0
2031,INDIA,NR,JK,RURAL,Q5,0.0
2031,INDIA,NR,JK,URBAN,Q1,0.0
2031,INDIA,NR,JK,URBAN,Q2,0.0
2031,INDIA,NR,JK,URBAN,Q3,0.0
2031,INDIA,NR,JK,URBAN,Q4,0.0
2031,INDIA,NR,JK,URBAN,Q5,0.0
2031,INDIA,NR,PB,RURAL,Q1,0.0
2031,INDIA,NR,PB,RURAL,Q2,0.0
2031,INDIA,NR,PB,RURAL,Q3,0.0
2031,INDIA,NR,PB,RURAL,Q4,0.0
2031,INDIA,NR,PB,RURAL,Q5,0.0
2031,INDIA,NR,PB,URBAN,Q1,0.6809582876188913
2031,INDIA,NR,PB,URBAN,Q2,0.472275290732028
2031,INDIA,NR,PB,URBAN,Q3,0.6948713213953368
2031,INDIA,NR,PB,URBAN,Q4,0.4236830801018938
2031,INDIA,NR,PB,URBAN,Q5,0.4360855622374271
2031,INDIA,NR,RJ,RURAL,Q1,0.0
2031,INDIA,NR,RJ,RURAL,Q2,0.0
2031,INDIA,NR,RJ,RURAL,Q3,0.0
2031,INDIA,NR,RJ,RURAL,Q4,0.0
2031,INDIA,NR,RJ,RURAL,Q5,0.0
2031,INDIA,NR,RJ,URBAN,Q1,0.4243313846019833
2031,INDIA,NR,RJ,URBAN,Q2,0.3762374916243892
2031,INDIA,NR,RJ,URBAN,Q3,0.258305806684419
2031,INDIA,NR,RJ,URBAN,Q4,0.2930518440322714
2031,INDIA,NR,RJ,URBAN,Q5,0.1219912116832655
2031,INDIA,NR,UP,RURAL,Q1,0.0
2031,INDIA,NR,UP,RURAL,Q2,0.0
2031,INDIA,NR,UP,RURAL,Q3,0.0
2031,INDIA,NR,UP,RURAL,Q4,0.0
2031,INDIA,NR,UP,RURAL,Q5,0.0
2031,INDIA,NR,UP,URBAN,Q1,3.8341144916971657
2031,INDIA,NR,UP,URBAN,Q2,3.439546078558476
2031,INDIA,NR,UP,URBAN,Q3,2.5293742191670057
2031,INDIA,NR,UP,URBAN,Q4,2.7016378104049013
2031,INDIA,NR,UP,URBAN,Q5,1.9413304437107528
2031,INDIA,NR,UK,RURAL,Q1,0.0
2031,INDIA,NR,UK,RURAL,Q2,0.0
2031,INDIA,NR,UK,RURAL,Q3,0.0
2031,INDIA,NR,UK,RURAL,Q4,0.0
2031,INDIA,NR,UK,RURAL,Q5,0.0
2031,INDIA,NR,UK,URBAN,Q1,0.0128735967829348
2031,INDIA,NR,UK,URBAN,Q2,0.0141374453055944
2031,INDIA,NR,UK,URBAN,Q3,0.0142544135902916
2031,INDIA,NR,UK,URBAN,Q4,0.0123504284781991
2031,INDIA,NR,UK,URBAN,Q5,0.0069537501823973
2031,INDIA,SR,AP,RURAL,Q1,0.0
2031,INDIA,SR,AP,RURAL,Q2,0.0
2031,INDIA,SR,AP,RURAL,Q3,0.0
2031,INDIA,SR,AP,RURAL,Q4,0.0
2031,INDIA,SR,AP,RURAL,Q5,0.0
2031,INDIA,SR,AP,URBAN,Q1,0.4067381202221347
2031,INDIA,SR,AP,URBAN,Q2,0.4018062926800431
2031,INDIA,SR,AP,URBAN,Q3,0.4618259899610439
2031,INDIA,SR,AP,URBAN,Q4,0.2242633658289675
2031,INDIA,SR,AP,URBAN,Q5,0.2323173240831791
2031,INDIA,SR,KA,RURAL,Q1,0.0
2031,INDIA,SR,KA,RURAL,Q2,0.0
2031,INDIA,SR,KA,RURAL,Q3,0.0
2031,INDIA,SR,KA,RURAL,Q4,0.0
2031,INDIA,SR,KA,RURAL,Q5,0.0
2031,INDIA,SR,KA,URBAN,Q1,0.6721503707010146
2031,INDIA,SR,KA,URBAN,Q2,0.4446258850573258
2031,INDIA,SR,KA,URBAN,Q3,0.4720033522842636
2031,INDIA,SR,KA,URBAN,Q4,0.445691222652702
2031,INDIA,SR,KA,URBAN,Q5,0.3104758426836056
2031,INDIA,SR,KL,RURAL,Q1,0.0
2031,INDIA,SR,KL,RURAL,Q2,0.0
2031,INDIA,SR,KL,RURAL,Q3,0.0
2031,INDIA,SR,KL,RURAL,Q4,0.0
2031,INDIA,SR,KL,RURAL,Q5,0.0
2031,INDIA,SR,KL,URBAN,Q1,0.2346267440053067
2031,INDIA,SR,KL,URBAN,Q2,0.2055268303358272
2031,INDIA,SR,KL,URBAN,Q3,0.1295626649454325
2031,INDIA,SR,KL,URBAN,Q4,0.1556468513679161
2031,INDIA,SR,KL,URBAN,Q5,0.1132161810677466
2031,INDIA,SR,TN,RURAL,Q1,0.0
2031,INDIA,SR,TN,RURAL,Q2,0.0
2031,INDIA,SR,TN,RURAL,Q3,0.0
2031,INDIA,SR,TN,RURAL,Q4,0.0
2031,INDIA,SR,TN,RURAL,Q5,0.0
2031,INDIA,SR,TN,URBAN,Q1,0.0074760132049289
2031,INDIA,SR,TN,URBAN,Q2,0.0061307425083461
2031,INDIA,SR,TN,URBAN,Q3,0.0063782905518226
2031,INDIA,SR,TN,URBAN,Q4,0.0049605141664228
2031,INDIA,SR,TN,URBAN,Q5,0.005251790348363
2031,INDIA,SR,TS,RURAL,Q1,0.0
2031,INDIA,SR,TS,RURAL,Q2,0.0
2031,INDIA,SR,TS,RURAL,Q3,0.0
2031,INDIA,SR,TS,RURAL,Q4,0.0
2031,INDIA,SR,TS,RURAL,Q5,0.0
2031,INDIA,SR,TS,URBAN,Q1,0.3814598018327974
2031,INDIA,SR,TS,URBAN,Q2,0.3742569315990052
2031,INDIA,SR,TS,URBAN,Q3,0.4301614511376666
2031,INDIA,SR,TS,URBAN,Q4,0.2088870201742943
2031,INDIA,SR,TS,URBAN,Q5,0.2163887685499673
2031,INDIA,NER,AS,RURAL,Q1,0.0
2031,INDIA,NER,AS,RURAL,Q2,0.0
2031,INDIA,NER,AS,RURAL,Q3,0.0
2031,INDIA,NER,AS,RURAL,Q4,0.0
2031,INDIA,NER,AS,RURAL,Q5,0.0
2031,INDIA,NER,AS,URBAN,Q1,0.1148139222930324
2031,INDIA,NER,AS,URBAN,Q2,0.0954896828599499
2031,INDIA,NER,AS,URBAN,Q3,0.1152040406889762
2031,INDIA,NER,AS,URBAN,Q4,0.0647011991097774
2031,INDIA,NER,AS,URBAN,Q5,0.0746684585584136
2031,INDIA,NER,NE,RURAL,Q1,0.0
2031,INDIA,NER,NE,RURAL,Q2,0.0
2031,INDIA,NER,NE,RURAL,Q3,0.0
2031,INDIA,NER,NE,RURAL,Q4,0.0
2031,INDIA,NER,NE,RURAL,Q5,0.0
2031,INDIA,NER,NE,URBAN,Q1,0.1594871635009843
2031,INDIA,NER,NE,URBAN,Q2,0.1335175738478772
2031,INDIA,NER,NE,URBAN,Q3,0.1478915180303624
2031,INDIA,NER,NE,URBAN,Q4,0.1308136306082623
2031,INDIA,NER,NE,URBAN,Q5,0.1169884285117835
