InstYear,EnergyStorTech,Year,ModelGeography,SubGeography1,EffectiveStorCapacity
2020,FOURHR_BATTERY,2021,INDIA,ER,0.0
2020,FOURHR_BATTERY,2021,INDIA,WR,0.0
2020,FOURHR_BATTERY,2021,INDIA,NR,0.0
2020,FOURHR_BATTERY,2021,INDIA,SR,0.0
2020,FOURHR_BATTERY,2021,INDIA,NER,0.0
2020,FOURHR_BATTERY,2022,INDIA,ER,0.0
2020,FOURHR_BATTERY,2022,INDIA,WR,0.0
2020,FOURHR_BATTERY,2022,INDIA,NR,0.0
2020,FOURHR_BATTERY,2022,INDIA,SR,0.0
2020,FOURHR_BATTERY,2022,INDIA,NER,0.0
2020,FOURHR_BATTERY,2023,INDIA,ER,0.0
2020,FOURHR_BATTERY,2023,INDIA,WR,0.0
2020,FOURHR_BATTERY,2023,INDIA,NR,0.0
2020,FOURHR_BATTERY,2023,INDIA,SR,0.0
2020,FOURHR_BATTERY,2023,INDIA,NER,0.0
2020,FOURHR_BATTERY,2024,INDIA,ER,0.0
2020,FOURHR_BATTERY,2024,INDIA,WR,0.0
2020,FOURHR_BATTERY,2024,INDIA,NR,0.0
2020,FOURHR_BATTERY,2024,INDIA,SR,0.0
2020,FOURHR_BATTERY,2024,INDIA,NER,0.0
2020,FOURHR_BATTERY,2025,INDIA,ER,0.0
2020,FOURHR_BATTERY,2025,INDIA,WR,0.0
2020,FOURHR_BATTERY,2025,INDIA,NR,0.0
2020,FOURHR_BATTERY,2025,INDIA,SR,0.0
2020,FOURHR_BATTERY,2025,INDIA,NER,0.0
2020,FOURHR_BATTERY,2026,INDIA,ER,0.0
2020,FOURHR_BATTERY,2026,INDIA,WR,0.0
2020,FOURHR_BATTERY,2026,INDIA,NR,0.0
2020,FOURHR_BATTERY,2026,INDIA,SR,0.0
2020,FOURHR_BATTERY,2026,INDIA,NER,0.0
2020,FOURHR_BATTERY,2027,INDIA,ER,0.0
2020,FOURHR_BATTERY,2027,INDIA,WR,0.0
2020,FOURHR_BATTERY,2027,INDIA,NR,0.0
2020,FOURHR_BATTERY,2027,INDIA,SR,0.0
2020,FOURHR_BATTERY,2027,INDIA,NER,0.0
2020,FOURHR_BATTERY,2028,INDIA,ER,0.0
2020,FOURHR_BATTERY,2028,INDIA,WR,0.0
2020,FOURHR_BATTERY,2028,INDIA,NR,0.0
2020,FOURHR_BATTERY,2028,INDIA,SR,0.0
2020,FOURHR_BATTERY,2028,INDIA,NER,0.0
2020,FOURHR_BATTERY,2029,INDIA,ER,0.0
2020,FOURHR_BATTERY,2029,INDIA,WR,0.0
2020,FOURHR_BATTERY,2029,INDIA,NR,0.0
2020,FOURHR_BATTERY,2029,INDIA,SR,0.0
2020,FOURHR_BATTERY,2029,INDIA,NER,0.0
2020,FOURHR_BATTERY,2030,INDIA,ER,0.0
2020,FOURHR_BATTERY,2030,INDIA,WR,0.0
2020,FOURHR_BATTERY,2030,INDIA,NR,0.0
2020,FOURHR_BATTERY,2030,INDIA,SR,0.0
2020,FOURHR_BATTERY,2030,INDIA,NER,0.0
2020,FOURHR_BATTERY,2031,INDIA,ER,0.0
2020,FOURHR_BATTERY,2031,INDIA,WR,0.0
2020,FOURHR_BATTERY,2031,INDIA,NR,0.0
2020,FOURHR_BATTERY,2031,INDIA,SR,0.0
2020,FOURHR_BATTERY,2031,INDIA,NER,0.0
2020,SIXHR_BATTERY,2021,INDIA,ER,0.0
2020,SIXHR_BATTERY,2021,INDIA,WR,0.0
2020,SIXHR_BATTERY,2021,INDIA,NR,0.0
2020,SIXHR_BATTERY,2021,INDIA,SR,0.0
2020,SIXHR_BATTERY,2021,INDIA,NER,0.0
2020,SIXHR_BATTERY,2022,INDIA,ER,0.0
2020,SIXHR_BATTERY,2022,INDIA,WR,0.0
2020,SIXHR_BATTERY,2022,INDIA,NR,0.0
2020,SIXHR_BATTERY,2022,INDIA,SR,0.0
2020,SIXHR_BATTERY,2022,INDIA,NER,0.0
2020,SIXHR_BATTERY,2023,INDIA,ER,0.0
2020,SIXHR_BATTERY,2023,INDIA,WR,0.0
2020,SIXHR_BATTERY,2023,INDIA,NR,0.0
2020,SIXHR_BATTERY,2023,INDIA,SR,0.0
2020,SIXHR_BATTERY,2023,INDIA,NER,0.0
2020,SIXHR_BATTERY,2024,INDIA,ER,0.0
2020,SIXHR_BATTERY,2024,INDIA,WR,0.0
2020,SIXHR_BATTERY,2024,INDIA,NR,0.0
2020,SIXHR_BATTERY,2024,INDIA,SR,0.0
2020,SIXHR_BATTERY,2024,INDIA,NER,0.0
2020,SIXHR_BATTERY,2025,INDIA,ER,0.0
2020,SIXHR_BATTERY,2025,INDIA,WR,0.0
2020,SIXHR_BATTERY,2025,INDIA,NR,0.0
2020,SIXHR_BATTERY,2025,INDIA,SR,0.0
2020,SIXHR_BATTERY,2025,INDIA,NER,0.0
2020,SIXHR_BATTERY,2026,INDIA,ER,0.0
2020,SIXHR_BATTERY,2026,INDIA,WR,0.0
2020,SIXHR_BATTERY,2026,INDIA,NR,0.0
2020,SIXHR_BATTERY,2026,INDIA,SR,0.0
2020,SIXHR_BATTERY,2026,INDIA,NER,0.0
2020,SIXHR_BATTERY,2027,INDIA,ER,0.0
2020,SIXHR_BATTERY,2027,INDIA,WR,0.0
2020,SIXHR_BATTERY,2027,INDIA,NR,0.0
2020,SIXHR_BATTERY,2027,INDIA,SR,0.0
2020,SIXHR_BATTERY,2027,INDIA,NER,0.0
2020,SIXHR_BATTERY,2028,INDIA,ER,0.0
2020,SIXHR_BATTERY,2028,INDIA,WR,0.0
2020,SIXHR_BATTERY,2028,INDIA,NR,0.0
2020,SIXHR_BATTERY,2028,INDIA,SR,0.0
2020,SIXHR_BATTERY,2028,INDIA,NER,0.0
2020,SIXHR_BATTERY,2029,INDIA,ER,0.0
2020,SIXHR_BATTERY,2029,INDIA,WR,0.0
2020,SIXHR_BATTERY,2029,INDIA,NR,0.0
2020,SIXHR_BATTERY,2029,INDIA,SR,0.0
2020,SIXHR_BATTERY,2029,INDIA,NER,0.0
2020,SIXHR_BATTERY,2030,INDIA,ER,0.0
2020,SIXHR_BATTERY,2030,INDIA,WR,0.0
2020,SIXHR_BATTERY,2030,INDIA,NR,0.0
2020,SIXHR_BATTERY,2030,INDIA,SR,0.0
2020,SIXHR_BATTERY,2030,INDIA,NER,0.0
2020,SIXHR_BATTERY,2031,INDIA,ER,0.0
2020,SIXHR_BATTERY,2031,INDIA,WR,0.0
2020,SIXHR_BATTERY,2031,INDIA,NR,0.0
2020,SIXHR_BATTERY,2031,INDIA,SR,0.0
2020,SIXHR_BATTERY,2031,INDIA,NER,0.0
2020,PUMPED_STOR,2021,INDIA,ER,4.5
2020,PUMPED_STOR,2021,INDIA,WR,2.0
2020,PUMPED_STOR,2021,INDIA,NR,0.0
2020,PUMPED_STOR,2021,INDIA,SR,10.028
2020,PUMPED_STOR,2021,INDIA,NER,0.0
2020,PUMPED_STOR,2022,INDIA,ER,4.5
2020,PUMPED_STOR,2022,INDIA,WR,2.0
2020,PUMPED_STOR,2022,INDIA,NR,0.0
2020,PUMPED_STOR,2022,INDIA,SR,10.028
2020,PUMPED_STOR,2022,INDIA,NER,0.0
2020,PUMPED_STOR,2023,INDIA,ER,4.5
2020,PUMPED_STOR,2023,INDIA,WR,2.0
2020,PUMPED_STOR,2023,INDIA,NR,0.0
2020,PUMPED_STOR,2023,INDIA,SR,10.028
2020,PUMPED_STOR,2023,INDIA,NER,0.0
2020,PUMPED_STOR,2024,INDIA,ER,4.5
2020,PUMPED_STOR,2024,INDIA,WR,2.0
2020,PUMPED_STOR,2024,INDIA,NR,0.0
2020,PUMPED_STOR,2024,INDIA,SR,10.028
2020,PUMPED_STOR,2024,INDIA,NER,0.0
2020,PUMPED_STOR,2025,INDIA,ER,4.5
2020,PUMPED_STOR,2025,INDIA,WR,2.0
2020,PUMPED_STOR,2025,INDIA,NR,0.0
2020,PUMPED_STOR,2025,INDIA,SR,10.028
2020,PUMPED_STOR,2025,INDIA,NER,0.0
2020,PUMPED_STOR,2026,INDIA,ER,4.5
2020,PUMPED_STOR,2026,INDIA,WR,2.0
2020,PUMPED_STOR,2026,INDIA,NR,0.0
2020,PUMPED_STOR,2026,INDIA,SR,10.028
2020,PUMPED_STOR,2026,INDIA,NER,0.0
2020,PUMPED_STOR,2027,INDIA,ER,4.5
2020,PUMPED_STOR,2027,INDIA,WR,2.0
2020,PUMPED_STOR,2027,INDIA,NR,0.0
2020,PUMPED_STOR,2027,INDIA,SR,10.028
2020,PUMPED_STOR,2027,INDIA,NER,0.0
2020,PUMPED_STOR,2028,INDIA,ER,4.5
2020,PUMPED_STOR,2028,INDIA,WR,2.0
2020,PUMPED_STOR,2028,INDIA,NR,0.0
2020,PUMPED_STOR,2028,INDIA,SR,10.028
2020,PUMPED_STOR,2028,INDIA,NER,0.0
2020,PUMPED_STOR,2029,INDIA,ER,4.5
2020,PUMPED_STOR,2029,INDIA,WR,2.0
2020,PUMPED_STOR,2029,INDIA,NR,0.0
2020,PUMPED_STOR,2029,INDIA,SR,10.028
2020,PUMPED_STOR,2029,INDIA,NER,0.0
2020,PUMPED_STOR,2030,INDIA,ER,4.5
2020,PUMPED_STOR,2030,INDIA,WR,2.0
2020,PUMPED_STOR,2030,INDIA,NR,0.0
2020,PUMPED_STOR,2030,INDIA,SR,10.028
2020,PUMPED_STOR,2030,INDIA,NER,0.0
2020,PUMPED_STOR,2031,INDIA,ER,4.5
2020,PUMPED_STOR,2031,INDIA,WR,2.0
2020,PUMPED_STOR,2031,INDIA,NR,0.0
2020,PUMPED_STOR,2031,INDIA,SR,10.028
2020,PUMPED_STOR,2031,INDIA,NER,0.0
2021,FOURHR_BATTERY,2021,INDIA,ER,0.0
2021,FOURHR_BATTERY,2021,INDIA,WR,0.0
2021,FOURHR_BATTERY,2021,INDIA,NR,0.0
2021,FOURHR_BATTERY,2021,INDIA,SR,0.0
2021,FOURHR_BATTERY,2021,INDIA,NER,0.0
2021,FOURHR_BATTERY,2022,INDIA,ER,0.0
2021,FOURHR_BATTERY,2022,INDIA,WR,0.0
2021,FOURHR_BATTERY,2022,INDIA,NR,0.0
2021,FOURHR_BATTERY,2022,INDIA,SR,0.0
2021,FOURHR_BATTERY,2022,INDIA,NER,0.0
2021,FOURHR_BATTERY,2023,INDIA,ER,0.0
2021,FOURHR_BATTERY,2023,INDIA,WR,0.0
2021,FOURHR_BATTERY,2023,INDIA,NR,0.0
2021,FOURHR_BATTERY,2023,INDIA,SR,0.0
2021,FOURHR_BATTERY,2023,INDIA,NER,0.0
2021,FOURHR_BATTERY,2024,INDIA,ER,0.0
2021,FOURHR_BATTERY,2024,INDIA,WR,0.0
2021,FOURHR_BATTERY,2024,INDIA,NR,0.0
2021,FOURHR_BATTERY,2024,INDIA,SR,0.0
2021,FOURHR_BATTERY,2024,INDIA,NER,0.0
2021,FOURHR_BATTERY,2025,INDIA,ER,0.0
2021,FOURHR_BATTERY,2025,INDIA,WR,0.0
2021,FOURHR_BATTERY,2025,INDIA,NR,0.0
2021,FOURHR_BATTERY,2025,INDIA,SR,0.0
2021,FOURHR_BATTERY,2025,INDIA,NER,0.0
2021,FOURHR_BATTERY,2026,INDIA,ER,0.0
2021,FOURHR_BATTERY,2026,INDIA,WR,0.0
2021,FOURHR_BATTERY,2026,INDIA,NR,0.0
2021,FOURHR_BATTERY,2026,INDIA,SR,0.0
2021,FOURHR_BATTERY,2026,INDIA,NER,0.0
2021,FOURHR_BATTERY,2027,INDIA,ER,0.0
2021,FOURHR_BATTERY,2027,INDIA,WR,0.0
2021,FOURHR_BATTERY,2027,INDIA,NR,0.0
2021,FOURHR_BATTERY,2027,INDIA,SR,0.0
2021,FOURHR_BATTERY,2027,INDIA,NER,0.0
2021,FOURHR_BATTERY,2028,INDIA,ER,0.0
2021,FOURHR_BATTERY,2028,INDIA,WR,0.0
2021,FOURHR_BATTERY,2028,INDIA,NR,0.0
2021,FOURHR_BATTERY,2028,INDIA,SR,0.0
2021,FOURHR_BATTERY,2028,INDIA,NER,0.0
2021,FOURHR_BATTERY,2029,INDIA,ER,0.0
2021,FOURHR_BATTERY,2029,INDIA,WR,0.0
2021,FOURHR_BATTERY,2029,INDIA,NR,0.0
2021,FOURHR_BATTERY,2029,INDIA,SR,0.0
2021,FOURHR_BATTERY,2029,INDIA,NER,0.0
2021,FOURHR_BATTERY,2030,INDIA,ER,0.0
2021,FOURHR_BATTERY,2030,INDIA,WR,0.0
2021,FOURHR_BATTERY,2030,INDIA,NR,0.0
2021,FOURHR_BATTERY,2030,INDIA,SR,0.0
2021,FOURHR_BATTERY,2030,INDIA,NER,0.0
2021,FOURHR_BATTERY,2031,INDIA,ER,0.0
2021,FOURHR_BATTERY,2031,INDIA,WR,0.0
2021,FOURHR_BATTERY,2031,INDIA,NR,0.0
2021,FOURHR_BATTERY,2031,INDIA,SR,0.0
2021,FOURHR_BATTERY,2031,INDIA,NER,0.0
2021,SIXHR_BATTERY,2021,INDIA,ER,0.0
2021,SIXHR_BATTERY,2021,INDIA,WR,0.0
2021,SIXHR_BATTERY,2021,INDIA,NR,0.0
2021,SIXHR_BATTERY,2021,INDIA,SR,0.0
2021,SIXHR_BATTERY,2021,INDIA,NER,0.0
2021,SIXHR_BATTERY,2022,INDIA,ER,0.0
2021,SIXHR_BATTERY,2022,INDIA,WR,0.0
2021,SIXHR_BATTERY,2022,INDIA,NR,0.0
2021,SIXHR_BATTERY,2022,INDIA,SR,0.0
2021,SIXHR_BATTERY,2022,INDIA,NER,0.0
2021,SIXHR_BATTERY,2023,INDIA,ER,0.0
2021,SIXHR_BATTERY,2023,INDIA,WR,0.0
2021,SIXHR_BATTERY,2023,INDIA,NR,0.0
2021,SIXHR_BATTERY,2023,INDIA,SR,0.0
2021,SIXHR_BATTERY,2023,INDIA,NER,0.0
2021,SIXHR_BATTERY,2024,INDIA,ER,0.0
2021,SIXHR_BATTERY,2024,INDIA,WR,0.0
2021,SIXHR_BATTERY,2024,INDIA,NR,0.0
2021,SIXHR_BATTERY,2024,INDIA,SR,0.0
2021,SIXHR_BATTERY,2024,INDIA,NER,0.0
2021,SIXHR_BATTERY,2025,INDIA,ER,0.0
2021,SIXHR_BATTERY,2025,INDIA,WR,0.0
2021,SIXHR_BATTERY,2025,INDIA,NR,0.0
2021,SIXHR_BATTERY,2025,INDIA,SR,0.0
2021,SIXHR_BATTERY,2025,INDIA,NER,0.0
2021,SIXHR_BATTERY,2026,INDIA,ER,0.0
2021,SIXHR_BATTERY,2026,INDIA,WR,0.0
2021,SIXHR_BATTERY,2026,INDIA,NR,0.0
2021,SIXHR_BATTERY,2026,INDIA,SR,0.0
2021,SIXHR_BATTERY,2026,INDIA,NER,0.0
2021,SIXHR_BATTERY,2027,INDIA,ER,0.0
2021,SIXHR_BATTERY,2027,INDIA,WR,0.0
2021,SIXHR_BATTERY,2027,INDIA,NR,0.0
2021,SIXHR_BATTERY,2027,INDIA,SR,0.0
2021,SIXHR_BATTERY,2027,INDIA,NER,0.0
2021,SIXHR_BATTERY,2028,INDIA,ER,0.0
2021,SIXHR_BATTERY,2028,INDIA,WR,0.0
2021,SIXHR_BATTERY,2028,INDIA,NR,0.0
2021,SIXHR_BATTERY,2028,INDIA,SR,0.0
2021,SIXHR_BATTERY,2028,INDIA,NER,0.0
2021,SIXHR_BATTERY,2029,INDIA,ER,0.0
2021,SIXHR_BATTERY,2029,INDIA,WR,0.0
2021,SIXHR_BATTERY,2029,INDIA,NR,0.0
2021,SIXHR_BATTERY,2029,INDIA,SR,0.0
2021,SIXHR_BATTERY,2029,INDIA,NER,0.0
2021,SIXHR_BATTERY,2030,INDIA,ER,0.0
2021,SIXHR_BATTERY,2030,INDIA,WR,0.0
2021,SIXHR_BATTERY,2030,INDIA,NR,0.0
2021,SIXHR_BATTERY,2030,INDIA,SR,0.0
2021,SIXHR_BATTERY,2030,INDIA,NER,0.0
2021,SIXHR_BATTERY,2031,INDIA,ER,0.0
2021,SIXHR_BATTERY,2031,INDIA,WR,0.0
2021,SIXHR_BATTERY,2031,INDIA,NR,0.0
2021,SIXHR_BATTERY,2031,INDIA,SR,0.0
2021,SIXHR_BATTERY,2031,INDIA,NER,0.0
2021,PUMPED_STOR,2021,INDIA,ER,0.0
2021,PUMPED_STOR,2021,INDIA,WR,0.0
2021,PUMPED_STOR,2021,INDIA,NR,0.0
2021,PUMPED_STOR,2021,INDIA,SR,0.0
2021,PUMPED_STOR,2021,INDIA,NER,0.0
2021,PUMPED_STOR,2022,INDIA,ER,0.0
2021,PUMPED_STOR,2022,INDIA,WR,0.0
2021,PUMPED_STOR,2022,INDIA,NR,0.0
2021,PUMPED_STOR,2022,INDIA,SR,0.0
2021,PUMPED_STOR,2022,INDIA,NER,0.0
2021,PUMPED_STOR,2023,INDIA,ER,0.0
2021,PUMPED_STOR,2023,INDIA,WR,0.0
2021,PUMPED_STOR,2023,INDIA,NR,0.0
2021,PUMPED_STOR,2023,INDIA,SR,0.0
2021,PUMPED_STOR,2023,INDIA,NER,0.0
2021,PUMPED_STOR,2024,INDIA,ER,0.0
2021,PUMPED_STOR,2024,INDIA,WR,0.0
2021,PUMPED_STOR,2024,INDIA,NR,0.0
2021,PUMPED_STOR,2024,INDIA,SR,0.0
2021,PUMPED_STOR,2024,INDIA,NER,0.0
2021,PUMPED_STOR,2025,INDIA,ER,0.0
2021,PUMPED_STOR,2025,INDIA,WR,0.0
2021,PUMPED_STOR,2025,INDIA,NR,0.0
2021,PUMPED_STOR,2025,INDIA,SR,0.0
2021,PUMPED_STOR,2025,INDIA,NER,0.0
2021,PUMPED_STOR,2026,INDIA,ER,0.0
2021,PUMPED_STOR,2026,INDIA,WR,0.0
2021,PUMPED_STOR,2026,INDIA,NR,0.0
2021,PUMPED_STOR,2026,INDIA,SR,0.0
2021,PUMPED_STOR,2026,INDIA,NER,0.0
2021,PUMPED_STOR,2027,INDIA,ER,0.0
2021,PUMPED_STOR,2027,INDIA,WR,0.0
2021,PUMPED_STOR,2027,INDIA,NR,0.0
2021,PUMPED_STOR,2027,INDIA,SR,0.0
2021,PUMPED_STOR,2027,INDIA,NER,0.0
2021,PUMPED_STOR,2028,INDIA,ER,0.0
2021,PUMPED_STOR,2028,INDIA,WR,0.0
2021,PUMPED_STOR,2028,INDIA,NR,0.0
2021,PUMPED_STOR,2028,INDIA,SR,0.0
2021,PUMPED_STOR,2028,INDIA,NER,0.0
2021,PUMPED_STOR,2029,INDIA,ER,0.0
2021,PUMPED_STOR,2029,INDIA,WR,0.0
2021,PUMPED_STOR,2029,INDIA,NR,0.0
2021,PUMPED_STOR,2029,INDIA,SR,0.0
2021,PUMPED_STOR,2029,INDIA,NER,0.0
2021,PUMPED_STOR,2030,INDIA,ER,0.0
2021,PUMPED_STOR,2030,INDIA,WR,0.0
2021,PUMPED_STOR,2030,INDIA,NR,0.0
2021,PUMPED_STOR,2030,INDIA,SR,0.0
2021,PUMPED_STOR,2030,INDIA,NER,0.0
2021,PUMPED_STOR,2031,INDIA,ER,0.0
2021,PUMPED_STOR,2031,INDIA,WR,0.0
2021,PUMPED_STOR,2031,INDIA,NR,0.0
2021,PUMPED_STOR,2031,INDIA,SR,0.0
2021,PUMPED_STOR,2031,INDIA,NER,0.0
2022,FOURHR_BATTERY,2021,INDIA,ER,0.0
2022,FOURHR_BATTERY,2021,INDIA,WR,0.0
2022,FOURHR_BATTERY,2021,INDIA,NR,0.0
2022,FOURHR_BATTERY,2021,INDIA,SR,0.0
2022,FOURHR_BATTERY,2021,INDIA,NER,0.0
2022,FOURHR_BATTERY,2022,INDIA,ER,0.0
2022,FOURHR_BATTERY,2022,INDIA,WR,0.0
2022,FOURHR_BATTERY,2022,INDIA,NR,0.0
2022,FOURHR_BATTERY,2022,INDIA,SR,0.0
2022,FOURHR_BATTERY,2022,INDIA,NER,0.0
2022,FOURHR_BATTERY,2023,INDIA,ER,0.0
2022,FOURHR_BATTERY,2023,INDIA,WR,0.0
2022,FOURHR_BATTERY,2023,INDIA,NR,0.0
2022,FOURHR_BATTERY,2023,INDIA,SR,0.0
2022,FOURHR_BATTERY,2023,INDIA,NER,0.0
2022,FOURHR_BATTERY,2024,INDIA,ER,0.0
2022,FOURHR_BATTERY,2024,INDIA,WR,0.0
2022,FOURHR_BATTERY,2024,INDIA,NR,0.0
2022,FOURHR_BATTERY,2024,INDIA,SR,0.0
2022,FOURHR_BATTERY,2024,INDIA,NER,0.0
2022,FOURHR_BATTERY,2025,INDIA,ER,0.0
2022,FOURHR_BATTERY,2025,INDIA,WR,0.0
2022,FOURHR_BATTERY,2025,INDIA,NR,0.0
2022,FOURHR_BATTERY,2025,INDIA,SR,0.0
2022,FOURHR_BATTERY,2025,INDIA,NER,0.0
2022,FOURHR_BATTERY,2026,INDIA,ER,0.0
2022,FOURHR_BATTERY,2026,INDIA,WR,0.0
2022,FOURHR_BATTERY,2026,INDIA,NR,0.0
2022,FOURHR_BATTERY,2026,INDIA,SR,0.0
2022,FOURHR_BATTERY,2026,INDIA,NER,0.0
2022,FOURHR_BATTERY,2027,INDIA,ER,0.0
2022,FOURHR_BATTERY,2027,INDIA,WR,0.0
2022,FOURHR_BATTERY,2027,INDIA,NR,0.0
2022,FOURHR_BATTERY,2027,INDIA,SR,0.0
2022,FOURHR_BATTERY,2027,INDIA,NER,0.0
2022,FOURHR_BATTERY,2028,INDIA,ER,0.0
2022,FOURHR_BATTERY,2028,INDIA,WR,0.0
2022,FOURHR_BATTERY,2028,INDIA,NR,0.0
2022,FOURHR_BATTERY,2028,INDIA,SR,0.0
2022,FOURHR_BATTERY,2028,INDIA,NER,0.0
2022,FOURHR_BATTERY,2029,INDIA,ER,0.0
2022,FOURHR_BATTERY,2029,INDIA,WR,0.0
2022,FOURHR_BATTERY,2029,INDIA,NR,0.0
2022,FOURHR_BATTERY,2029,INDIA,SR,0.0
2022,FOURHR_BATTERY,2029,INDIA,NER,0.0
2022,FOURHR_BATTERY,2030,INDIA,ER,0.0
2022,FOURHR_BATTERY,2030,INDIA,WR,0.0
2022,FOURHR_BATTERY,2030,INDIA,NR,0.0
2022,FOURHR_BATTERY,2030,INDIA,SR,0.0
2022,FOURHR_BATTERY,2030,INDIA,NER,0.0
2022,FOURHR_BATTERY,2031,INDIA,ER,0.0
2022,FOURHR_BATTERY,2031,INDIA,WR,0.0
2022,FOURHR_BATTERY,2031,INDIA,NR,0.0
2022,FOURHR_BATTERY,2031,INDIA,SR,0.0
2022,FOURHR_BATTERY,2031,INDIA,NER,0.0
2022,SIXHR_BATTERY,2021,INDIA,ER,0.0
2022,SIXHR_BATTERY,2021,INDIA,WR,0.0
2022,SIXHR_BATTERY,2021,INDIA,NR,0.0
2022,SIXHR_BATTERY,2021,INDIA,SR,0.0
2022,SIXHR_BATTERY,2021,INDIA,NER,0.0
2022,SIXHR_BATTERY,2022,INDIA,ER,0.0
2022,SIXHR_BATTERY,2022,INDIA,WR,0.0
2022,SIXHR_BATTERY,2022,INDIA,NR,0.0
2022,SIXHR_BATTERY,2022,INDIA,SR,0.0
2022,SIXHR_BATTERY,2022,INDIA,NER,0.0
2022,SIXHR_BATTERY,2023,INDIA,ER,0.0
2022,SIXHR_BATTERY,2023,INDIA,WR,0.0
2022,SIXHR_BATTERY,2023,INDIA,NR,0.0
2022,SIXHR_BATTERY,2023,INDIA,SR,0.0
2022,SIXHR_BATTERY,2023,INDIA,NER,0.0
2022,SIXHR_BATTERY,2024,INDIA,ER,0.0
2022,SIXHR_BATTERY,2024,INDIA,WR,0.0
2022,SIXHR_BATTERY,2024,INDIA,NR,0.0
2022,SIXHR_BATTERY,2024,INDIA,SR,0.0
2022,SIXHR_BATTERY,2024,INDIA,NER,0.0
2022,SIXHR_BATTERY,2025,INDIA,ER,0.0
2022,SIXHR_BATTERY,2025,INDIA,WR,0.0
2022,SIXHR_BATTERY,2025,INDIA,NR,0.0
2022,SIXHR_BATTERY,2025,INDIA,SR,0.0
2022,SIXHR_BATTERY,2025,INDIA,NER,0.0
2022,SIXHR_BATTERY,2026,INDIA,ER,0.0
2022,SIXHR_BATTERY,2026,INDIA,WR,0.0
2022,SIXHR_BATTERY,2026,INDIA,NR,0.0
2022,SIXHR_BATTERY,2026,INDIA,SR,0.0
2022,SIXHR_BATTERY,2026,INDIA,NER,0.0
2022,SIXHR_BATTERY,2027,INDIA,ER,0.0
2022,SIXHR_BATTERY,2027,INDIA,WR,0.0
2022,SIXHR_BATTERY,2027,INDIA,NR,0.0
2022,SIXHR_BATTERY,2027,INDIA,SR,0.0
2022,SIXHR_BATTERY,2027,INDIA,NER,0.0
2022,SIXHR_BATTERY,2028,INDIA,ER,0.0
2022,SIXHR_BATTERY,2028,INDIA,WR,0.0
2022,SIXHR_BATTERY,2028,INDIA,NR,0.0
2022,SIXHR_BATTERY,2028,INDIA,SR,0.0
2022,SIXHR_BATTERY,2028,INDIA,NER,0.0
2022,SIXHR_BATTERY,2029,INDIA,ER,0.0
2022,SIXHR_BATTERY,2029,INDIA,WR,0.0
2022,SIXHR_BATTERY,2029,INDIA,NR,0.0
2022,SIXHR_BATTERY,2029,INDIA,SR,0.0
2022,SIXHR_BATTERY,2029,INDIA,NER,0.0
2022,SIXHR_BATTERY,2030,INDIA,ER,0.0
2022,SIXHR_BATTERY,2030,INDIA,WR,0.0
2022,SIXHR_BATTERY,2030,INDIA,NR,0.0
2022,SIXHR_BATTERY,2030,INDIA,SR,0.0
2022,SIXHR_BATTERY,2030,INDIA,NER,0.0
2022,SIXHR_BATTERY,2031,INDIA,ER,0.0
2022,SIXHR_BATTERY,2031,INDIA,WR,0.0
2022,SIXHR_BATTERY,2031,INDIA,NR,0.0
2022,SIXHR_BATTERY,2031,INDIA,SR,0.0
2022,SIXHR_BATTERY,2031,INDIA,NER,0.0
2022,PUMPED_STOR,2021,INDIA,ER,0.0
2022,PUMPED_STOR,2021,INDIA,WR,0.0
2022,PUMPED_STOR,2021,INDIA,NR,0.0
2022,PUMPED_STOR,2021,INDIA,SR,0.0
2022,PUMPED_STOR,2021,INDIA,NER,0.0
2022,PUMPED_STOR,2022,INDIA,ER,0.0
2022,PUMPED_STOR,2022,INDIA,WR,0.0
2022,PUMPED_STOR,2022,INDIA,NR,0.0
2022,PUMPED_STOR,2022,INDIA,SR,0.0
2022,PUMPED_STOR,2022,INDIA,NER,0.0
2022,PUMPED_STOR,2023,INDIA,ER,0.0
2022,PUMPED_STOR,2023,INDIA,WR,0.0
2022,PUMPED_STOR,2023,INDIA,NR,0.0
2022,PUMPED_STOR,2023,INDIA,SR,0.0
2022,PUMPED_STOR,2023,INDIA,NER,0.0
2022,PUMPED_STOR,2024,INDIA,ER,0.0
2022,PUMPED_STOR,2024,INDIA,WR,0.0
2022,PUMPED_STOR,2024,INDIA,NR,0.0
2022,PUMPED_STOR,2024,INDIA,SR,0.0
2022,PUMPED_STOR,2024,INDIA,NER,0.0
2022,PUMPED_STOR,2025,INDIA,ER,0.0
2022,PUMPED_STOR,2025,INDIA,WR,0.0
2022,PUMPED_STOR,2025,INDIA,NR,0.0
2022,PUMPED_STOR,2025,INDIA,SR,0.0
2022,PUMPED_STOR,2025,INDIA,NER,0.0
2022,PUMPED_STOR,2026,INDIA,ER,0.0
2022,PUMPED_STOR,2026,INDIA,WR,0.0
2022,PUMPED_STOR,2026,INDIA,NR,0.0
2022,PUMPED_STOR,2026,INDIA,SR,0.0
2022,PUMPED_STOR,2026,INDIA,NER,0.0
2022,PUMPED_STOR,2027,INDIA,ER,0.0
2022,PUMPED_STOR,2027,INDIA,WR,0.0
2022,PUMPED_STOR,2027,INDIA,NR,0.0
2022,PUMPED_STOR,2027,INDIA,SR,0.0
2022,PUMPED_STOR,2027,INDIA,NER,0.0
2022,PUMPED_STOR,2028,INDIA,ER,0.0
2022,PUMPED_STOR,2028,INDIA,WR,0.0
2022,PUMPED_STOR,2028,INDIA,NR,0.0
2022,PUMPED_STOR,2028,INDIA,SR,0.0
2022,PUMPED_STOR,2028,INDIA,NER,0.0
2022,PUMPED_STOR,2029,INDIA,ER,0.0
2022,PUMPED_STOR,2029,INDIA,WR,0.0
2022,PUMPED_STOR,2029,INDIA,NR,0.0
2022,PUMPED_STOR,2029,INDIA,SR,0.0
2022,PUMPED_STOR,2029,INDIA,NER,0.0
2022,PUMPED_STOR,2030,INDIA,ER,0.0
2022,PUMPED_STOR,2030,INDIA,WR,0.0
2022,PUMPED_STOR,2030,INDIA,NR,0.0
2022,PUMPED_STOR,2030,INDIA,SR,0.0
2022,PUMPED_STOR,2030,INDIA,NER,0.0
2022,PUMPED_STOR,2031,INDIA,ER,0.0
2022,PUMPED_STOR,2031,INDIA,WR,0.0
2022,PUMPED_STOR,2031,INDIA,NR,0.0
2022,PUMPED_STOR,2031,INDIA,SR,0.0
2022,PUMPED_STOR,2031,INDIA,NER,0.0
2023,FOURHR_BATTERY,2021,INDIA,ER,0.0
2023,FOURHR_BATTERY,2021,INDIA,WR,0.0
2023,FOURHR_BATTERY,2021,INDIA,NR,0.0
2023,FOURHR_BATTERY,2021,INDIA,SR,0.0
2023,FOURHR_BATTERY,2021,INDIA,NER,0.0
2023,FOURHR_BATTERY,2022,INDIA,ER,0.0
2023,FOURHR_BATTERY,2022,INDIA,WR,0.0
2023,FOURHR_BATTERY,2022,INDIA,NR,0.0
2023,FOURHR_BATTERY,2022,INDIA,SR,0.0
2023,FOURHR_BATTERY,2022,INDIA,NER,0.0
2023,FOURHR_BATTERY,2023,INDIA,ER,0.0
2023,FOURHR_BATTERY,2023,INDIA,WR,0.0
2023,FOURHR_BATTERY,2023,INDIA,NR,0.0
2023,FOURHR_BATTERY,2023,INDIA,SR,0.0
2023,FOURHR_BATTERY,2023,INDIA,NER,0.0
2023,FOURHR_BATTERY,2024,INDIA,ER,0.0
2023,FOURHR_BATTERY,2024,INDIA,WR,0.0
2023,FOURHR_BATTERY,2024,INDIA,NR,0.0
2023,FOURHR_BATTERY,2024,INDIA,SR,0.0
2023,FOURHR_BATTERY,2024,INDIA,NER,0.0
2023,FOURHR_BATTERY,2025,INDIA,ER,0.0
2023,FOURHR_BATTERY,2025,INDIA,WR,0.0
2023,FOURHR_BATTERY,2025,INDIA,NR,0.0
2023,FOURHR_BATTERY,2025,INDIA,SR,0.0
2023,FOURHR_BATTERY,2025,INDIA,NER,0.0
2023,FOURHR_BATTERY,2026,INDIA,ER,0.0
2023,FOURHR_BATTERY,2026,INDIA,WR,0.0
2023,FOURHR_BATTERY,2026,INDIA,NR,0.0
2023,FOURHR_BATTERY,2026,INDIA,SR,0.0
2023,FOURHR_BATTERY,2026,INDIA,NER,0.0
2023,FOURHR_BATTERY,2027,INDIA,ER,0.0
2023,FOURHR_BATTERY,2027,INDIA,WR,0.0
2023,FOURHR_BATTERY,2027,INDIA,NR,0.0
2023,FOURHR_BATTERY,2027,INDIA,SR,0.0
2023,FOURHR_BATTERY,2027,INDIA,NER,0.0
2023,FOURHR_BATTERY,2028,INDIA,ER,0.0
2023,FOURHR_BATTERY,2028,INDIA,WR,0.0
2023,FOURHR_BATTERY,2028,INDIA,NR,0.0
2023,FOURHR_BATTERY,2028,INDIA,SR,0.0
2023,FOURHR_BATTERY,2028,INDIA,NER,0.0
2023,FOURHR_BATTERY,2029,INDIA,ER,0.0
2023,FOURHR_BATTERY,2029,INDIA,WR,0.0
2023,FOURHR_BATTERY,2029,INDIA,NR,0.0
2023,FOURHR_BATTERY,2029,INDIA,SR,0.0
2023,FOURHR_BATTERY,2029,INDIA,NER,0.0
2023,FOURHR_BATTERY,2030,INDIA,ER,0.0
2023,FOURHR_BATTERY,2030,INDIA,WR,0.0
2023,FOURHR_BATTERY,2030,INDIA,NR,0.0
2023,FOURHR_BATTERY,2030,INDIA,SR,0.0
2023,FOURHR_BATTERY,2030,INDIA,NER,0.0
2023,FOURHR_BATTERY,2031,INDIA,ER,0.0
2023,FOURHR_BATTERY,2031,INDIA,WR,0.0
2023,FOURHR_BATTERY,2031,INDIA,NR,0.0
2023,FOURHR_BATTERY,2031,INDIA,SR,0.0
2023,FOURHR_BATTERY,2031,INDIA,NER,0.0
2023,SIXHR_BATTERY,2021,INDIA,ER,0.0
2023,SIXHR_BATTERY,2021,INDIA,WR,0.0
2023,SIXHR_BATTERY,2021,INDIA,NR,0.0
2023,SIXHR_BATTERY,2021,INDIA,SR,0.0
2023,SIXHR_BATTERY,2021,INDIA,NER,0.0
2023,SIXHR_BATTERY,2022,INDIA,ER,0.0
2023,SIXHR_BATTERY,2022,INDIA,WR,0.0
2023,SIXHR_BATTERY,2022,INDIA,NR,0.0
2023,SIXHR_BATTERY,2022,INDIA,SR,0.0
2023,SIXHR_BATTERY,2022,INDIA,NER,0.0
2023,SIXHR_BATTERY,2023,INDIA,ER,0.0
2023,SIXHR_BATTERY,2023,INDIA,WR,0.0
2023,SIXHR_BATTERY,2023,INDIA,NR,0.0
2023,SIXHR_BATTERY,2023,INDIA,SR,0.0
2023,SIXHR_BATTERY,2023,INDIA,NER,0.0
2023,SIXHR_BATTERY,2024,INDIA,ER,0.0
2023,SIXHR_BATTERY,2024,INDIA,WR,0.0
2023,SIXHR_BATTERY,2024,INDIA,NR,0.0
2023,SIXHR_BATTERY,2024,INDIA,SR,0.0
2023,SIXHR_BATTERY,2024,INDIA,NER,0.0
2023,SIXHR_BATTERY,2025,INDIA,ER,0.0
2023,SIXHR_BATTERY,2025,INDIA,WR,0.0
2023,SIXHR_BATTERY,2025,INDIA,NR,0.0
2023,SIXHR_BATTERY,2025,INDIA,SR,0.0
2023,SIXHR_BATTERY,2025,INDIA,NER,0.0
2023,SIXHR_BATTERY,2026,INDIA,ER,0.0
2023,SIXHR_BATTERY,2026,INDIA,WR,0.0
2023,SIXHR_BATTERY,2026,INDIA,NR,0.0
2023,SIXHR_BATTERY,2026,INDIA,SR,0.0
2023,SIXHR_BATTERY,2026,INDIA,NER,0.0
2023,SIXHR_BATTERY,2027,INDIA,ER,0.0
2023,SIXHR_BATTERY,2027,INDIA,WR,0.0
2023,SIXHR_BATTERY,2027,INDIA,NR,0.0
2023,SIXHR_BATTERY,2027,INDIA,SR,0.0
2023,SIXHR_BATTERY,2027,INDIA,NER,0.0
2023,SIXHR_BATTERY,2028,INDIA,ER,0.0
2023,SIXHR_BATTERY,2028,INDIA,WR,0.0
2023,SIXHR_BATTERY,2028,INDIA,NR,0.0
2023,SIXHR_BATTERY,2028,INDIA,SR,0.0
2023,SIXHR_BATTERY,2028,INDIA,NER,0.0
2023,SIXHR_BATTERY,2029,INDIA,ER,0.0
2023,SIXHR_BATTERY,2029,INDIA,WR,0.0
2023,SIXHR_BATTERY,2029,INDIA,NR,0.0
2023,SIXHR_BATTERY,2029,INDIA,SR,0.0
2023,SIXHR_BATTERY,2029,INDIA,NER,0.0
2023,SIXHR_BATTERY,2030,INDIA,ER,0.0
2023,SIXHR_BATTERY,2030,INDIA,WR,0.0
2023,SIXHR_BATTERY,2030,INDIA,NR,0.0
2023,SIXHR_BATTERY,2030,INDIA,SR,0.0
2023,SIXHR_BATTERY,2030,INDIA,NER,0.0
2023,SIXHR_BATTERY,2031,INDIA,ER,0.0
2023,SIXHR_BATTERY,2031,INDIA,WR,0.0
2023,SIXHR_BATTERY,2031,INDIA,NR,0.0
2023,SIXHR_BATTERY,2031,INDIA,SR,0.0
2023,SIXHR_BATTERY,2031,INDIA,NER,0.0
2023,PUMPED_STOR,2021,INDIA,ER,0.0
2023,PUMPED_STOR,2021,INDIA,WR,0.0
2023,PUMPED_STOR,2021,INDIA,NR,0.0
2023,PUMPED_STOR,2021,INDIA,SR,0.0
2023,PUMPED_STOR,2021,INDIA,NER,0.0
2023,PUMPED_STOR,2022,INDIA,ER,0.0
2023,PUMPED_STOR,2022,INDIA,WR,0.0
2023,PUMPED_STOR,2022,INDIA,NR,0.0
2023,PUMPED_STOR,2022,INDIA,SR,0.0
2023,PUMPED_STOR,2022,INDIA,NER,0.0
2023,PUMPED_STOR,2023,INDIA,ER,0.0
2023,PUMPED_STOR,2023,INDIA,WR,0.0
2023,PUMPED_STOR,2023,INDIA,NR,0.0
2023,PUMPED_STOR,2023,INDIA,SR,0.0
2023,PUMPED_STOR,2023,INDIA,NER,0.0
2023,PUMPED_STOR,2024,INDIA,ER,0.0
2023,PUMPED_STOR,2024,INDIA,WR,0.0
2023,PUMPED_STOR,2024,INDIA,NR,0.0
2023,PUMPED_STOR,2024,INDIA,SR,0.0
2023,PUMPED_STOR,2024,INDIA,NER,0.0
2023,PUMPED_STOR,2025,INDIA,ER,0.0
2023,PUMPED_STOR,2025,INDIA,WR,0.0
2023,PUMPED_STOR,2025,INDIA,NR,0.0
2023,PUMPED_STOR,2025,INDIA,SR,0.0
2023,PUMPED_STOR,2025,INDIA,NER,0.0
2023,PUMPED_STOR,2026,INDIA,ER,0.0
2023,PUMPED_STOR,2026,INDIA,WR,0.0
2023,PUMPED_STOR,2026,INDIA,NR,0.0
2023,PUMPED_STOR,2026,INDIA,SR,0.0
2023,PUMPED_STOR,2026,INDIA,NER,0.0
2023,PUMPED_STOR,2027,INDIA,ER,0.0
2023,PUMPED_STOR,2027,INDIA,WR,0.0
2023,PUMPED_STOR,2027,INDIA,NR,0.0
2023,PUMPED_STOR,2027,INDIA,SR,0.0
2023,PUMPED_STOR,2027,INDIA,NER,0.0
2023,PUMPED_STOR,2028,INDIA,ER,0.0
2023,PUMPED_STOR,2028,INDIA,WR,0.0
2023,PUMPED_STOR,2028,INDIA,NR,0.0
2023,PUMPED_STOR,2028,INDIA,SR,0.0
2023,PUMPED_STOR,2028,INDIA,NER,0.0
2023,PUMPED_STOR,2029,INDIA,ER,0.0
2023,PUMPED_STOR,2029,INDIA,WR,0.0
2023,PUMPED_STOR,2029,INDIA,NR,0.0
2023,PUMPED_STOR,2029,INDIA,SR,0.0
2023,PUMPED_STOR,2029,INDIA,NER,0.0
2023,PUMPED_STOR,2030,INDIA,ER,0.0
2023,PUMPED_STOR,2030,INDIA,WR,0.0
2023,PUMPED_STOR,2030,INDIA,NR,0.0
2023,PUMPED_STOR,2030,INDIA,SR,0.0
2023,PUMPED_STOR,2030,INDIA,NER,0.0
2023,PUMPED_STOR,2031,INDIA,ER,0.0
2023,PUMPED_STOR,2031,INDIA,WR,0.0
2023,PUMPED_STOR,2031,INDIA,NR,0.0
2023,PUMPED_STOR,2031,INDIA,SR,0.0
2023,PUMPED_STOR,2031,INDIA,NER,0.0
2024,FOURHR_BATTERY,2021,INDIA,ER,0.0
2024,FOURHR_BATTERY,2021,INDIA,WR,0.0
2024,FOURHR_BATTERY,2021,INDIA,NR,0.0
2024,FOURHR_BATTERY,2021,INDIA,SR,0.0
2024,FOURHR_BATTERY,2021,INDIA,NER,0.0
2024,FOURHR_BATTERY,2022,INDIA,ER,0.0
2024,FOURHR_BATTERY,2022,INDIA,WR,0.0
2024,FOURHR_BATTERY,2022,INDIA,NR,0.0
2024,FOURHR_BATTERY,2022,INDIA,SR,0.0
2024,FOURHR_BATTERY,2022,INDIA,NER,0.0
2024,FOURHR_BATTERY,2023,INDIA,ER,0.0
2024,FOURHR_BATTERY,2023,INDIA,WR,0.0
2024,FOURHR_BATTERY,2023,INDIA,NR,0.0
2024,FOURHR_BATTERY,2023,INDIA,SR,0.0
2024,FOURHR_BATTERY,2023,INDIA,NER,0.0
2024,FOURHR_BATTERY,2024,INDIA,ER,0.0
2024,FOURHR_BATTERY,2024,INDIA,WR,0.0
2024,FOURHR_BATTERY,2024,INDIA,NR,0.0
2024,FOURHR_BATTERY,2024,INDIA,SR,0.0
2024,FOURHR_BATTERY,2024,INDIA,NER,0.0
2024,FOURHR_BATTERY,2025,INDIA,ER,0.0
2024,FOURHR_BATTERY,2025,INDIA,WR,0.0
2024,FOURHR_BATTERY,2025,INDIA,NR,0.0
2024,FOURHR_BATTERY,2025,INDIA,SR,0.0
2024,FOURHR_BATTERY,2025,INDIA,NER,0.0
2024,FOURHR_BATTERY,2026,INDIA,ER,0.0
2024,FOURHR_BATTERY,2026,INDIA,WR,0.0
2024,FOURHR_BATTERY,2026,INDIA,NR,0.0
2024,FOURHR_BATTERY,2026,INDIA,SR,0.0
2024,FOURHR_BATTERY,2026,INDIA,NER,0.0
2024,FOURHR_BATTERY,2027,INDIA,ER,0.0
2024,FOURHR_BATTERY,2027,INDIA,WR,0.0
2024,FOURHR_BATTERY,2027,INDIA,NR,0.0
2024,FOURHR_BATTERY,2027,INDIA,SR,0.0
2024,FOURHR_BATTERY,2027,INDIA,NER,0.0
2024,FOURHR_BATTERY,2028,INDIA,ER,0.0
2024,FOURHR_BATTERY,2028,INDIA,WR,0.0
2024,FOURHR_BATTERY,2028,INDIA,NR,0.0
2024,FOURHR_BATTERY,2028,INDIA,SR,0.0
2024,FOURHR_BATTERY,2028,INDIA,NER,0.0
2024,FOURHR_BATTERY,2029,INDIA,ER,0.0
2024,FOURHR_BATTERY,2029,INDIA,WR,0.0
2024,FOURHR_BATTERY,2029,INDIA,NR,0.0
2024,FOURHR_BATTERY,2029,INDIA,SR,0.0
2024,FOURHR_BATTERY,2029,INDIA,NER,0.0
2024,FOURHR_BATTERY,2030,INDIA,ER,0.0
2024,FOURHR_BATTERY,2030,INDIA,WR,0.0
2024,FOURHR_BATTERY,2030,INDIA,NR,0.0
2024,FOURHR_BATTERY,2030,INDIA,SR,0.0
2024,FOURHR_BATTERY,2030,INDIA,NER,0.0
2024,FOURHR_BATTERY,2031,INDIA,ER,0.0
2024,FOURHR_BATTERY,2031,INDIA,WR,0.0
2024,FOURHR_BATTERY,2031,INDIA,NR,0.0
2024,FOURHR_BATTERY,2031,INDIA,SR,0.0
2024,FOURHR_BATTERY,2031,INDIA,NER,0.0
2024,SIXHR_BATTERY,2021,INDIA,ER,0.0
2024,SIXHR_BATTERY,2021,INDIA,WR,0.0
2024,SIXHR_BATTERY,2021,INDIA,NR,0.0
2024,SIXHR_BATTERY,2021,INDIA,SR,0.0
2024,SIXHR_BATTERY,2021,INDIA,NER,0.0
2024,SIXHR_BATTERY,2022,INDIA,ER,0.0
2024,SIXHR_BATTERY,2022,INDIA,WR,0.0
2024,SIXHR_BATTERY,2022,INDIA,NR,0.0
2024,SIXHR_BATTERY,2022,INDIA,SR,0.0
2024,SIXHR_BATTERY,2022,INDIA,NER,0.0
2024,SIXHR_BATTERY,2023,INDIA,ER,0.0
2024,SIXHR_BATTERY,2023,INDIA,WR,0.0
2024,SIXHR_BATTERY,2023,INDIA,NR,0.0
2024,SIXHR_BATTERY,2023,INDIA,SR,0.0
2024,SIXHR_BATTERY,2023,INDIA,NER,0.0
2024,SIXHR_BATTERY,2024,INDIA,ER,0.0
2024,SIXHR_BATTERY,2024,INDIA,WR,0.0
2024,SIXHR_BATTERY,2024,INDIA,NR,0.0
2024,SIXHR_BATTERY,2024,INDIA,SR,0.0
2024,SIXHR_BATTERY,2024,INDIA,NER,0.0
2024,SIXHR_BATTERY,2025,INDIA,ER,0.0
2024,SIXHR_BATTERY,2025,INDIA,WR,0.0
2024,SIXHR_BATTERY,2025,INDIA,NR,0.0
2024,SIXHR_BATTERY,2025,INDIA,SR,0.0
2024,SIXHR_BATTERY,2025,INDIA,NER,0.0
2024,SIXHR_BATTERY,2026,INDIA,ER,0.0
2024,SIXHR_BATTERY,2026,INDIA,WR,0.0
2024,SIXHR_BATTERY,2026,INDIA,NR,0.0
2024,SIXHR_BATTERY,2026,INDIA,SR,0.0
2024,SIXHR_BATTERY,2026,INDIA,NER,0.0
2024,SIXHR_BATTERY,2027,INDIA,ER,0.0
2024,SIXHR_BATTERY,2027,INDIA,WR,0.0
2024,SIXHR_BATTERY,2027,INDIA,NR,0.0
2024,SIXHR_BATTERY,2027,INDIA,SR,0.0
2024,SIXHR_BATTERY,2027,INDIA,NER,0.0
2024,SIXHR_BATTERY,2028,INDIA,ER,0.0
2024,SIXHR_BATTERY,2028,INDIA,WR,0.0
2024,SIXHR_BATTERY,2028,INDIA,NR,0.0
2024,SIXHR_BATTERY,2028,INDIA,SR,0.0
2024,SIXHR_BATTERY,2028,INDIA,NER,0.0
2024,SIXHR_BATTERY,2029,INDIA,ER,0.0
2024,SIXHR_BATTERY,2029,INDIA,WR,0.0
2024,SIXHR_BATTERY,2029,INDIA,NR,0.0
2024,SIXHR_BATTERY,2029,INDIA,SR,0.0
2024,SIXHR_BATTERY,2029,INDIA,NER,0.0
2024,SIXHR_BATTERY,2030,INDIA,ER,0.0
2024,SIXHR_BATTERY,2030,INDIA,WR,0.0
2024,SIXHR_BATTERY,2030,INDIA,NR,0.0
2024,SIXHR_BATTERY,2030,INDIA,SR,0.0
2024,SIXHR_BATTERY,2030,INDIA,NER,0.0
2024,SIXHR_BATTERY,2031,INDIA,ER,0.0
2024,SIXHR_BATTERY,2031,INDIA,WR,0.0
2024,SIXHR_BATTERY,2031,INDIA,NR,0.0
2024,SIXHR_BATTERY,2031,INDIA,SR,0.0
2024,SIXHR_BATTERY,2031,INDIA,NER,0.0
2024,PUMPED_STOR,2021,INDIA,ER,0.0
2024,PUMPED_STOR,2021,INDIA,WR,0.0
2024,PUMPED_STOR,2021,INDIA,NR,0.0
2024,PUMPED_STOR,2021,INDIA,SR,0.0
2024,PUMPED_STOR,2021,INDIA,NER,0.0
2024,PUMPED_STOR,2022,INDIA,ER,0.0
2024,PUMPED_STOR,2022,INDIA,WR,0.0
2024,PUMPED_STOR,2022,INDIA,NR,0.0
2024,PUMPED_STOR,2022,INDIA,SR,0.0
2024,PUMPED_STOR,2022,INDIA,NER,0.0
2024,PUMPED_STOR,2023,INDIA,ER,0.0
2024,PUMPED_STOR,2023,INDIA,WR,0.0
2024,PUMPED_STOR,2023,INDIA,NR,0.0
2024,PUMPED_STOR,2023,INDIA,SR,0.0
2024,PUMPED_STOR,2023,INDIA,NER,0.0
2024,PUMPED_STOR,2024,INDIA,ER,0.0
2024,PUMPED_STOR,2024,INDIA,WR,0.0
2024,PUMPED_STOR,2024,INDIA,NR,5.0
2024,PUMPED_STOR,2024,INDIA,SR,0.0
2024,PUMPED_STOR,2024,INDIA,NER,0.0
2024,PUMPED_STOR,2025,INDIA,ER,0.0
2024,PUMPED_STOR,2025,INDIA,WR,0.0
2024,PUMPED_STOR,2025,INDIA,NR,5.0
2024,PUMPED_STOR,2025,INDIA,SR,0.0
2024,PUMPED_STOR,2025,INDIA,NER,0.0
2024,PUMPED_STOR,2026,INDIA,ER,0.0
2024,PUMPED_STOR,2026,INDIA,WR,0.0
2024,PUMPED_STOR,2026,INDIA,NR,5.0
2024,PUMPED_STOR,2026,INDIA,SR,0.0
2024,PUMPED_STOR,2026,INDIA,NER,0.0
2024,PUMPED_STOR,2027,INDIA,ER,0.0
2024,PUMPED_STOR,2027,INDIA,WR,0.0
2024,PUMPED_STOR,2027,INDIA,NR,5.0
2024,PUMPED_STOR,2027,INDIA,SR,0.0
2024,PUMPED_STOR,2027,INDIA,NER,0.0
2024,PUMPED_STOR,2028,INDIA,ER,0.0
2024,PUMPED_STOR,2028,INDIA,WR,0.0
2024,PUMPED_STOR,2028,INDIA,NR,5.0
2024,PUMPED_STOR,2028,INDIA,SR,0.0
2024,PUMPED_STOR,2028,INDIA,NER,0.0
2024,PUMPED_STOR,2029,INDIA,ER,0.0
2024,PUMPED_STOR,2029,INDIA,WR,0.0
2024,PUMPED_STOR,2029,INDIA,NR,5.0
2024,PUMPED_STOR,2029,INDIA,SR,0.0
2024,PUMPED_STOR,2029,INDIA,NER,0.0
2024,PUMPED_STOR,2030,INDIA,ER,0.0
2024,PUMPED_STOR,2030,INDIA,WR,0.0
2024,PUMPED_STOR,2030,INDIA,NR,5.0
2024,PUMPED_STOR,2030,INDIA,SR,0.0
2024,PUMPED_STOR,2030,INDIA,NER,0.0
2024,PUMPED_STOR,2031,INDIA,ER,0.0
2024,PUMPED_STOR,2031,INDIA,WR,0.0
2024,PUMPED_STOR,2031,INDIA,NR,5.0
2024,PUMPED_STOR,2031,INDIA,SR,0.0
2024,PUMPED_STOR,2031,INDIA,NER,0.0
2025,FOURHR_BATTERY,2021,INDIA,ER,0.0
2025,FOURHR_BATTERY,2021,INDIA,WR,0.0
2025,FOURHR_BATTERY,2021,INDIA,NR,0.0
2025,FOURHR_BATTERY,2021,INDIA,SR,0.0
2025,FOURHR_BATTERY,2021,INDIA,NER,0.0
2025,FOURHR_BATTERY,2022,INDIA,ER,0.0
2025,FOURHR_BATTERY,2022,INDIA,WR,0.0
2025,FOURHR_BATTERY,2022,INDIA,NR,0.0
2025,FOURHR_BATTERY,2022,INDIA,SR,0.0
2025,FOURHR_BATTERY,2022,INDIA,NER,0.0
2025,FOURHR_BATTERY,2023,INDIA,ER,0.0
2025,FOURHR_BATTERY,2023,INDIA,WR,0.0
2025,FOURHR_BATTERY,2023,INDIA,NR,0.0
2025,FOURHR_BATTERY,2023,INDIA,SR,0.0
2025,FOURHR_BATTERY,2023,INDIA,NER,0.0
2025,FOURHR_BATTERY,2024,INDIA,ER,0.0
2025,FOURHR_BATTERY,2024,INDIA,WR,0.0
2025,FOURHR_BATTERY,2024,INDIA,NR,0.0
2025,FOURHR_BATTERY,2024,INDIA,SR,0.0
2025,FOURHR_BATTERY,2024,INDIA,NER,0.0
2025,FOURHR_BATTERY,2025,INDIA,ER,0.0
2025,FOURHR_BATTERY,2025,INDIA,WR,0.0
2025,FOURHR_BATTERY,2025,INDIA,NR,0.0
2025,FOURHR_BATTERY,2025,INDIA,SR,0.0
2025,FOURHR_BATTERY,2025,INDIA,NER,0.0
2025,FOURHR_BATTERY,2026,INDIA,ER,0.0
2025,FOURHR_BATTERY,2026,INDIA,WR,0.0
2025,FOURHR_BATTERY,2026,INDIA,NR,0.0
2025,FOURHR_BATTERY,2026,INDIA,SR,0.0
2025,FOURHR_BATTERY,2026,INDIA,NER,0.0
2025,FOURHR_BATTERY,2027,INDIA,ER,0.0
2025,FOURHR_BATTERY,2027,INDIA,WR,0.0
2025,FOURHR_BATTERY,2027,INDIA,NR,0.0
2025,FOURHR_BATTERY,2027,INDIA,SR,0.0
2025,FOURHR_BATTERY,2027,INDIA,NER,0.0
2025,FOURHR_BATTERY,2028,INDIA,ER,0.0
2025,FOURHR_BATTERY,2028,INDIA,WR,0.0
2025,FOURHR_BATTERY,2028,INDIA,NR,0.0
2025,FOURHR_BATTERY,2028,INDIA,SR,0.0
2025,FOURHR_BATTERY,2028,INDIA,NER,0.0
2025,FOURHR_BATTERY,2029,INDIA,ER,0.0
2025,FOURHR_BATTERY,2029,INDIA,WR,0.0
2025,FOURHR_BATTERY,2029,INDIA,NR,0.0
2025,FOURHR_BATTERY,2029,INDIA,SR,0.0
2025,FOURHR_BATTERY,2029,INDIA,NER,0.0
2025,FOURHR_BATTERY,2030,INDIA,ER,0.0
2025,FOURHR_BATTERY,2030,INDIA,WR,0.0
2025,FOURHR_BATTERY,2030,INDIA,NR,0.0
2025,FOURHR_BATTERY,2030,INDIA,SR,0.0
2025,FOURHR_BATTERY,2030,INDIA,NER,0.0
2025,FOURHR_BATTERY,2031,INDIA,ER,0.0
2025,FOURHR_BATTERY,2031,INDIA,WR,0.0
2025,FOURHR_BATTERY,2031,INDIA,NR,0.0
2025,FOURHR_BATTERY,2031,INDIA,SR,0.0
2025,FOURHR_BATTERY,2031,INDIA,NER,0.0
2025,SIXHR_BATTERY,2021,INDIA,ER,0.0
2025,SIXHR_BATTERY,2021,INDIA,WR,0.0
2025,SIXHR_BATTERY,2021,INDIA,NR,0.0
2025,SIXHR_BATTERY,2021,INDIA,SR,0.0
2025,SIXHR_BATTERY,2021,INDIA,NER,0.0
2025,SIXHR_BATTERY,2022,INDIA,ER,0.0
2025,SIXHR_BATTERY,2022,INDIA,WR,0.0
2025,SIXHR_BATTERY,2022,INDIA,NR,0.0
2025,SIXHR_BATTERY,2022,INDIA,SR,0.0
2025,SIXHR_BATTERY,2022,INDIA,NER,0.0
2025,SIXHR_BATTERY,2023,INDIA,ER,0.0
2025,SIXHR_BATTERY,2023,INDIA,WR,0.0
2025,SIXHR_BATTERY,2023,INDIA,NR,0.0
2025,SIXHR_BATTERY,2023,INDIA,SR,0.0
2025,SIXHR_BATTERY,2023,INDIA,NER,0.0
2025,SIXHR_BATTERY,2024,INDIA,ER,0.0
2025,SIXHR_BATTERY,2024,INDIA,WR,0.0
2025,SIXHR_BATTERY,2024,INDIA,NR,0.0
2025,SIXHR_BATTERY,2024,INDIA,SR,0.0
2025,SIXHR_BATTERY,2024,INDIA,NER,0.0
2025,SIXHR_BATTERY,2025,INDIA,ER,0.0
2025,SIXHR_BATTERY,2025,INDIA,WR,0.0
2025,SIXHR_BATTERY,2025,INDIA,NR,0.0
2025,SIXHR_BATTERY,2025,INDIA,SR,0.0
2025,SIXHR_BATTERY,2025,INDIA,NER,0.0
2025,SIXHR_BATTERY,2026,INDIA,ER,0.0
2025,SIXHR_BATTERY,2026,INDIA,WR,0.0
2025,SIXHR_BATTERY,2026,INDIA,NR,0.0
2025,SIXHR_BATTERY,2026,INDIA,SR,0.0
2025,SIXHR_BATTERY,2026,INDIA,NER,0.0
2025,SIXHR_BATTERY,2027,INDIA,ER,0.0
2025,SIXHR_BATTERY,2027,INDIA,WR,0.0
2025,SIXHR_BATTERY,2027,INDIA,NR,0.0
2025,SIXHR_BATTERY,2027,INDIA,SR,0.0
2025,SIXHR_BATTERY,2027,INDIA,NER,0.0
2025,SIXHR_BATTERY,2028,INDIA,ER,0.0
2025,SIXHR_BATTERY,2028,INDIA,WR,0.0
2025,SIXHR_BATTERY,2028,INDIA,NR,0.0
2025,SIXHR_BATTERY,2028,INDIA,SR,0.0
2025,SIXHR_BATTERY,2028,INDIA,NER,0.0
2025,SIXHR_BATTERY,2029,INDIA,ER,0.0
2025,SIXHR_BATTERY,2029,INDIA,WR,0.0
2025,SIXHR_BATTERY,2029,INDIA,NR,0.0
2025,SIXHR_BATTERY,2029,INDIA,SR,0.0
2025,SIXHR_BATTERY,2029,INDIA,NER,0.0
2025,SIXHR_BATTERY,2030,INDIA,ER,0.0
2025,SIXHR_BATTERY,2030,INDIA,WR,0.0
2025,SIXHR_BATTERY,2030,INDIA,NR,0.0
2025,SIXHR_BATTERY,2030,INDIA,SR,0.0
2025,SIXHR_BATTERY,2030,INDIA,NER,0.0
2025,SIXHR_BATTERY,2031,INDIA,ER,0.0
2025,SIXHR_BATTERY,2031,INDIA,WR,0.0
2025,SIXHR_BATTERY,2031,INDIA,NR,0.0
2025,SIXHR_BATTERY,2031,INDIA,SR,0.0
2025,SIXHR_BATTERY,2031,INDIA,NER,0.0
2025,PUMPED_STOR,2021,INDIA,ER,0.0
2025,PUMPED_STOR,2021,INDIA,WR,0.0
2025,PUMPED_STOR,2021,INDIA,NR,0.0
2025,PUMPED_STOR,2021,INDIA,SR,0.0
2025,PUMPED_STOR,2021,INDIA,NER,0.0
2025,PUMPED_STOR,2022,INDIA,ER,0.0
2025,PUMPED_STOR,2022,INDIA,WR,0.0
2025,PUMPED_STOR,2022,INDIA,NR,0.0
2025,PUMPED_STOR,2022,INDIA,SR,0.0
2025,PUMPED_STOR,2022,INDIA,NER,0.0
2025,PUMPED_STOR,2023,INDIA,ER,0.0
2025,PUMPED_STOR,2023,INDIA,WR,0.0
2025,PUMPED_STOR,2023,INDIA,NR,0.0
2025,PUMPED_STOR,2023,INDIA,SR,0.0
2025,PUMPED_STOR,2023,INDIA,NER,0.0
2025,PUMPED_STOR,2024,INDIA,ER,0.0
2025,PUMPED_STOR,2024,INDIA,WR,0.0
2025,PUMPED_STOR,2024,INDIA,NR,0.0
2025,PUMPED_STOR,2024,INDIA,SR,0.0
2025,PUMPED_STOR,2024,INDIA,NER,0.0
2025,PUMPED_STOR,2025,INDIA,ER,0.0
2025,PUMPED_STOR,2025,INDIA,WR,0.0
2025,PUMPED_STOR,2025,INDIA,NR,0.0
2025,PUMPED_STOR,2025,INDIA,SR,2.5
2025,PUMPED_STOR,2025,INDIA,NER,0.0
2025,PUMPED_STOR,2026,INDIA,ER,0.0
2025,PUMPED_STOR,2026,INDIA,WR,0.0
2025,PUMPED_STOR,2026,INDIA,NR,0.0
2025,PUMPED_STOR,2026,INDIA,SR,2.5
2025,PUMPED_STOR,2026,INDIA,NER,0.0
2025,PUMPED_STOR,2027,INDIA,ER,0.0
2025,PUMPED_STOR,2027,INDIA,WR,0.0
2025,PUMPED_STOR,2027,INDIA,NR,0.0
2025,PUMPED_STOR,2027,INDIA,SR,2.5
2025,PUMPED_STOR,2027,INDIA,NER,0.0
2025,PUMPED_STOR,2028,INDIA,ER,0.0
2025,PUMPED_STOR,2028,INDIA,WR,0.0
2025,PUMPED_STOR,2028,INDIA,NR,0.0
2025,PUMPED_STOR,2028,INDIA,SR,2.5
2025,PUMPED_STOR,2028,INDIA,NER,0.0
2025,PUMPED_STOR,2029,INDIA,ER,0.0
2025,PUMPED_STOR,2029,INDIA,WR,0.0
2025,PUMPED_STOR,2029,INDIA,NR,0.0
2025,PUMPED_STOR,2029,INDIA,SR,2.5
2025,PUMPED_STOR,2029,INDIA,NER,0.0
2025,PUMPED_STOR,2030,INDIA,ER,0.0
2025,PUMPED_STOR,2030,INDIA,WR,0.0
2025,PUMPED_STOR,2030,INDIA,NR,0.0
2025,PUMPED_STOR,2030,INDIA,SR,2.5
2025,PUMPED_STOR,2030,INDIA,NER,0.0
2025,PUMPED_STOR,2031,INDIA,ER,0.0
2025,PUMPED_STOR,2031,INDIA,WR,0.0
2025,PUMPED_STOR,2031,INDIA,NR,0.0
2025,PUMPED_STOR,2031,INDIA,SR,2.5
2025,PUMPED_STOR,2031,INDIA,NER,0.0
2026,FOURHR_BATTERY,2021,INDIA,ER,0.0
2026,FOURHR_BATTERY,2021,INDIA,WR,0.0
2026,FOURHR_BATTERY,2021,INDIA,NR,0.0
2026,FOURHR_BATTERY,2021,INDIA,SR,0.0
2026,FOURHR_BATTERY,2021,INDIA,NER,0.0
2026,FOURHR_BATTERY,2022,INDIA,ER,0.0
2026,FOURHR_BATTERY,2022,INDIA,WR,0.0
2026,FOURHR_BATTERY,2022,INDIA,NR,0.0
2026,FOURHR_BATTERY,2022,INDIA,SR,0.0
2026,FOURHR_BATTERY,2022,INDIA,NER,0.0
2026,FOURHR_BATTERY,2023,INDIA,ER,0.0
2026,FOURHR_BATTERY,2023,INDIA,WR,0.0
2026,FOURHR_BATTERY,2023,INDIA,NR,0.0
2026,FOURHR_BATTERY,2023,INDIA,SR,0.0
2026,FOURHR_BATTERY,2023,INDIA,NER,0.0
2026,FOURHR_BATTERY,2024,INDIA,ER,0.0
2026,FOURHR_BATTERY,2024,INDIA,WR,0.0
2026,FOURHR_BATTERY,2024,INDIA,NR,0.0
2026,FOURHR_BATTERY,2024,INDIA,SR,0.0
2026,FOURHR_BATTERY,2024,INDIA,NER,0.0
2026,FOURHR_BATTERY,2025,INDIA,ER,0.0
2026,FOURHR_BATTERY,2025,INDIA,WR,0.0
2026,FOURHR_BATTERY,2025,INDIA,NR,0.0
2026,FOURHR_BATTERY,2025,INDIA,SR,0.0
2026,FOURHR_BATTERY,2025,INDIA,NER,0.0
2026,FOURHR_BATTERY,2026,INDIA,ER,0.0
2026,FOURHR_BATTERY,2026,INDIA,WR,0.0
2026,FOURHR_BATTERY,2026,INDIA,NR,0.0
2026,FOURHR_BATTERY,2026,INDIA,SR,0.0
2026,FOURHR_BATTERY,2026,INDIA,NER,0.0
2026,FOURHR_BATTERY,2027,INDIA,ER,0.0
2026,FOURHR_BATTERY,2027,INDIA,WR,0.0
2026,FOURHR_BATTERY,2027,INDIA,NR,0.0
2026,FOURHR_BATTERY,2027,INDIA,SR,0.0
2026,FOURHR_BATTERY,2027,INDIA,NER,0.0
2026,FOURHR_BATTERY,2028,INDIA,ER,0.0
2026,FOURHR_BATTERY,2028,INDIA,WR,0.0
2026,FOURHR_BATTERY,2028,INDIA,NR,0.0
2026,FOURHR_BATTERY,2028,INDIA,SR,0.0
2026,FOURHR_BATTERY,2028,INDIA,NER,0.0
2026,FOURHR_BATTERY,2029,INDIA,ER,0.0
2026,FOURHR_BATTERY,2029,INDIA,WR,0.0
2026,FOURHR_BATTERY,2029,INDIA,NR,0.0
2026,FOURHR_BATTERY,2029,INDIA,SR,0.0
2026,FOURHR_BATTERY,2029,INDIA,NER,0.0
2026,FOURHR_BATTERY,2030,INDIA,ER,0.0
2026,FOURHR_BATTERY,2030,INDIA,WR,0.0
2026,FOURHR_BATTERY,2030,INDIA,NR,0.0
2026,FOURHR_BATTERY,2030,INDIA,SR,0.0
2026,FOURHR_BATTERY,2030,INDIA,NER,0.0
2026,FOURHR_BATTERY,2031,INDIA,ER,0.0
2026,FOURHR_BATTERY,2031,INDIA,WR,0.0
2026,FOURHR_BATTERY,2031,INDIA,NR,0.0
2026,FOURHR_BATTERY,2031,INDIA,SR,0.0
2026,FOURHR_BATTERY,2031,INDIA,NER,0.0
2026,SIXHR_BATTERY,2021,INDIA,ER,0.0
2026,SIXHR_BATTERY,2021,INDIA,WR,0.0
2026,SIXHR_BATTERY,2021,INDIA,NR,0.0
2026,SIXHR_BATTERY,2021,INDIA,SR,0.0
2026,SIXHR_BATTERY,2021,INDIA,NER,0.0
2026,SIXHR_BATTERY,2022,INDIA,ER,0.0
2026,SIXHR_BATTERY,2022,INDIA,WR,0.0
2026,SIXHR_BATTERY,2022,INDIA,NR,0.0
2026,SIXHR_BATTERY,2022,INDIA,SR,0.0
2026,SIXHR_BATTERY,2022,INDIA,NER,0.0
2026,SIXHR_BATTERY,2023,INDIA,ER,0.0
2026,SIXHR_BATTERY,2023,INDIA,WR,0.0
2026,SIXHR_BATTERY,2023,INDIA,NR,0.0
2026,SIXHR_BATTERY,2023,INDIA,SR,0.0
2026,SIXHR_BATTERY,2023,INDIA,NER,0.0
2026,SIXHR_BATTERY,2024,INDIA,ER,0.0
2026,SIXHR_BATTERY,2024,INDIA,WR,0.0
2026,SIXHR_BATTERY,2024,INDIA,NR,0.0
2026,SIXHR_BATTERY,2024,INDIA,SR,0.0
2026,SIXHR_BATTERY,2024,INDIA,NER,0.0
2026,SIXHR_BATTERY,2025,INDIA,ER,0.0
2026,SIXHR_BATTERY,2025,INDIA,WR,0.0
2026,SIXHR_BATTERY,2025,INDIA,NR,0.0
2026,SIXHR_BATTERY,2025,INDIA,SR,0.0
2026,SIXHR_BATTERY,2025,INDIA,NER,0.0
2026,SIXHR_BATTERY,2026,INDIA,ER,0.0
2026,SIXHR_BATTERY,2026,INDIA,WR,0.0
2026,SIXHR_BATTERY,2026,INDIA,NR,0.0
2026,SIXHR_BATTERY,2026,INDIA,SR,0.0
2026,SIXHR_BATTERY,2026,INDIA,NER,0.0
2026,SIXHR_BATTERY,2027,INDIA,ER,0.0
2026,SIXHR_BATTERY,2027,INDIA,WR,0.0
2026,SIXHR_BATTERY,2027,INDIA,NR,0.0
2026,SIXHR_BATTERY,2027,INDIA,SR,0.0
2026,SIXHR_BATTERY,2027,INDIA,NER,0.0
2026,SIXHR_BATTERY,2028,INDIA,ER,0.0
2026,SIXHR_BATTERY,2028,INDIA,WR,0.0
2026,SIXHR_BATTERY,2028,INDIA,NR,0.0
2026,SIXHR_BATTERY,2028,INDIA,SR,0.0
2026,SIXHR_BATTERY,2028,INDIA,NER,0.0
2026,SIXHR_BATTERY,2029,INDIA,ER,0.0
2026,SIXHR_BATTERY,2029,INDIA,WR,0.0
2026,SIXHR_BATTERY,2029,INDIA,NR,0.0
2026,SIXHR_BATTERY,2029,INDIA,SR,0.0
2026,SIXHR_BATTERY,2029,INDIA,NER,0.0
2026,SIXHR_BATTERY,2030,INDIA,ER,0.0
2026,SIXHR_BATTERY,2030,INDIA,WR,0.0
2026,SIXHR_BATTERY,2030,INDIA,NR,0.0
2026,SIXHR_BATTERY,2030,INDIA,SR,0.0
2026,SIXHR_BATTERY,2030,INDIA,NER,0.0
2026,SIXHR_BATTERY,2031,INDIA,ER,0.0
2026,SIXHR_BATTERY,2031,INDIA,WR,0.0
2026,SIXHR_BATTERY,2031,INDIA,NR,0.0
2026,SIXHR_BATTERY,2031,INDIA,SR,0.0
2026,SIXHR_BATTERY,2031,INDIA,NER,0.0
2026,PUMPED_STOR,2021,INDIA,ER,0.0
2026,PUMPED_STOR,2021,INDIA,WR,0.0
2026,PUMPED_STOR,2021,INDIA,NR,0.0
2026,PUMPED_STOR,2021,INDIA,SR,0.0
2026,PUMPED_STOR,2021,INDIA,NER,0.0
2026,PUMPED_STOR,2022,INDIA,ER,0.0
2026,PUMPED_STOR,2022,INDIA,WR,0.0
2026,PUMPED_STOR,2022,INDIA,NR,0.0
2026,PUMPED_STOR,2022,INDIA,SR,0.0
2026,PUMPED_STOR,2022,INDIA,NER,0.0
2026,PUMPED_STOR,2023,INDIA,ER,0.0
2026,PUMPED_STOR,2023,INDIA,WR,0.0
2026,PUMPED_STOR,2023,INDIA,NR,0.0
2026,PUMPED_STOR,2023,INDIA,SR,0.0
2026,PUMPED_STOR,2023,INDIA,NER,0.0
2026,PUMPED_STOR,2024,INDIA,ER,0.0
2026,PUMPED_STOR,2024,INDIA,WR,0.0
2026,PUMPED_STOR,2024,INDIA,NR,0.0
2026,PUMPED_STOR,2024,INDIA,SR,0.0
2026,PUMPED_STOR,2024,INDIA,NER,0.0
2026,PUMPED_STOR,2025,INDIA,ER,0.0
2026,PUMPED_STOR,2025,INDIA,WR,0.0
2026,PUMPED_STOR,2025,INDIA,NR,0.0
2026,PUMPED_STOR,2025,INDIA,SR,0.0
2026,PUMPED_STOR,2025,INDIA,NER,0.0
2026,PUMPED_STOR,2026,INDIA,ER,0.0
2026,PUMPED_STOR,2026,INDIA,WR,0.4
2026,PUMPED_STOR,2026,INDIA,NR,0.0
2026,PUMPED_STOR,2026,INDIA,SR,0.0
2026,PUMPED_STOR,2026,INDIA,NER,0.0
2026,PUMPED_STOR,2027,INDIA,ER,0.0
2026,PUMPED_STOR,2027,INDIA,WR,0.4
2026,PUMPED_STOR,2027,INDIA,NR,0.0
2026,PUMPED_STOR,2027,INDIA,SR,0.0
2026,PUMPED_STOR,2027,INDIA,NER,0.0
2026,PUMPED_STOR,2028,INDIA,ER,0.0
2026,PUMPED_STOR,2028,INDIA,WR,0.4
2026,PUMPED_STOR,2028,INDIA,NR,0.0
2026,PUMPED_STOR,2028,INDIA,SR,0.0
2026,PUMPED_STOR,2028,INDIA,NER,0.0
2026,PUMPED_STOR,2029,INDIA,ER,0.0
2026,PUMPED_STOR,2029,INDIA,WR,0.4
2026,PUMPED_STOR,2029,INDIA,NR,0.0
2026,PUMPED_STOR,2029,INDIA,SR,0.0
2026,PUMPED_STOR,2029,INDIA,NER,0.0
2026,PUMPED_STOR,2030,INDIA,ER,0.0
2026,PUMPED_STOR,2030,INDIA,WR,0.4
2026,PUMPED_STOR,2030,INDIA,NR,0.0
2026,PUMPED_STOR,2030,INDIA,SR,0.0
2026,PUMPED_STOR,2030,INDIA,NER,0.0
2026,PUMPED_STOR,2031,INDIA,ER,0.0
2026,PUMPED_STOR,2031,INDIA,WR,0.4
2026,PUMPED_STOR,2031,INDIA,NR,0.0
2026,PUMPED_STOR,2031,INDIA,SR,0.0
2026,PUMPED_STOR,2031,INDIA,NER,0.0
2027,FOURHR_BATTERY,2021,INDIA,ER,0.0
2027,FOURHR_BATTERY,2021,INDIA,WR,0.0
2027,FOURHR_BATTERY,2021,INDIA,NR,0.0
2027,FOURHR_BATTERY,2021,INDIA,SR,0.0
2027,FOURHR_BATTERY,2021,INDIA,NER,0.0
2027,FOURHR_BATTERY,2022,INDIA,ER,0.0
2027,FOURHR_BATTERY,2022,INDIA,WR,0.0
2027,FOURHR_BATTERY,2022,INDIA,NR,0.0
2027,FOURHR_BATTERY,2022,INDIA,SR,0.0
2027,FOURHR_BATTERY,2022,INDIA,NER,0.0
2027,FOURHR_BATTERY,2023,INDIA,ER,0.0
2027,FOURHR_BATTERY,2023,INDIA,WR,0.0
2027,FOURHR_BATTERY,2023,INDIA,NR,0.0
2027,FOURHR_BATTERY,2023,INDIA,SR,0.0
2027,FOURHR_BATTERY,2023,INDIA,NER,0.0
2027,FOURHR_BATTERY,2024,INDIA,ER,0.0
2027,FOURHR_BATTERY,2024,INDIA,WR,0.0
2027,FOURHR_BATTERY,2024,INDIA,NR,0.0
2027,FOURHR_BATTERY,2024,INDIA,SR,0.0
2027,FOURHR_BATTERY,2024,INDIA,NER,0.0
2027,FOURHR_BATTERY,2025,INDIA,ER,0.0
2027,FOURHR_BATTERY,2025,INDIA,WR,0.0
2027,FOURHR_BATTERY,2025,INDIA,NR,0.0
2027,FOURHR_BATTERY,2025,INDIA,SR,0.0
2027,FOURHR_BATTERY,2025,INDIA,NER,0.0
2027,FOURHR_BATTERY,2026,INDIA,ER,0.0
2027,FOURHR_BATTERY,2026,INDIA,WR,0.0
2027,FOURHR_BATTERY,2026,INDIA,NR,0.0
2027,FOURHR_BATTERY,2026,INDIA,SR,0.0
2027,FOURHR_BATTERY,2026,INDIA,NER,0.0
2027,FOURHR_BATTERY,2027,INDIA,ER,0.0
2027,FOURHR_BATTERY,2027,INDIA,WR,0.0
2027,FOURHR_BATTERY,2027,INDIA,NR,0.0
2027,FOURHR_BATTERY,2027,INDIA,SR,0.0
2027,FOURHR_BATTERY,2027,INDIA,NER,0.0
2027,FOURHR_BATTERY,2028,INDIA,ER,0.0
2027,FOURHR_BATTERY,2028,INDIA,WR,0.0
2027,FOURHR_BATTERY,2028,INDIA,NR,0.0
2027,FOURHR_BATTERY,2028,INDIA,SR,0.0
2027,FOURHR_BATTERY,2028,INDIA,NER,0.0
2027,FOURHR_BATTERY,2029,INDIA,ER,0.0
2027,FOURHR_BATTERY,2029,INDIA,WR,0.0
2027,FOURHR_BATTERY,2029,INDIA,NR,0.0
2027,FOURHR_BATTERY,2029,INDIA,SR,0.0
2027,FOURHR_BATTERY,2029,INDIA,NER,0.0
2027,FOURHR_BATTERY,2030,INDIA,ER,0.0
2027,FOURHR_BATTERY,2030,INDIA,WR,0.0
2027,FOURHR_BATTERY,2030,INDIA,NR,0.0
2027,FOURHR_BATTERY,2030,INDIA,SR,0.0
2027,FOURHR_BATTERY,2030,INDIA,NER,0.0
2027,FOURHR_BATTERY,2031,INDIA,ER,0.0
2027,FOURHR_BATTERY,2031,INDIA,WR,0.0
2027,FOURHR_BATTERY,2031,INDIA,NR,0.0
2027,FOURHR_BATTERY,2031,INDIA,SR,0.0
2027,FOURHR_BATTERY,2031,INDIA,NER,0.0
2027,SIXHR_BATTERY,2021,INDIA,ER,0.0
2027,SIXHR_BATTERY,2021,INDIA,WR,0.0
2027,SIXHR_BATTERY,2021,INDIA,NR,0.0
2027,SIXHR_BATTERY,2021,INDIA,SR,0.0
2027,SIXHR_BATTERY,2021,INDIA,NER,0.0
2027,SIXHR_BATTERY,2022,INDIA,ER,0.0
2027,SIXHR_BATTERY,2022,INDIA,WR,0.0
2027,SIXHR_BATTERY,2022,INDIA,NR,0.0
2027,SIXHR_BATTERY,2022,INDIA,SR,0.0
2027,SIXHR_BATTERY,2022,INDIA,NER,0.0
2027,SIXHR_BATTERY,2023,INDIA,ER,0.0
2027,SIXHR_BATTERY,2023,INDIA,WR,0.0
2027,SIXHR_BATTERY,2023,INDIA,NR,0.0
2027,SIXHR_BATTERY,2023,INDIA,SR,0.0
2027,SIXHR_BATTERY,2023,INDIA,NER,0.0
2027,SIXHR_BATTERY,2024,INDIA,ER,0.0
2027,SIXHR_BATTERY,2024,INDIA,WR,0.0
2027,SIXHR_BATTERY,2024,INDIA,NR,0.0
2027,SIXHR_BATTERY,2024,INDIA,SR,0.0
2027,SIXHR_BATTERY,2024,INDIA,NER,0.0
2027,SIXHR_BATTERY,2025,INDIA,ER,0.0
2027,SIXHR_BATTERY,2025,INDIA,WR,0.0
2027,SIXHR_BATTERY,2025,INDIA,NR,0.0
2027,SIXHR_BATTERY,2025,INDIA,SR,0.0
2027,SIXHR_BATTERY,2025,INDIA,NER,0.0
2027,SIXHR_BATTERY,2026,INDIA,ER,0.0
2027,SIXHR_BATTERY,2026,INDIA,WR,0.0
2027,SIXHR_BATTERY,2026,INDIA,NR,0.0
2027,SIXHR_BATTERY,2026,INDIA,SR,0.0
2027,SIXHR_BATTERY,2026,INDIA,NER,0.0
2027,SIXHR_BATTERY,2027,INDIA,ER,0.0
2027,SIXHR_BATTERY,2027,INDIA,WR,0.0
2027,SIXHR_BATTERY,2027,INDIA,NR,0.0
2027,SIXHR_BATTERY,2027,INDIA,SR,0.0
2027,SIXHR_BATTERY,2027,INDIA,NER,0.0
2027,SIXHR_BATTERY,2028,INDIA,ER,0.0
2027,SIXHR_BATTERY,2028,INDIA,WR,0.0
2027,SIXHR_BATTERY,2028,INDIA,NR,0.0
2027,SIXHR_BATTERY,2028,INDIA,SR,0.0
2027,SIXHR_BATTERY,2028,INDIA,NER,0.0
2027,SIXHR_BATTERY,2029,INDIA,ER,0.0
2027,SIXHR_BATTERY,2029,INDIA,WR,0.0
2027,SIXHR_BATTERY,2029,INDIA,NR,0.0
2027,SIXHR_BATTERY,2029,INDIA,SR,0.0
2027,SIXHR_BATTERY,2029,INDIA,NER,0.0
2027,SIXHR_BATTERY,2030,INDIA,ER,0.0
2027,SIXHR_BATTERY,2030,INDIA,WR,0.0
2027,SIXHR_BATTERY,2030,INDIA,NR,0.0
2027,SIXHR_BATTERY,2030,INDIA,SR,0.0
2027,SIXHR_BATTERY,2030,INDIA,NER,0.0
2027,SIXHR_BATTERY,2031,INDIA,ER,0.0
2027,SIXHR_BATTERY,2031,INDIA,WR,0.0
2027,SIXHR_BATTERY,2031,INDIA,NR,0.0
2027,SIXHR_BATTERY,2031,INDIA,SR,0.0
2027,SIXHR_BATTERY,2031,INDIA,NER,0.0
2027,PUMPED_STOR,2021,INDIA,ER,0.0
2027,PUMPED_STOR,2021,INDIA,WR,0.0
2027,PUMPED_STOR,2021,INDIA,NR,0.0
2027,PUMPED_STOR,2021,INDIA,SR,0.0
2027,PUMPED_STOR,2021,INDIA,NER,0.0
2027,PUMPED_STOR,2022,INDIA,ER,0.0
2027,PUMPED_STOR,2022,INDIA,WR,0.0
2027,PUMPED_STOR,2022,INDIA,NR,0.0
2027,PUMPED_STOR,2022,INDIA,SR,0.0
2027,PUMPED_STOR,2022,INDIA,NER,0.0
2027,PUMPED_STOR,2023,INDIA,ER,0.0
2027,PUMPED_STOR,2023,INDIA,WR,0.0
2027,PUMPED_STOR,2023,INDIA,NR,0.0
2027,PUMPED_STOR,2023,INDIA,SR,0.0
2027,PUMPED_STOR,2023,INDIA,NER,0.0
2027,PUMPED_STOR,2024,INDIA,ER,0.0
2027,PUMPED_STOR,2024,INDIA,WR,0.0
2027,PUMPED_STOR,2024,INDIA,NR,0.0
2027,PUMPED_STOR,2024,INDIA,SR,0.0
2027,PUMPED_STOR,2024,INDIA,NER,0.0
2027,PUMPED_STOR,2025,INDIA,ER,0.0
2027,PUMPED_STOR,2025,INDIA,WR,0.0
2027,PUMPED_STOR,2025,INDIA,NR,0.0
2027,PUMPED_STOR,2025,INDIA,SR,0.0
2027,PUMPED_STOR,2025,INDIA,NER,0.0
2027,PUMPED_STOR,2026,INDIA,ER,0.0
2027,PUMPED_STOR,2026,INDIA,WR,0.0
2027,PUMPED_STOR,2026,INDIA,NR,0.0
2027,PUMPED_STOR,2026,INDIA,SR,0.0
2027,PUMPED_STOR,2026,INDIA,NER,0.0
2027,PUMPED_STOR,2027,INDIA,ER,0.0
2027,PUMPED_STOR,2027,INDIA,WR,0.0
2027,PUMPED_STOR,2027,INDIA,NR,0.0
2027,PUMPED_STOR,2027,INDIA,SR,0.0
2027,PUMPED_STOR,2027,INDIA,NER,0.0
2027,PUMPED_STOR,2028,INDIA,ER,0.0
2027,PUMPED_STOR,2028,INDIA,WR,0.0
2027,PUMPED_STOR,2028,INDIA,NR,0.0
2027,PUMPED_STOR,2028,INDIA,SR,0.0
2027,PUMPED_STOR,2028,INDIA,NER,0.0
2027,PUMPED_STOR,2029,INDIA,ER,0.0
2027,PUMPED_STOR,2029,INDIA,WR,0.0
2027,PUMPED_STOR,2029,INDIA,NR,0.0
2027,PUMPED_STOR,2029,INDIA,SR,0.0
2027,PUMPED_STOR,2029,INDIA,NER,0.0
2027,PUMPED_STOR,2030,INDIA,ER,0.0
2027,PUMPED_STOR,2030,INDIA,WR,0.0
2027,PUMPED_STOR,2030,INDIA,NR,0.0
2027,PUMPED_STOR,2030,INDIA,SR,0.0
2027,PUMPED_STOR,2030,INDIA,NER,0.0
2027,PUMPED_STOR,2031,INDIA,ER,0.0
2027,PUMPED_STOR,2031,INDIA,WR,0.0
2027,PUMPED_STOR,2031,INDIA,NR,0.0
2027,PUMPED_STOR,2031,INDIA,SR,0.0
2027,PUMPED_STOR,2031,INDIA,NER,0.0
2028,FOURHR_BATTERY,2021,INDIA,ER,0.0
2028,FOURHR_BATTERY,2021,INDIA,WR,0.0
2028,FOURHR_BATTERY,2021,INDIA,NR,0.0
2028,FOURHR_BATTERY,2021,INDIA,SR,0.0
2028,FOURHR_BATTERY,2021,INDIA,NER,0.0
2028,FOURHR_BATTERY,2022,INDIA,ER,0.0
2028,FOURHR_BATTERY,2022,INDIA,WR,0.0
2028,FOURHR_BATTERY,2022,INDIA,NR,0.0
2028,FOURHR_BATTERY,2022,INDIA,SR,0.0
2028,FOURHR_BATTERY,2022,INDIA,NER,0.0
2028,FOURHR_BATTERY,2023,INDIA,ER,0.0
2028,FOURHR_BATTERY,2023,INDIA,WR,0.0
2028,FOURHR_BATTERY,2023,INDIA,NR,0.0
2028,FOURHR_BATTERY,2023,INDIA,SR,0.0
2028,FOURHR_BATTERY,2023,INDIA,NER,0.0
2028,FOURHR_BATTERY,2024,INDIA,ER,0.0
2028,FOURHR_BATTERY,2024,INDIA,WR,0.0
2028,FOURHR_BATTERY,2024,INDIA,NR,0.0
2028,FOURHR_BATTERY,2024,INDIA,SR,0.0
2028,FOURHR_BATTERY,2024,INDIA,NER,0.0
2028,FOURHR_BATTERY,2025,INDIA,ER,0.0
2028,FOURHR_BATTERY,2025,INDIA,WR,0.0
2028,FOURHR_BATTERY,2025,INDIA,NR,0.0
2028,FOURHR_BATTERY,2025,INDIA,SR,0.0
2028,FOURHR_BATTERY,2025,INDIA,NER,0.0
2028,FOURHR_BATTERY,2026,INDIA,ER,0.0
2028,FOURHR_BATTERY,2026,INDIA,WR,0.0
2028,FOURHR_BATTERY,2026,INDIA,NR,0.0
2028,FOURHR_BATTERY,2026,INDIA,SR,0.0
2028,FOURHR_BATTERY,2026,INDIA,NER,0.0
2028,FOURHR_BATTERY,2027,INDIA,ER,0.0
2028,FOURHR_BATTERY,2027,INDIA,WR,0.0
2028,FOURHR_BATTERY,2027,INDIA,NR,0.0
2028,FOURHR_BATTERY,2027,INDIA,SR,0.0
2028,FOURHR_BATTERY,2027,INDIA,NER,0.0
2028,FOURHR_BATTERY,2028,INDIA,ER,0.0
2028,FOURHR_BATTERY,2028,INDIA,WR,0.0
2028,FOURHR_BATTERY,2028,INDIA,NR,0.0
2028,FOURHR_BATTERY,2028,INDIA,SR,0.0
2028,FOURHR_BATTERY,2028,INDIA,NER,0.0
2028,FOURHR_BATTERY,2029,INDIA,ER,0.0
2028,FOURHR_BATTERY,2029,INDIA,WR,0.0
2028,FOURHR_BATTERY,2029,INDIA,NR,0.0
2028,FOURHR_BATTERY,2029,INDIA,SR,0.0
2028,FOURHR_BATTERY,2029,INDIA,NER,0.0
2028,FOURHR_BATTERY,2030,INDIA,ER,0.0
2028,FOURHR_BATTERY,2030,INDIA,WR,0.0
2028,FOURHR_BATTERY,2030,INDIA,NR,0.0
2028,FOURHR_BATTERY,2030,INDIA,SR,0.0
2028,FOURHR_BATTERY,2030,INDIA,NER,0.0
2028,FOURHR_BATTERY,2031,INDIA,ER,0.0
2028,FOURHR_BATTERY,2031,INDIA,WR,0.0
2028,FOURHR_BATTERY,2031,INDIA,NR,0.0
2028,FOURHR_BATTERY,2031,INDIA,SR,0.0
2028,FOURHR_BATTERY,2031,INDIA,NER,0.0
2028,SIXHR_BATTERY,2021,INDIA,ER,0.0
2028,SIXHR_BATTERY,2021,INDIA,WR,0.0
2028,SIXHR_BATTERY,2021,INDIA,NR,0.0
2028,SIXHR_BATTERY,2021,INDIA,SR,0.0
2028,SIXHR_BATTERY,2021,INDIA,NER,0.0
2028,SIXHR_BATTERY,2022,INDIA,ER,0.0
2028,SIXHR_BATTERY,2022,INDIA,WR,0.0
2028,SIXHR_BATTERY,2022,INDIA,NR,0.0
2028,SIXHR_BATTERY,2022,INDIA,SR,0.0
2028,SIXHR_BATTERY,2022,INDIA,NER,0.0
2028,SIXHR_BATTERY,2023,INDIA,ER,0.0
2028,SIXHR_BATTERY,2023,INDIA,WR,0.0
2028,SIXHR_BATTERY,2023,INDIA,NR,0.0
2028,SIXHR_BATTERY,2023,INDIA,SR,0.0
2028,SIXHR_BATTERY,2023,INDIA,NER,0.0
2028,SIXHR_BATTERY,2024,INDIA,ER,0.0
2028,SIXHR_BATTERY,2024,INDIA,WR,0.0
2028,SIXHR_BATTERY,2024,INDIA,NR,0.0
2028,SIXHR_BATTERY,2024,INDIA,SR,0.0
2028,SIXHR_BATTERY,2024,INDIA,NER,0.0
2028,SIXHR_BATTERY,2025,INDIA,ER,0.0
2028,SIXHR_BATTERY,2025,INDIA,WR,0.0
2028,SIXHR_BATTERY,2025,INDIA,NR,0.0
2028,SIXHR_BATTERY,2025,INDIA,SR,0.0
2028,SIXHR_BATTERY,2025,INDIA,NER,0.0
2028,SIXHR_BATTERY,2026,INDIA,ER,0.0
2028,SIXHR_BATTERY,2026,INDIA,WR,0.0
2028,SIXHR_BATTERY,2026,INDIA,NR,0.0
2028,SIXHR_BATTERY,2026,INDIA,SR,0.0
2028,SIXHR_BATTERY,2026,INDIA,NER,0.0
2028,SIXHR_BATTERY,2027,INDIA,ER,0.0
2028,SIXHR_BATTERY,2027,INDIA,WR,0.0
2028,SIXHR_BATTERY,2027,INDIA,NR,0.0
2028,SIXHR_BATTERY,2027,INDIA,SR,0.0
2028,SIXHR_BATTERY,2027,INDIA,NER,0.0
2028,SIXHR_BATTERY,2028,INDIA,ER,0.0
2028,SIXHR_BATTERY,2028,INDIA,WR,0.0
2028,SIXHR_BATTERY,2028,INDIA,NR,0.0
2028,SIXHR_BATTERY,2028,INDIA,SR,0.0
2028,SIXHR_BATTERY,2028,INDIA,NER,0.0
2028,SIXHR_BATTERY,2029,INDIA,ER,0.0
2028,SIXHR_BATTERY,2029,INDIA,WR,0.0
2028,SIXHR_BATTERY,2029,INDIA,NR,0.0
2028,SIXHR_BATTERY,2029,INDIA,SR,0.0
2028,SIXHR_BATTERY,2029,INDIA,NER,0.0
2028,SIXHR_BATTERY,2030,INDIA,ER,0.0
2028,SIXHR_BATTERY,2030,INDIA,WR,0.0
2028,SIXHR_BATTERY,2030,INDIA,NR,0.0
2028,SIXHR_BATTERY,2030,INDIA,SR,0.0
2028,SIXHR_BATTERY,2030,INDIA,NER,0.0
2028,SIXHR_BATTERY,2031,INDIA,ER,0.0
2028,SIXHR_BATTERY,2031,INDIA,WR,0.0
2028,SIXHR_BATTERY,2031,INDIA,NR,0.0
2028,SIXHR_BATTERY,2031,INDIA,SR,0.0
2028,SIXHR_BATTERY,2031,INDIA,NER,0.0
2028,PUMPED_STOR,2021,INDIA,ER,0.0
2028,PUMPED_STOR,2021,INDIA,WR,0.0
2028,PUMPED_STOR,2021,INDIA,NR,0.0
2028,PUMPED_STOR,2021,INDIA,SR,0.0
2028,PUMPED_STOR,2021,INDIA,NER,0.0
2028,PUMPED_STOR,2022,INDIA,ER,0.0
2028,PUMPED_STOR,2022,INDIA,WR,0.0
2028,PUMPED_STOR,2022,INDIA,NR,0.0
2028,PUMPED_STOR,2022,INDIA,SR,0.0
2028,PUMPED_STOR,2022,INDIA,NER,0.0
2028,PUMPED_STOR,2023,INDIA,ER,0.0
2028,PUMPED_STOR,2023,INDIA,WR,0.0
2028,PUMPED_STOR,2023,INDIA,NR,0.0
2028,PUMPED_STOR,2023,INDIA,SR,0.0
2028,PUMPED_STOR,2023,INDIA,NER,0.0
2028,PUMPED_STOR,2024,INDIA,ER,0.0
2028,PUMPED_STOR,2024,INDIA,WR,0.0
2028,PUMPED_STOR,2024,INDIA,NR,0.0
2028,PUMPED_STOR,2024,INDIA,SR,0.0
2028,PUMPED_STOR,2024,INDIA,NER,0.0
2028,PUMPED_STOR,2025,INDIA,ER,0.0
2028,PUMPED_STOR,2025,INDIA,WR,0.0
2028,PUMPED_STOR,2025,INDIA,NR,0.0
2028,PUMPED_STOR,2025,INDIA,SR,0.0
2028,PUMPED_STOR,2025,INDIA,NER,0.0
2028,PUMPED_STOR,2026,INDIA,ER,0.0
2028,PUMPED_STOR,2026,INDIA,WR,0.0
2028,PUMPED_STOR,2026,INDIA,NR,0.0
2028,PUMPED_STOR,2026,INDIA,SR,0.0
2028,PUMPED_STOR,2026,INDIA,NER,0.0
2028,PUMPED_STOR,2027,INDIA,ER,0.0
2028,PUMPED_STOR,2027,INDIA,WR,0.0
2028,PUMPED_STOR,2027,INDIA,NR,0.0
2028,PUMPED_STOR,2027,INDIA,SR,0.0
2028,PUMPED_STOR,2027,INDIA,NER,0.0
2028,PUMPED_STOR,2028,INDIA,ER,0.0
2028,PUMPED_STOR,2028,INDIA,WR,0.0
2028,PUMPED_STOR,2028,INDIA,NR,0.0
2028,PUMPED_STOR,2028,INDIA,SR,0.0
2028,PUMPED_STOR,2028,INDIA,NER,0.0
2028,PUMPED_STOR,2029,INDIA,ER,0.0
2028,PUMPED_STOR,2029,INDIA,WR,0.0
2028,PUMPED_STOR,2029,INDIA,NR,0.0
2028,PUMPED_STOR,2029,INDIA,SR,0.0
2028,PUMPED_STOR,2029,INDIA,NER,0.0
2028,PUMPED_STOR,2030,INDIA,ER,0.0
2028,PUMPED_STOR,2030,INDIA,WR,0.0
2028,PUMPED_STOR,2030,INDIA,NR,0.0
2028,PUMPED_STOR,2030,INDIA,SR,0.0
2028,PUMPED_STOR,2030,INDIA,NER,0.0
2028,PUMPED_STOR,2031,INDIA,ER,0.0
2028,PUMPED_STOR,2031,INDIA,WR,0.0
2028,PUMPED_STOR,2031,INDIA,NR,0.0
2028,PUMPED_STOR,2031,INDIA,SR,0.0
2028,PUMPED_STOR,2031,INDIA,NER,0.0
2029,FOURHR_BATTERY,2021,INDIA,ER,0.0
2029,FOURHR_BATTERY,2021,INDIA,WR,0.0
2029,FOURHR_BATTERY,2021,INDIA,NR,0.0
2029,FOURHR_BATTERY,2021,INDIA,SR,0.0
2029,FOURHR_BATTERY,2021,INDIA,NER,0.0
2029,FOURHR_BATTERY,2022,INDIA,ER,0.0
2029,FOURHR_BATTERY,2022,INDIA,WR,0.0
2029,FOURHR_BATTERY,2022,INDIA,NR,0.0
2029,FOURHR_BATTERY,2022,INDIA,SR,0.0
2029,FOURHR_BATTERY,2022,INDIA,NER,0.0
2029,FOURHR_BATTERY,2023,INDIA,ER,0.0
2029,FOURHR_BATTERY,2023,INDIA,WR,0.0
2029,FOURHR_BATTERY,2023,INDIA,NR,0.0
2029,FOURHR_BATTERY,2023,INDIA,SR,0.0
2029,FOURHR_BATTERY,2023,INDIA,NER,0.0
2029,FOURHR_BATTERY,2024,INDIA,ER,0.0
2029,FOURHR_BATTERY,2024,INDIA,WR,0.0
2029,FOURHR_BATTERY,2024,INDIA,NR,0.0
2029,FOURHR_BATTERY,2024,INDIA,SR,0.0
2029,FOURHR_BATTERY,2024,INDIA,NER,0.0
2029,FOURHR_BATTERY,2025,INDIA,ER,0.0
2029,FOURHR_BATTERY,2025,INDIA,WR,0.0
2029,FOURHR_BATTERY,2025,INDIA,NR,0.0
2029,FOURHR_BATTERY,2025,INDIA,SR,0.0
2029,FOURHR_BATTERY,2025,INDIA,NER,0.0
2029,FOURHR_BATTERY,2026,INDIA,ER,0.0
2029,FOURHR_BATTERY,2026,INDIA,WR,0.0
2029,FOURHR_BATTERY,2026,INDIA,NR,0.0
2029,FOURHR_BATTERY,2026,INDIA,SR,0.0
2029,FOURHR_BATTERY,2026,INDIA,NER,0.0
2029,FOURHR_BATTERY,2027,INDIA,ER,0.0
2029,FOURHR_BATTERY,2027,INDIA,WR,0.0
2029,FOURHR_BATTERY,2027,INDIA,NR,0.0
2029,FOURHR_BATTERY,2027,INDIA,SR,0.0
2029,FOURHR_BATTERY,2027,INDIA,NER,0.0
2029,FOURHR_BATTERY,2028,INDIA,ER,0.0
2029,FOURHR_BATTERY,2028,INDIA,WR,0.0
2029,FOURHR_BATTERY,2028,INDIA,NR,0.0
2029,FOURHR_BATTERY,2028,INDIA,SR,0.0
2029,FOURHR_BATTERY,2028,INDIA,NER,0.0
2029,FOURHR_BATTERY,2029,INDIA,ER,0.0
2029,FOURHR_BATTERY,2029,INDIA,WR,0.0
2029,FOURHR_BATTERY,2029,INDIA,NR,0.0
2029,FOURHR_BATTERY,2029,INDIA,SR,0.0
2029,FOURHR_BATTERY,2029,INDIA,NER,0.0
2029,FOURHR_BATTERY,2030,INDIA,ER,0.0
2029,FOURHR_BATTERY,2030,INDIA,WR,0.0
2029,FOURHR_BATTERY,2030,INDIA,NR,0.0
2029,FOURHR_BATTERY,2030,INDIA,SR,0.0
2029,FOURHR_BATTERY,2030,INDIA,NER,0.0
2029,FOURHR_BATTERY,2031,INDIA,ER,0.0
2029,FOURHR_BATTERY,2031,INDIA,WR,0.0
2029,FOURHR_BATTERY,2031,INDIA,NR,0.0
2029,FOURHR_BATTERY,2031,INDIA,SR,0.0
2029,FOURHR_BATTERY,2031,INDIA,NER,0.0
2029,SIXHR_BATTERY,2021,INDIA,ER,0.0
2029,SIXHR_BATTERY,2021,INDIA,WR,0.0
2029,SIXHR_BATTERY,2021,INDIA,NR,0.0
2029,SIXHR_BATTERY,2021,INDIA,SR,0.0
2029,SIXHR_BATTERY,2021,INDIA,NER,0.0
2029,SIXHR_BATTERY,2022,INDIA,ER,0.0
2029,SIXHR_BATTERY,2022,INDIA,WR,0.0
2029,SIXHR_BATTERY,2022,INDIA,NR,0.0
2029,SIXHR_BATTERY,2022,INDIA,SR,0.0
2029,SIXHR_BATTERY,2022,INDIA,NER,0.0
2029,SIXHR_BATTERY,2023,INDIA,ER,0.0
2029,SIXHR_BATTERY,2023,INDIA,WR,0.0
2029,SIXHR_BATTERY,2023,INDIA,NR,0.0
2029,SIXHR_BATTERY,2023,INDIA,SR,0.0
2029,SIXHR_BATTERY,2023,INDIA,NER,0.0
2029,SIXHR_BATTERY,2024,INDIA,ER,0.0
2029,SIXHR_BATTERY,2024,INDIA,WR,0.0
2029,SIXHR_BATTERY,2024,INDIA,NR,0.0
2029,SIXHR_BATTERY,2024,INDIA,SR,0.0
2029,SIXHR_BATTERY,2024,INDIA,NER,0.0
2029,SIXHR_BATTERY,2025,INDIA,ER,0.0
2029,SIXHR_BATTERY,2025,INDIA,WR,0.0
2029,SIXHR_BATTERY,2025,INDIA,NR,0.0
2029,SIXHR_BATTERY,2025,INDIA,SR,0.0
2029,SIXHR_BATTERY,2025,INDIA,NER,0.0
2029,SIXHR_BATTERY,2026,INDIA,ER,0.0
2029,SIXHR_BATTERY,2026,INDIA,WR,0.0
2029,SIXHR_BATTERY,2026,INDIA,NR,0.0
2029,SIXHR_BATTERY,2026,INDIA,SR,0.0
2029,SIXHR_BATTERY,2026,INDIA,NER,0.0
2029,SIXHR_BATTERY,2027,INDIA,ER,0.0
2029,SIXHR_BATTERY,2027,INDIA,WR,0.0
2029,SIXHR_BATTERY,2027,INDIA,NR,0.0
2029,SIXHR_BATTERY,2027,INDIA,SR,0.0
2029,SIXHR_BATTERY,2027,INDIA,NER,0.0
2029,SIXHR_BATTERY,2028,INDIA,ER,0.0
2029,SIXHR_BATTERY,2028,INDIA,WR,0.0
2029,SIXHR_BATTERY,2028,INDIA,NR,0.0
2029,SIXHR_BATTERY,2028,INDIA,SR,0.0
2029,SIXHR_BATTERY,2028,INDIA,NER,0.0
2029,SIXHR_BATTERY,2029,INDIA,ER,0.0
2029,SIXHR_BATTERY,2029,INDIA,WR,0.0
2029,SIXHR_BATTERY,2029,INDIA,NR,0.0
2029,SIXHR_BATTERY,2029,INDIA,SR,0.0
2029,SIXHR_BATTERY,2029,INDIA,NER,0.0
2029,SIXHR_BATTERY,2030,INDIA,ER,0.0
2029,SIXHR_BATTERY,2030,INDIA,WR,0.0
2029,SIXHR_BATTERY,2030,INDIA,NR,0.0
2029,SIXHR_BATTERY,2030,INDIA,SR,0.0
2029,SIXHR_BATTERY,2030,INDIA,NER,0.0
2029,SIXHR_BATTERY,2031,INDIA,ER,0.0
2029,SIXHR_BATTERY,2031,INDIA,WR,0.0
2029,SIXHR_BATTERY,2031,INDIA,NR,0.0
2029,SIXHR_BATTERY,2031,INDIA,SR,0.0
2029,SIXHR_BATTERY,2031,INDIA,NER,0.0
2029,PUMPED_STOR,2021,INDIA,ER,0.0
2029,PUMPED_STOR,2021,INDIA,WR,0.0
2029,PUMPED_STOR,2021,INDIA,NR,0.0
2029,PUMPED_STOR,2021,INDIA,SR,0.0
2029,PUMPED_STOR,2021,INDIA,NER,0.0
2029,PUMPED_STOR,2022,INDIA,ER,0.0
2029,PUMPED_STOR,2022,INDIA,WR,0.0
2029,PUMPED_STOR,2022,INDIA,NR,0.0
2029,PUMPED_STOR,2022,INDIA,SR,0.0
2029,PUMPED_STOR,2022,INDIA,NER,0.0
2029,PUMPED_STOR,2023,INDIA,ER,0.0
2029,PUMPED_STOR,2023,INDIA,WR,0.0
2029,PUMPED_STOR,2023,INDIA,NR,0.0
2029,PUMPED_STOR,2023,INDIA,SR,0.0
2029,PUMPED_STOR,2023,INDIA,NER,0.0
2029,PUMPED_STOR,2024,INDIA,ER,0.0
2029,PUMPED_STOR,2024,INDIA,WR,0.0
2029,PUMPED_STOR,2024,INDIA,NR,0.0
2029,PUMPED_STOR,2024,INDIA,SR,0.0
2029,PUMPED_STOR,2024,INDIA,NER,0.0
2029,PUMPED_STOR,2025,INDIA,ER,0.0
2029,PUMPED_STOR,2025,INDIA,WR,0.0
2029,PUMPED_STOR,2025,INDIA,NR,0.0
2029,PUMPED_STOR,2025,INDIA,SR,0.0
2029,PUMPED_STOR,2025,INDIA,NER,0.0
2029,PUMPED_STOR,2026,INDIA,ER,0.0
2029,PUMPED_STOR,2026,INDIA,WR,0.0
2029,PUMPED_STOR,2026,INDIA,NR,0.0
2029,PUMPED_STOR,2026,INDIA,SR,0.0
2029,PUMPED_STOR,2026,INDIA,NER,0.0
2029,PUMPED_STOR,2027,INDIA,ER,0.0
2029,PUMPED_STOR,2027,INDIA,WR,0.0
2029,PUMPED_STOR,2027,INDIA,NR,0.0
2029,PUMPED_STOR,2027,INDIA,SR,0.0
2029,PUMPED_STOR,2027,INDIA,NER,0.0
2029,PUMPED_STOR,2028,INDIA,ER,0.0
2029,PUMPED_STOR,2028,INDIA,WR,0.0
2029,PUMPED_STOR,2028,INDIA,NR,0.0
2029,PUMPED_STOR,2028,INDIA,SR,0.0
2029,PUMPED_STOR,2028,INDIA,NER,0.0
2029,PUMPED_STOR,2029,INDIA,ER,0.0
2029,PUMPED_STOR,2029,INDIA,WR,0.0
2029,PUMPED_STOR,2029,INDIA,NR,0.0
2029,PUMPED_STOR,2029,INDIA,SR,0.0
2029,PUMPED_STOR,2029,INDIA,NER,0.0
2029,PUMPED_STOR,2030,INDIA,ER,0.0
2029,PUMPED_STOR,2030,INDIA,WR,0.0
2029,PUMPED_STOR,2030,INDIA,NR,0.0
2029,PUMPED_STOR,2030,INDIA,SR,0.0
2029,PUMPED_STOR,2030,INDIA,NER,0.0
2029,PUMPED_STOR,2031,INDIA,ER,0.0
2029,PUMPED_STOR,2031,INDIA,WR,0.0
2029,PUMPED_STOR,2031,INDIA,NR,0.0
2029,PUMPED_STOR,2031,INDIA,SR,0.0
2029,PUMPED_STOR,2031,INDIA,NER,0.0
2030,FOURHR_BATTERY,2021,INDIA,ER,0.0
2030,FOURHR_BATTERY,2021,INDIA,WR,0.0
2030,FOURHR_BATTERY,2021,INDIA,NR,0.0
2030,FOURHR_BATTERY,2021,INDIA,SR,0.0
2030,FOURHR_BATTERY,2021,INDIA,NER,0.0
2030,FOURHR_BATTERY,2022,INDIA,ER,0.0
2030,FOURHR_BATTERY,2022,INDIA,WR,0.0
2030,FOURHR_BATTERY,2022,INDIA,NR,0.0
2030,FOURHR_BATTERY,2022,INDIA,SR,0.0
2030,FOURHR_BATTERY,2022,INDIA,NER,0.0
2030,FOURHR_BATTERY,2023,INDIA,ER,0.0
2030,FOURHR_BATTERY,2023,INDIA,WR,0.0
2030,FOURHR_BATTERY,2023,INDIA,NR,0.0
2030,FOURHR_BATTERY,2023,INDIA,SR,0.0
2030,FOURHR_BATTERY,2023,INDIA,NER,0.0
2030,FOURHR_BATTERY,2024,INDIA,ER,0.0
2030,FOURHR_BATTERY,2024,INDIA,WR,0.0
2030,FOURHR_BATTERY,2024,INDIA,NR,0.0
2030,FOURHR_BATTERY,2024,INDIA,SR,0.0
2030,FOURHR_BATTERY,2024,INDIA,NER,0.0
2030,FOURHR_BATTERY,2025,INDIA,ER,0.0
2030,FOURHR_BATTERY,2025,INDIA,WR,0.0
2030,FOURHR_BATTERY,2025,INDIA,NR,0.0
2030,FOURHR_BATTERY,2025,INDIA,SR,0.0
2030,FOURHR_BATTERY,2025,INDIA,NER,0.0
2030,FOURHR_BATTERY,2026,INDIA,ER,0.0
2030,FOURHR_BATTERY,2026,INDIA,WR,0.0
2030,FOURHR_BATTERY,2026,INDIA,NR,0.0
2030,FOURHR_BATTERY,2026,INDIA,SR,0.0
2030,FOURHR_BATTERY,2026,INDIA,NER,0.0
2030,FOURHR_BATTERY,2027,INDIA,ER,0.0
2030,FOURHR_BATTERY,2027,INDIA,WR,0.0
2030,FOURHR_BATTERY,2027,INDIA,NR,0.0
2030,FOURHR_BATTERY,2027,INDIA,SR,0.0
2030,FOURHR_BATTERY,2027,INDIA,NER,0.0
2030,FOURHR_BATTERY,2028,INDIA,ER,0.0
2030,FOURHR_BATTERY,2028,INDIA,WR,0.0
2030,FOURHR_BATTERY,2028,INDIA,NR,0.0
2030,FOURHR_BATTERY,2028,INDIA,SR,0.0
2030,FOURHR_BATTERY,2028,INDIA,NER,0.0
2030,FOURHR_BATTERY,2029,INDIA,ER,0.0
2030,FOURHR_BATTERY,2029,INDIA,WR,0.0
2030,FOURHR_BATTERY,2029,INDIA,NR,0.0
2030,FOURHR_BATTERY,2029,INDIA,SR,0.0
2030,FOURHR_BATTERY,2029,INDIA,NER,0.0
2030,FOURHR_BATTERY,2030,INDIA,ER,0.5092390849999999
2030,FOURHR_BATTERY,2030,INDIA,WR,0.0
2030,FOURHR_BATTERY,2030,INDIA,NR,5.7760751610000005
2030,FOURHR_BATTERY,2030,INDIA,SR,0.42513884451003714
2030,FOURHR_BATTERY,2030,INDIA,NER,0.046495522
2030,FOURHR_BATTERY,2031,INDIA,ER,0.5092390849999999
2030,FOURHR_BATTERY,2031,INDIA,WR,0.0
2030,FOURHR_BATTERY,2031,INDIA,NR,5.7760751610000005
2030,FOURHR_BATTERY,2031,INDIA,SR,0.42513884451003714
2030,FOURHR_BATTERY,2031,INDIA,NER,0.046495522
2030,SIXHR_BATTERY,2021,INDIA,ER,0.0
2030,SIXHR_BATTERY,2021,INDIA,WR,0.0
2030,SIXHR_BATTERY,2021,INDIA,NR,0.0
2030,SIXHR_BATTERY,2021,INDIA,SR,0.0
2030,SIXHR_BATTERY,2021,INDIA,NER,0.0
2030,SIXHR_BATTERY,2022,INDIA,ER,0.0
2030,SIXHR_BATTERY,2022,INDIA,WR,0.0
2030,SIXHR_BATTERY,2022,INDIA,NR,0.0
2030,SIXHR_BATTERY,2022,INDIA,SR,0.0
2030,SIXHR_BATTERY,2022,INDIA,NER,0.0
2030,SIXHR_BATTERY,2023,INDIA,ER,0.0
2030,SIXHR_BATTERY,2023,INDIA,WR,0.0
2030,SIXHR_BATTERY,2023,INDIA,NR,0.0
2030,SIXHR_BATTERY,2023,INDIA,SR,0.0
2030,SIXHR_BATTERY,2023,INDIA,NER,0.0
2030,SIXHR_BATTERY,2024,INDIA,ER,0.0
2030,SIXHR_BATTERY,2024,INDIA,WR,0.0
2030,SIXHR_BATTERY,2024,INDIA,NR,0.0
2030,SIXHR_BATTERY,2024,INDIA,SR,0.0
2030,SIXHR_BATTERY,2024,INDIA,NER,0.0
2030,SIXHR_BATTERY,2025,INDIA,ER,0.0
2030,SIXHR_BATTERY,2025,INDIA,WR,0.0
2030,SIXHR_BATTERY,2025,INDIA,NR,0.0
2030,SIXHR_BATTERY,2025,INDIA,SR,0.0
2030,SIXHR_BATTERY,2025,INDIA,NER,0.0
2030,SIXHR_BATTERY,2026,INDIA,ER,0.0
2030,SIXHR_BATTERY,2026,INDIA,WR,0.0
2030,SIXHR_BATTERY,2026,INDIA,NR,0.0
2030,SIXHR_BATTERY,2026,INDIA,SR,0.0
2030,SIXHR_BATTERY,2026,INDIA,NER,0.0
2030,SIXHR_BATTERY,2027,INDIA,ER,0.0
2030,SIXHR_BATTERY,2027,INDIA,WR,0.0
2030,SIXHR_BATTERY,2027,INDIA,NR,0.0
2030,SIXHR_BATTERY,2027,INDIA,SR,0.0
2030,SIXHR_BATTERY,2027,INDIA,NER,0.0
2030,SIXHR_BATTERY,2028,INDIA,ER,0.0
2030,SIXHR_BATTERY,2028,INDIA,WR,0.0
2030,SIXHR_BATTERY,2028,INDIA,NR,0.0
2030,SIXHR_BATTERY,2028,INDIA,SR,0.0
2030,SIXHR_BATTERY,2028,INDIA,NER,0.0
2030,SIXHR_BATTERY,2029,INDIA,ER,0.0
2030,SIXHR_BATTERY,2029,INDIA,WR,0.0
2030,SIXHR_BATTERY,2029,INDIA,NR,0.0
2030,SIXHR_BATTERY,2029,INDIA,SR,0.0
2030,SIXHR_BATTERY,2029,INDIA,NER,0.0
2030,SIXHR_BATTERY,2030,INDIA,ER,0.0
2030,SIXHR_BATTERY,2030,INDIA,WR,0.0
2030,SIXHR_BATTERY,2030,INDIA,NR,2.2653700836933646
2030,SIXHR_BATTERY,2030,INDIA,SR,0.0
2030,SIXHR_BATTERY,2030,INDIA,NER,0.0
2030,SIXHR_BATTERY,2031,INDIA,ER,0.0
2030,SIXHR_BATTERY,2031,INDIA,WR,0.0
2030,SIXHR_BATTERY,2031,INDIA,NR,2.2653700836933646
2030,SIXHR_BATTERY,2031,INDIA,SR,0.0
2030,SIXHR_BATTERY,2031,INDIA,NER,0.0
2030,PUMPED_STOR,2021,INDIA,ER,0.0
2030,PUMPED_STOR,2021,INDIA,WR,0.0
2030,PUMPED_STOR,2021,INDIA,NR,0.0
2030,PUMPED_STOR,2021,INDIA,SR,0.0
2030,PUMPED_STOR,2021,INDIA,NER,0.0
2030,PUMPED_STOR,2022,INDIA,ER,0.0
2030,PUMPED_STOR,2022,INDIA,WR,0.0
2030,PUMPED_STOR,2022,INDIA,NR,0.0
2030,PUMPED_STOR,2022,INDIA,SR,0.0
2030,PUMPED_STOR,2022,INDIA,NER,0.0
2030,PUMPED_STOR,2023,INDIA,ER,0.0
2030,PUMPED_STOR,2023,INDIA,WR,0.0
2030,PUMPED_STOR,2023,INDIA,NR,0.0
2030,PUMPED_STOR,2023,INDIA,SR,0.0
2030,PUMPED_STOR,2023,INDIA,NER,0.0
2030,PUMPED_STOR,2024,INDIA,ER,0.0
2030,PUMPED_STOR,2024,INDIA,WR,0.0
2030,PUMPED_STOR,2024,INDIA,NR,0.0
2030,PUMPED_STOR,2024,INDIA,SR,0.0
2030,PUMPED_STOR,2024,INDIA,NER,0.0
2030,PUMPED_STOR,2025,INDIA,ER,0.0
2030,PUMPED_STOR,2025,INDIA,WR,0.0
2030,PUMPED_STOR,2025,INDIA,NR,0.0
2030,PUMPED_STOR,2025,INDIA,SR,0.0
2030,PUMPED_STOR,2025,INDIA,NER,0.0
2030,PUMPED_STOR,2026,INDIA,ER,0.0
2030,PUMPED_STOR,2026,INDIA,WR,0.0
2030,PUMPED_STOR,2026,INDIA,NR,0.0
2030,PUMPED_STOR,2026,INDIA,SR,0.0
2030,PUMPED_STOR,2026,INDIA,NER,0.0
2030,PUMPED_STOR,2027,INDIA,ER,0.0
2030,PUMPED_STOR,2027,INDIA,WR,0.0
2030,PUMPED_STOR,2027,INDIA,NR,0.0
2030,PUMPED_STOR,2027,INDIA,SR,0.0
2030,PUMPED_STOR,2027,INDIA,NER,0.0
2030,PUMPED_STOR,2028,INDIA,ER,0.0
2030,PUMPED_STOR,2028,INDIA,WR,0.0
2030,PUMPED_STOR,2028,INDIA,NR,0.0
2030,PUMPED_STOR,2028,INDIA,SR,0.0
2030,PUMPED_STOR,2028,INDIA,NER,0.0
2030,PUMPED_STOR,2029,INDIA,ER,0.0
2030,PUMPED_STOR,2029,INDIA,WR,0.0
2030,PUMPED_STOR,2029,INDIA,NR,0.0
2030,PUMPED_STOR,2029,INDIA,SR,0.0
2030,PUMPED_STOR,2029,INDIA,NER,0.0
2030,PUMPED_STOR,2030,INDIA,ER,0.0
2030,PUMPED_STOR,2030,INDIA,WR,0.0
2030,PUMPED_STOR,2030,INDIA,NR,0.0
2030,PUMPED_STOR,2030,INDIA,SR,0.0
2030,PUMPED_STOR,2030,INDIA,NER,0.0
2030,PUMPED_STOR,2031,INDIA,ER,0.0
2030,PUMPED_STOR,2031,INDIA,WR,0.0
2030,PUMPED_STOR,2031,INDIA,NR,0.0
2030,PUMPED_STOR,2031,INDIA,SR,0.0
2030,PUMPED_STOR,2031,INDIA,NER,0.0
2031,FOURHR_BATTERY,2021,INDIA,ER,0.0
2031,FOURHR_BATTERY,2021,INDIA,WR,0.0
2031,FOURHR_BATTERY,2021,INDIA,NR,0.0
2031,FOURHR_BATTERY,2021,INDIA,SR,0.0
2031,FOURHR_BATTERY,2021,INDIA,NER,0.0
2031,FOURHR_BATTERY,2022,INDIA,ER,0.0
2031,FOURHR_BATTERY,2022,INDIA,WR,0.0
2031,FOURHR_BATTERY,2022,INDIA,NR,0.0
2031,FOURHR_BATTERY,2022,INDIA,SR,0.0
2031,FOURHR_BATTERY,2022,INDIA,NER,0.0
2031,FOURHR_BATTERY,2023,INDIA,ER,0.0
2031,FOURHR_BATTERY,2023,INDIA,WR,0.0
2031,FOURHR_BATTERY,2023,INDIA,NR,0.0
2031,FOURHR_BATTERY,2023,INDIA,SR,0.0
2031,FOURHR_BATTERY,2023,INDIA,NER,0.0
2031,FOURHR_BATTERY,2024,INDIA,ER,0.0
2031,FOURHR_BATTERY,2024,INDIA,WR,0.0
2031,FOURHR_BATTERY,2024,INDIA,NR,0.0
2031,FOURHR_BATTERY,2024,INDIA,SR,0.0
2031,FOURHR_BATTERY,2024,INDIA,NER,0.0
2031,FOURHR_BATTERY,2025,INDIA,ER,0.0
2031,FOURHR_BATTERY,2025,INDIA,WR,0.0
2031,FOURHR_BATTERY,2025,INDIA,NR,0.0
2031,FOURHR_BATTERY,2025,INDIA,SR,0.0
2031,FOURHR_BATTERY,2025,INDIA,NER,0.0
2031,FOURHR_BATTERY,2026,INDIA,ER,0.0
2031,FOURHR_BATTERY,2026,INDIA,WR,0.0
2031,FOURHR_BATTERY,2026,INDIA,NR,0.0
2031,FOURHR_BATTERY,2026,INDIA,SR,0.0
2031,FOURHR_BATTERY,2026,INDIA,NER,0.0
2031,FOURHR_BATTERY,2027,INDIA,ER,0.0
2031,FOURHR_BATTERY,2027,INDIA,WR,0.0
2031,FOURHR_BATTERY,2027,INDIA,NR,0.0
2031,FOURHR_BATTERY,2027,INDIA,SR,0.0
2031,FOURHR_BATTERY,2027,INDIA,NER,0.0
2031,FOURHR_BATTERY,2028,INDIA,ER,0.0
2031,FOURHR_BATTERY,2028,INDIA,WR,0.0
2031,FOURHR_BATTERY,2028,INDIA,NR,0.0
2031,FOURHR_BATTERY,2028,INDIA,SR,0.0
2031,FOURHR_BATTERY,2028,INDIA,NER,0.0
2031,FOURHR_BATTERY,2029,INDIA,ER,0.0
2031,FOURHR_BATTERY,2029,INDIA,WR,0.0
2031,FOURHR_BATTERY,2029,INDIA,NR,0.0
2031,FOURHR_BATTERY,2029,INDIA,SR,0.0
2031,FOURHR_BATTERY,2029,INDIA,NER,0.0
2031,FOURHR_BATTERY,2030,INDIA,ER,0.0
2031,FOURHR_BATTERY,2030,INDIA,WR,0.0
2031,FOURHR_BATTERY,2030,INDIA,NR,0.0
2031,FOURHR_BATTERY,2030,INDIA,SR,0.0
2031,FOURHR_BATTERY,2030,INDIA,NER,0.0
2031,FOURHR_BATTERY,2031,INDIA,ER,0.0
2031,FOURHR_BATTERY,2031,INDIA,WR,0.0
2031,FOURHR_BATTERY,2031,INDIA,NR,0.0
2031,FOURHR_BATTERY,2031,INDIA,SR,0.0
2031,FOURHR_BATTERY,2031,INDIA,NER,0.0
2031,SIXHR_BATTERY,2021,INDIA,ER,0.0
2031,SIXHR_BATTERY,2021,INDIA,WR,0.0
2031,SIXHR_BATTERY,2021,INDIA,NR,0.0
2031,SIXHR_BATTERY,2021,INDIA,SR,0.0
2031,SIXHR_BATTERY,2021,INDIA,NER,0.0
2031,SIXHR_BATTERY,2022,INDIA,ER,0.0
2031,SIXHR_BATTERY,2022,INDIA,WR,0.0
2031,SIXHR_BATTERY,2022,INDIA,NR,0.0
2031,SIXHR_BATTERY,2022,INDIA,SR,0.0
2031,SIXHR_BATTERY,2022,INDIA,NER,0.0
2031,SIXHR_BATTERY,2023,INDIA,ER,0.0
2031,SIXHR_BATTERY,2023,INDIA,WR,0.0
2031,SIXHR_BATTERY,2023,INDIA,NR,0.0
2031,SIXHR_BATTERY,2023,INDIA,SR,0.0
2031,SIXHR_BATTERY,2023,INDIA,NER,0.0
2031,SIXHR_BATTERY,2024,INDIA,ER,0.0
2031,SIXHR_BATTERY,2024,INDIA,WR,0.0
2031,SIXHR_BATTERY,2024,INDIA,NR,0.0
2031,SIXHR_BATTERY,2024,INDIA,SR,0.0
2031,SIXHR_BATTERY,2024,INDIA,NER,0.0
2031,SIXHR_BATTERY,2025,INDIA,ER,0.0
2031,SIXHR_BATTERY,2025,INDIA,WR,0.0
2031,SIXHR_BATTERY,2025,INDIA,NR,0.0
2031,SIXHR_BATTERY,2025,INDIA,SR,0.0
2031,SIXHR_BATTERY,2025,INDIA,NER,0.0
2031,SIXHR_BATTERY,2026,INDIA,ER,0.0
2031,SIXHR_BATTERY,2026,INDIA,WR,0.0
2031,SIXHR_BATTERY,2026,INDIA,NR,0.0
2031,SIXHR_BATTERY,2026,INDIA,SR,0.0
2031,SIXHR_BATTERY,2026,INDIA,NER,0.0
2031,SIXHR_BATTERY,2027,INDIA,ER,0.0
2031,SIXHR_BATTERY,2027,INDIA,WR,0.0
2031,SIXHR_BATTERY,2027,INDIA,NR,0.0
2031,SIXHR_BATTERY,2027,INDIA,SR,0.0
2031,SIXHR_BATTERY,2027,INDIA,NER,0.0
2031,SIXHR_BATTERY,2028,INDIA,ER,0.0
2031,SIXHR_BATTERY,2028,INDIA,WR,0.0
2031,SIXHR_BATTERY,2028,INDIA,NR,0.0
2031,SIXHR_BATTERY,2028,INDIA,SR,0.0
2031,SIXHR_BATTERY,2028,INDIA,NER,0.0
2031,SIXHR_BATTERY,2029,INDIA,ER,0.0
2031,SIXHR_BATTERY,2029,INDIA,WR,0.0
2031,SIXHR_BATTERY,2029,INDIA,NR,0.0
2031,SIXHR_BATTERY,2029,INDIA,SR,0.0
2031,SIXHR_BATTERY,2029,INDIA,NER,0.0
2031,SIXHR_BATTERY,2030,INDIA,ER,0.0
2031,SIXHR_BATTERY,2030,INDIA,WR,0.0
2031,SIXHR_BATTERY,2030,INDIA,NR,0.0
2031,SIXHR_BATTERY,2030,INDIA,SR,0.0
2031,SIXHR_BATTERY,2030,INDIA,NER,0.0
2031,SIXHR_BATTERY,2031,INDIA,ER,0.0
2031,SIXHR_BATTERY,2031,INDIA,WR,0.0
2031,SIXHR_BATTERY,2031,INDIA,NR,0.0
2031,SIXHR_BATTERY,2031,INDIA,SR,0.0
2031,SIXHR_BATTERY,2031,INDIA,NER,0.0
2031,PUMPED_STOR,2021,INDIA,ER,0.0
2031,PUMPED_STOR,2021,INDIA,WR,0.0
2031,PUMPED_STOR,2021,INDIA,NR,0.0
2031,PUMPED_STOR,2021,INDIA,SR,0.0
2031,PUMPED_STOR,2021,INDIA,NER,0.0
2031,PUMPED_STOR,2022,INDIA,ER,0.0
2031,PUMPED_STOR,2022,INDIA,WR,0.0
2031,PUMPED_STOR,2022,INDIA,NR,0.0
2031,PUMPED_STOR,2022,INDIA,SR,0.0
2031,PUMPED_STOR,2022,INDIA,NER,0.0
2031,PUMPED_STOR,2023,INDIA,ER,0.0
2031,PUMPED_STOR,2023,INDIA,WR,0.0
2031,PUMPED_STOR,2023,INDIA,NR,0.0
2031,PUMPED_STOR,2023,INDIA,SR,0.0
2031,PUMPED_STOR,2023,INDIA,NER,0.0
2031,PUMPED_STOR,2024,INDIA,ER,0.0
2031,PUMPED_STOR,2024,INDIA,WR,0.0
2031,PUMPED_STOR,2024,INDIA,NR,0.0
2031,PUMPED_STOR,2024,INDIA,SR,0.0
2031,PUMPED_STOR,2024,INDIA,NER,0.0
2031,PUMPED_STOR,2025,INDIA,ER,0.0
2031,PUMPED_STOR,2025,INDIA,WR,0.0
2031,PUMPED_STOR,2025,INDIA,NR,0.0
2031,PUMPED_STOR,2025,INDIA,SR,0.0
2031,PUMPED_STOR,2025,INDIA,NER,0.0
2031,PUMPED_STOR,2026,INDIA,ER,0.0
2031,PUMPED_STOR,2026,INDIA,WR,0.0
2031,PUMPED_STOR,2026,INDIA,NR,0.0
2031,PUMPED_STOR,2026,INDIA,SR,0.0
2031,PUMPED_STOR,2026,INDIA,NER,0.0
2031,PUMPED_STOR,2027,INDIA,ER,0.0
2031,PUMPED_STOR,2027,INDIA,WR,0.0
2031,PUMPED_STOR,2027,INDIA,NR,0.0
2031,PUMPED_STOR,2027,INDIA,SR,0.0
2031,PUMPED_STOR,2027,INDIA,NER,0.0
2031,PUMPED_STOR,2028,INDIA,ER,0.0
2031,PUMPED_STOR,2028,INDIA,WR,0.0
2031,PUMPED_STOR,2028,INDIA,NR,0.0
2031,PUMPED_STOR,2028,INDIA,SR,0.0
2031,PUMPED_STOR,2028,INDIA,NER,0.0
2031,PUMPED_STOR,2029,INDIA,ER,0.0
2031,PUMPED_STOR,2029,INDIA,WR,0.0
2031,PUMPED_STOR,2029,INDIA,NR,0.0
2031,PUMPED_STOR,2029,INDIA,SR,0.0
2031,PUMPED_STOR,2029,INDIA,NER,0.0
2031,PUMPED_STOR,2030,INDIA,ER,0.0
2031,PUMPED_STOR,2030,INDIA,WR,0.0
2031,PUMPED_STOR,2030,INDIA,NR,0.0
2031,PUMPED_STOR,2030,INDIA,SR,0.0
2031,PUMPED_STOR,2030,INDIA,NER,0.0
2031,PUMPED_STOR,2031,INDIA,ER,0.0
2031,PUMPED_STOR,2031,INDIA,WR,0.0
2031,PUMPED_STOR,2031,INDIA,NR,0.0
2031,PUMPED_STOR,2031,INDIA,SR,0.0
2031,PUMPED_STOR,2031,INDIA,NER,0.0
