EnergyCarrier,Year,Season,DayType,DaySlice,ModelGeography,SubGeography1,EndUseDemandMetByImp
COKING_COAL,2021,,,,INDIA,ER,44.230989645267016
COKING_COAL,2021,,,,INDIA,WR,2.85220550644025
COKING_COAL,2021,,,,INDIA,NR,0.0
COKING_COAL,2021,,,,INDIA,SR,0.9366647800310888
COKING_COAL,2021,,,,INDIA,NER,0.0
COKING_COAL,2022,,,,INDIA,ER,47.16822380527082
COKING_COAL,2022,,,,INDIA,WR,3.08427986704535
COKING_COAL,2022,,,,INDIA,NR,0.0
COKING_COAL,2022,,,,INDIA,SR,1.0119114341923048
COKING_COAL,2022,,,,INDIA,NER,0.0
COKING_COAL,2023,,,,INDIA,ER,49.31969544111038
COKING_COAL,2023,,,,INDIA,WR,3.270355499940628
COKING_COAL,2023,,,,INDIA,NR,0.0
COKING_COAL,2023,,,,INDIA,SR,1.071829820479129
COKING_COAL,2023,,,,INDIA,NER,0.0
COKING_COAL,2024,,,,INDIA,ER,51.519794399057076
COKING_COAL,2024,,,,INDIA,WR,3.464678440284901
COKING_COAL,2024,,,,INDIA,NR,0.0
COKING_COAL,2024,,,,INDIA,SR,1.13420316011451
COKING_COAL,2024,,,,INDIA,NER,0.0
COKING_COAL,2025,,,,INDIA,ER,53.76276873444623
COKING_COAL,2025,,,,INDIA,WR,3.6671504489217708
COKING_COAL,2025,,,,INDIA,NR,0.0
COKING_COAL,2025,,,,INDIA,SR,1.1989699968033904
COKING_COAL,2025,,,,INDIA,NER,0.0
COKING_COAL,2026,,,,INDIA,ER,56.070092244606066
COKING_COAL,2026,,,,INDIA,WR,3.879551304316456
COKING_COAL,2026,,,,INDIA,NR,0.0
COKING_COAL,2026,,,,INDIA,SR,1.2666803851885586
COKING_COAL,2026,,,,INDIA,NER,0.0
COKING_COAL,2027,,,,INDIA,ER,58.43273539417956
COKING_COAL,2027,,,,INDIA,WR,4.101610565899854
COKING_COAL,2027,,,,INDIA,NR,0.0
COKING_COAL,2027,,,,INDIA,SR,1.337211080240957
COKING_COAL,2027,,,,INDIA,NER,0.0
COKING_COAL,2028,,,,INDIA,ER,60.89098698822653
COKING_COAL,2028,,,,INDIA,WR,4.336557897172463
COKING_COAL,2028,,,,INDIA,NR,0.0
COKING_COAL,2028,,,,INDIA,SR,1.411576355304155
COKING_COAL,2028,,,,INDIA,NER,0.0
COKING_COAL,2029,,,,INDIA,ER,63.44851925635518
COKING_COAL,2029,,,,INDIA,WR,4.585151664147023
COKING_COAL,2029,,,,INDIA,NR,0.0
COKING_COAL,2029,,,,INDIA,SR,1.4899786461751297
COKING_COAL,2029,,,,INDIA,NER,0.0
COKING_COAL,2030,,,,INDIA,ER,66.10913573165753
COKING_COAL,2030,,,,INDIA,WR,4.84819529622967
COKING_COAL,2030,,,,INDIA,NR,0.0
COKING_COAL,2030,,,,INDIA,SR,1.5726306880120369
COKING_COAL,2030,,,,INDIA,NER,0.0
COKING_COAL,2031,,,,INDIA,ER,68.87677556313731
COKING_COAL,2031,,,,INDIA,WR,5.126539964163027
COKING_COAL,2031,,,,INDIA,NR,0.0
COKING_COAL,2031,,,,INDIA,SR,1.659756014787014
COKING_COAL,2031,,,,INDIA,NER,0.0
STEAM_COAL,2021,,,,INDIA,ER,0.0
STEAM_COAL,2021,,,,INDIA,WR,0.0
STEAM_COAL,2021,,,,INDIA,NR,0.0
STEAM_COAL,2021,,,,INDIA,SR,0.0
STEAM_COAL,2021,,,,INDIA,NER,0.0
STEAM_COAL,2022,,,,INDIA,ER,0.0
STEAM_COAL,2022,,,,INDIA,WR,0.0
STEAM_COAL,2022,,,,INDIA,NR,0.0
STEAM_COAL,2022,,,,INDIA,SR,0.0
STEAM_COAL,2022,,,,INDIA,NER,0.0
STEAM_COAL,2023,,,,INDIA,ER,0.0
STEAM_COAL,2023,,,,INDIA,WR,0.0
STEAM_COAL,2023,,,,INDIA,NR,0.0
STEAM_COAL,2023,,,,INDIA,SR,0.0
STEAM_COAL,2023,,,,INDIA,NER,0.0
STEAM_COAL,2024,,,,INDIA,ER,0.0
STEAM_COAL,2024,,,,INDIA,WR,0.0
STEAM_COAL,2024,,,,INDIA,NR,0.0
STEAM_COAL,2024,,,,INDIA,SR,0.0
STEAM_COAL,2024,,,,INDIA,NER,0.0
STEAM_COAL,2025,,,,INDIA,ER,0.0
STEAM_COAL,2025,,,,INDIA,WR,0.0
STEAM_COAL,2025,,,,INDIA,NR,0.0
STEAM_COAL,2025,,,,INDIA,SR,0.0
STEAM_COAL,2025,,,,INDIA,NER,0.0
STEAM_COAL,2026,,,,INDIA,ER,0.0
STEAM_COAL,2026,,,,INDIA,WR,0.0
STEAM_COAL,2026,,,,INDIA,NR,0.0
STEAM_COAL,2026,,,,INDIA,SR,0.0
STEAM_COAL,2026,,,,INDIA,NER,0.38600777460495217
STEAM_COAL,2027,,,,INDIA,ER,0.0
STEAM_COAL,2027,,,,INDIA,WR,0.0
STEAM_COAL,2027,,,,INDIA,NR,0.0
STEAM_COAL,2027,,,,INDIA,SR,0.0
STEAM_COAL,2027,,,,INDIA,NER,0.0
STEAM_COAL,2028,,,,INDIA,ER,0.0
STEAM_COAL,2028,,,,INDIA,WR,0.0
STEAM_COAL,2028,,,,INDIA,NR,0.0
STEAM_COAL,2028,,,,INDIA,SR,0.0
STEAM_COAL,2028,,,,INDIA,NER,0.0
STEAM_COAL,2029,,,,INDIA,ER,0.0
STEAM_COAL,2029,,,,INDIA,WR,0.0
STEAM_COAL,2029,,,,INDIA,NR,0.0
STEAM_COAL,2029,,,,INDIA,SR,0.0
STEAM_COAL,2029,,,,INDIA,NER,0.0
STEAM_COAL,2030,,,,INDIA,ER,0.0
STEAM_COAL,2030,,,,INDIA,WR,0.0
STEAM_COAL,2030,,,,INDIA,NR,0.0
STEAM_COAL,2030,,,,INDIA,SR,0.0
STEAM_COAL,2030,,,,INDIA,NER,0.0
STEAM_COAL,2031,,,,INDIA,ER,0.0
STEAM_COAL,2031,,,,INDIA,WR,0.0
STEAM_COAL,2031,,,,INDIA,NR,0.0
STEAM_COAL,2031,,,,INDIA,SR,0.0
STEAM_COAL,2031,,,,INDIA,NER,0.0
NATGAS,2021,,,,INDIA,,3.1645605765829856
NATGAS,2022,,,,INDIA,,4.360281682495046
NATGAS,2023,,,,INDIA,,5.009481099051349
NATGAS,2024,,,,INDIA,,6.489080172127579
NATGAS,2025,,,,INDIA,,7.6796686390397575
NATGAS,2026,,,,INDIA,,9.22024473255836
NATGAS,2027,,,,INDIA,,10.160854048804534
NATGAS,2028,,,,INDIA,,11.481029383922934
NATGAS,2029,,,,INDIA,,12.612334776134208
NATGAS,2030,,,,INDIA,,14.316260346972722
NATGAS,2031,,,,INDIA,,15.038406932773828
BIOGAS,2021,,,,INDIA,,0.0
BIOGAS,2022,,,,INDIA,,0.0
BIOGAS,2023,,,,INDIA,,0.0
BIOGAS,2024,,,,INDIA,,0.0
BIOGAS,2025,,,,INDIA,,0.0
BIOGAS,2026,,,,INDIA,,0.0
BIOGAS,2027,,,,INDIA,,0.0
BIOGAS,2028,,,,INDIA,,0.0
BIOGAS,2029,,,,INDIA,,0.0
BIOGAS,2030,,,,INDIA,,0.0
BIOGAS,2031,,,,INDIA,,0.0
BIOMASS,2021,,,,INDIA,,0.0
BIOMASS,2022,,,,INDIA,,0.0
BIOMASS,2023,,,,INDIA,,0.0
BIOMASS,2024,,,,INDIA,,0.0
BIOMASS,2025,,,,INDIA,,0.0
BIOMASS,2026,,,,INDIA,,0.0
BIOMASS,2027,,,,INDIA,,0.0
BIOMASS,2028,,,,INDIA,,0.0
BIOMASS,2029,,,,INDIA,,0.0
BIOMASS,2030,,,,INDIA,,0.0
BIOMASS,2031,,,,INDIA,,0.0
CRUDE,2021,,,,INDIA,,0.0
CRUDE,2022,,,,INDIA,,0.0
CRUDE,2023,,,,INDIA,,0.0
CRUDE,2024,,,,INDIA,,0.0
CRUDE,2025,,,,INDIA,,0.0
CRUDE,2026,,,,INDIA,,0.0
CRUDE,2027,,,,INDIA,,0.0
CRUDE,2028,,,,INDIA,,0.0
CRUDE,2029,,,,INDIA,,0.0
CRUDE,2030,,,,INDIA,,0.0
CRUDE,2031,,,,INDIA,,0.0
ELECTRICITY,2021,SUMMER,ALLDAYS,EARLY,INDIA,ER,0.0
ELECTRICITY,2021,SUMMER,ALLDAYS,EARLY,INDIA,WR,0.0
ELECTRICITY,2021,SUMMER,ALLDAYS,EARLY,INDIA,NR,0.0
ELECTRICITY,2021,SUMMER,ALLDAYS,EARLY,INDIA,SR,0.0
ELECTRICITY,2021,SUMMER,ALLDAYS,EARLY,INDIA,NER,0.0
ELECTRICITY,2021,SUMMER,ALLDAYS,MORN,INDIA,ER,0.0
ELECTRICITY,2021,SUMMER,ALLDAYS,MORN,INDIA,WR,0.0
ELECTRICITY,2021,SUMMER,ALLDAYS,MORN,INDIA,NR,0.0
ELECTRICITY,2021,SUMMER,ALLDAYS,MORN,INDIA,SR,0.0
ELECTRICITY,2021,SUMMER,ALLDAYS,MORN,INDIA,NER,0.0
ELECTRICITY,2021,SUMMER,ALLDAYS,MID,INDIA,ER,0.0
ELECTRICITY,2021,SUMMER,ALLDAYS,MID,INDIA,WR,0.0
ELECTRICITY,2021,SUMMER,ALLDAYS,MID,INDIA,NR,0.0
ELECTRICITY,2021,SUMMER,ALLDAYS,MID,INDIA,SR,0.0
ELECTRICITY,2021,SUMMER,ALLDAYS,MID,INDIA,NER,0.0
ELECTRICITY,2021,SUMMER,ALLDAYS,AFTERNOON,INDIA,ER,0.0
ELECTRICITY,2021,SUMMER,ALLDAYS,AFTERNOON,INDIA,WR,0.0
ELECTRICITY,2021,SUMMER,ALLDAYS,AFTERNOON,INDIA,NR,0.0
ELECTRICITY,2021,SUMMER,ALLDAYS,AFTERNOON,INDIA,SR,0.0
ELECTRICITY,2021,SUMMER,ALLDAYS,AFTERNOON,INDIA,NER,0.0
ELECTRICITY,2021,SUMMER,ALLDAYS,EVENING,INDIA,ER,0.0
ELECTRICITY,2021,SUMMER,ALLDAYS,EVENING,INDIA,WR,0.0
ELECTRICITY,2021,SUMMER,ALLDAYS,EVENING,INDIA,NR,0.0
ELECTRICITY,2021,SUMMER,ALLDAYS,EVENING,INDIA,SR,0.0
ELECTRICITY,2021,SUMMER,ALLDAYS,EVENING,INDIA,NER,0.0
ELECTRICITY,2021,SUMMER,ALLDAYS,NIGHT,INDIA,ER,0.0
ELECTRICITY,2021,SUMMER,ALLDAYS,NIGHT,INDIA,WR,0.0
ELECTRICITY,2021,SUMMER,ALLDAYS,NIGHT,INDIA,NR,0.0
ELECTRICITY,2021,SUMMER,ALLDAYS,NIGHT,INDIA,SR,0.0
ELECTRICITY,2021,SUMMER,ALLDAYS,NIGHT,INDIA,NER,0.0
ELECTRICITY,2021,MONSOON,ALLDAYS,EARLY,INDIA,ER,0.0
ELECTRICITY,2021,MONSOON,ALLDAYS,EARLY,INDIA,WR,0.0
ELECTRICITY,2021,MONSOON,ALLDAYS,EARLY,INDIA,NR,0.0
ELECTRICITY,2021,MONSOON,ALLDAYS,EARLY,INDIA,SR,0.0
ELECTRICITY,2021,MONSOON,ALLDAYS,EARLY,INDIA,NER,0.0
ELECTRICITY,2021,MONSOON,ALLDAYS,MORN,INDIA,ER,0.0
ELECTRICITY,2021,MONSOON,ALLDAYS,MORN,INDIA,WR,0.0
ELECTRICITY,2021,MONSOON,ALLDAYS,MORN,INDIA,NR,0.0
ELECTRICITY,2021,MONSOON,ALLDAYS,MORN,INDIA,SR,0.0
ELECTRICITY,2021,MONSOON,ALLDAYS,MORN,INDIA,NER,0.0
ELECTRICITY,2021,MONSOON,ALLDAYS,MID,INDIA,ER,0.0
ELECTRICITY,2021,MONSOON,ALLDAYS,MID,INDIA,WR,0.0
ELECTRICITY,2021,MONSOON,ALLDAYS,MID,INDIA,NR,0.0
ELECTRICITY,2021,MONSOON,ALLDAYS,MID,INDIA,SR,0.0
ELECTRICITY,2021,MONSOON,ALLDAYS,MID,INDIA,NER,0.0
ELECTRICITY,2021,MONSOON,ALLDAYS,AFTERNOON,INDIA,ER,0.0
ELECTRICITY,2021,MONSOON,ALLDAYS,AFTERNOON,INDIA,WR,0.0
ELECTRICITY,2021,MONSOON,ALLDAYS,AFTERNOON,INDIA,NR,0.0
ELECTRICITY,2021,MONSOON,ALLDAYS,AFTERNOON,INDIA,SR,0.0
ELECTRICITY,2021,MONSOON,ALLDAYS,AFTERNOON,INDIA,NER,0.0
ELECTRICITY,2021,MONSOON,ALLDAYS,EVENING,INDIA,ER,0.0
ELECTRICITY,2021,MONSOON,ALLDAYS,EVENING,INDIA,WR,0.0
ELECTRICITY,2021,MONSOON,ALLDAYS,EVENING,INDIA,NR,0.0
ELECTRICITY,2021,MONSOON,ALLDAYS,EVENING,INDIA,SR,0.0
ELECTRICITY,2021,MONSOON,ALLDAYS,EVENING,INDIA,NER,0.0
ELECTRICITY,2021,MONSOON,ALLDAYS,NIGHT,INDIA,ER,0.0
ELECTRICITY,2021,MONSOON,ALLDAYS,NIGHT,INDIA,WR,0.0
ELECTRICITY,2021,MONSOON,ALLDAYS,NIGHT,INDIA,NR,0.0
ELECTRICITY,2021,MONSOON,ALLDAYS,NIGHT,INDIA,SR,0.0
ELECTRICITY,2021,MONSOON,ALLDAYS,NIGHT,INDIA,NER,0.0
ELECTRICITY,2021,AUTUMN,ALLDAYS,EARLY,INDIA,ER,0.0
ELECTRICITY,2021,AUTUMN,ALLDAYS,EARLY,INDIA,WR,0.0
ELECTRICITY,2021,AUTUMN,ALLDAYS,EARLY,INDIA,NR,0.0
ELECTRICITY,2021,AUTUMN,ALLDAYS,EARLY,INDIA,SR,0.0
ELECTRICITY,2021,AUTUMN,ALLDAYS,EARLY,INDIA,NER,0.0
ELECTRICITY,2021,AUTUMN,ALLDAYS,MORN,INDIA,ER,0.0
ELECTRICITY,2021,AUTUMN,ALLDAYS,MORN,INDIA,WR,0.0
ELECTRICITY,2021,AUTUMN,ALLDAYS,MORN,INDIA,NR,0.0
ELECTRICITY,2021,AUTUMN,ALLDAYS,MORN,INDIA,SR,0.0
ELECTRICITY,2021,AUTUMN,ALLDAYS,MORN,INDIA,NER,0.0
ELECTRICITY,2021,AUTUMN,ALLDAYS,MID,INDIA,ER,0.0
ELECTRICITY,2021,AUTUMN,ALLDAYS,MID,INDIA,WR,0.0
ELECTRICITY,2021,AUTUMN,ALLDAYS,MID,INDIA,NR,0.0
ELECTRICITY,2021,AUTUMN,ALLDAYS,MID,INDIA,SR,0.0
ELECTRICITY,2021,AUTUMN,ALLDAYS,MID,INDIA,NER,0.0
ELECTRICITY,2021,AUTUMN,ALLDAYS,AFTERNOON,INDIA,ER,0.0
ELECTRICITY,2021,AUTUMN,ALLDAYS,AFTERNOON,INDIA,WR,0.0
ELECTRICITY,2021,AUTUMN,ALLDAYS,AFTERNOON,INDIA,NR,0.0
ELECTRICITY,2021,AUTUMN,ALLDAYS,AFTERNOON,INDIA,SR,0.0
ELECTRICITY,2021,AUTUMN,ALLDAYS,AFTERNOON,INDIA,NER,0.0
ELECTRICITY,2021,AUTUMN,ALLDAYS,EVENING,INDIA,ER,0.0
ELECTRICITY,2021,AUTUMN,ALLDAYS,EVENING,INDIA,WR,0.0
ELECTRICITY,2021,AUTUMN,ALLDAYS,EVENING,INDIA,NR,0.0
ELECTRICITY,2021,AUTUMN,ALLDAYS,EVENING,INDIA,SR,0.0
ELECTRICITY,2021,AUTUMN,ALLDAYS,EVENING,INDIA,NER,0.0
ELECTRICITY,2021,AUTUMN,ALLDAYS,NIGHT,INDIA,ER,0.0
ELECTRICITY,2021,AUTUMN,ALLDAYS,NIGHT,INDIA,WR,0.0
ELECTRICITY,2021,AUTUMN,ALLDAYS,NIGHT,INDIA,NR,0.0
ELECTRICITY,2021,AUTUMN,ALLDAYS,NIGHT,INDIA,SR,0.0
ELECTRICITY,2021,AUTUMN,ALLDAYS,NIGHT,INDIA,NER,0.0
ELECTRICITY,2021,WINTER,ALLDAYS,EARLY,INDIA,ER,0.0
ELECTRICITY,2021,WINTER,ALLDAYS,EARLY,INDIA,WR,0.0
ELECTRICITY,2021,WINTER,ALLDAYS,EARLY,INDIA,NR,0.0
ELECTRICITY,2021,WINTER,ALLDAYS,EARLY,INDIA,SR,0.0
ELECTRICITY,2021,WINTER,ALLDAYS,EARLY,INDIA,NER,0.0
ELECTRICITY,2021,WINTER,ALLDAYS,MORN,INDIA,ER,0.0
ELECTRICITY,2021,WINTER,ALLDAYS,MORN,INDIA,WR,0.0
ELECTRICITY,2021,WINTER,ALLDAYS,MORN,INDIA,NR,0.0
ELECTRICITY,2021,WINTER,ALLDAYS,MORN,INDIA,SR,0.0
ELECTRICITY,2021,WINTER,ALLDAYS,MORN,INDIA,NER,0.0
ELECTRICITY,2021,WINTER,ALLDAYS,MID,INDIA,ER,0.0
ELECTRICITY,2021,WINTER,ALLDAYS,MID,INDIA,WR,0.0
ELECTRICITY,2021,WINTER,ALLDAYS,MID,INDIA,NR,0.0
ELECTRICITY,2021,WINTER,ALLDAYS,MID,INDIA,SR,0.0
ELECTRICITY,2021,WINTER,ALLDAYS,MID,INDIA,NER,0.0
ELECTRICITY,2021,WINTER,ALLDAYS,AFTERNOON,INDIA,ER,0.0
ELECTRICITY,2021,WINTER,ALLDAYS,AFTERNOON,INDIA,WR,0.0
ELECTRICITY,2021,WINTER,ALLDAYS,AFTERNOON,INDIA,NR,0.0
ELECTRICITY,2021,WINTER,ALLDAYS,AFTERNOON,INDIA,SR,0.0
ELECTRICITY,2021,WINTER,ALLDAYS,AFTERNOON,INDIA,NER,0.0
ELECTRICITY,2021,WINTER,ALLDAYS,EVENING,INDIA,ER,0.0
ELECTRICITY,2021,WINTER,ALLDAYS,EVENING,INDIA,WR,0.0
ELECTRICITY,2021,WINTER,ALLDAYS,EVENING,INDIA,NR,0.0
ELECTRICITY,2021,WINTER,ALLDAYS,EVENING,INDIA,SR,0.0
ELECTRICITY,2021,WINTER,ALLDAYS,EVENING,INDIA,NER,0.0
ELECTRICITY,2021,WINTER,ALLDAYS,NIGHT,INDIA,ER,0.0
ELECTRICITY,2021,WINTER,ALLDAYS,NIGHT,INDIA,WR,0.0
ELECTRICITY,2021,WINTER,ALLDAYS,NIGHT,INDIA,NR,0.0
ELECTRICITY,2021,WINTER,ALLDAYS,NIGHT,INDIA,SR,0.0
ELECTRICITY,2021,WINTER,ALLDAYS,NIGHT,INDIA,NER,0.0
ELECTRICITY,2021,SPRING,ALLDAYS,EARLY,INDIA,ER,0.0
ELECTRICITY,2021,SPRING,ALLDAYS,EARLY,INDIA,WR,0.0
ELECTRICITY,2021,SPRING,ALLDAYS,EARLY,INDIA,NR,0.0
ELECTRICITY,2021,SPRING,ALLDAYS,EARLY,INDIA,SR,0.0
ELECTRICITY,2021,SPRING,ALLDAYS,EARLY,INDIA,NER,0.0
ELECTRICITY,2021,SPRING,ALLDAYS,MORN,INDIA,ER,0.0
ELECTRICITY,2021,SPRING,ALLDAYS,MORN,INDIA,WR,0.0
ELECTRICITY,2021,SPRING,ALLDAYS,MORN,INDIA,NR,0.0
ELECTRICITY,2021,SPRING,ALLDAYS,MORN,INDIA,SR,0.0
ELECTRICITY,2021,SPRING,ALLDAYS,MORN,INDIA,NER,0.0
ELECTRICITY,2021,SPRING,ALLDAYS,MID,INDIA,ER,0.0
ELECTRICITY,2021,SPRING,ALLDAYS,MID,INDIA,WR,0.0
ELECTRICITY,2021,SPRING,ALLDAYS,MID,INDIA,NR,0.0
ELECTRICITY,2021,SPRING,ALLDAYS,MID,INDIA,SR,0.0
ELECTRICITY,2021,SPRING,ALLDAYS,MID,INDIA,NER,0.0
ELECTRICITY,2021,SPRING,ALLDAYS,AFTERNOON,INDIA,ER,0.0
ELECTRICITY,2021,SPRING,ALLDAYS,AFTERNOON,INDIA,WR,0.0
ELECTRICITY,2021,SPRING,ALLDAYS,AFTERNOON,INDIA,NR,0.0
ELECTRICITY,2021,SPRING,ALLDAYS,AFTERNOON,INDIA,SR,0.0
ELECTRICITY,2021,SPRING,ALLDAYS,AFTERNOON,INDIA,NER,0.0
ELECTRICITY,2021,SPRING,ALLDAYS,EVENING,INDIA,ER,0.0
ELECTRICITY,2021,SPRING,ALLDAYS,EVENING,INDIA,WR,0.0
ELECTRICITY,2021,SPRING,ALLDAYS,EVENING,INDIA,NR,0.0
ELECTRICITY,2021,SPRING,ALLDAYS,EVENING,INDIA,SR,0.0
ELECTRICITY,2021,SPRING,ALLDAYS,EVENING,INDIA,NER,0.0
ELECTRICITY,2021,SPRING,ALLDAYS,NIGHT,INDIA,ER,0.0
ELECTRICITY,2021,SPRING,ALLDAYS,NIGHT,INDIA,WR,0.0
ELECTRICITY,2021,SPRING,ALLDAYS,NIGHT,INDIA,NR,0.0
ELECTRICITY,2021,SPRING,ALLDAYS,NIGHT,INDIA,SR,0.0
ELECTRICITY,2021,SPRING,ALLDAYS,NIGHT,INDIA,NER,0.0
ELECTRICITY,2022,SUMMER,ALLDAYS,EARLY,INDIA,ER,0.0
ELECTRICITY,2022,SUMMER,ALLDAYS,EARLY,INDIA,WR,0.0
ELECTRICITY,2022,SUMMER,ALLDAYS,EARLY,INDIA,NR,0.0
ELECTRICITY,2022,SUMMER,ALLDAYS,EARLY,INDIA,SR,0.0
ELECTRICITY,2022,SUMMER,ALLDAYS,EARLY,INDIA,NER,0.0
ELECTRICITY,2022,SUMMER,ALLDAYS,MORN,INDIA,ER,0.0
ELECTRICITY,2022,SUMMER,ALLDAYS,MORN,INDIA,WR,0.0
ELECTRICITY,2022,SUMMER,ALLDAYS,MORN,INDIA,NR,0.0
ELECTRICITY,2022,SUMMER,ALLDAYS,MORN,INDIA,SR,0.0
ELECTRICITY,2022,SUMMER,ALLDAYS,MORN,INDIA,NER,0.0
ELECTRICITY,2022,SUMMER,ALLDAYS,MID,INDIA,ER,0.0
ELECTRICITY,2022,SUMMER,ALLDAYS,MID,INDIA,WR,0.0
ELECTRICITY,2022,SUMMER,ALLDAYS,MID,INDIA,NR,0.0
ELECTRICITY,2022,SUMMER,ALLDAYS,MID,INDIA,SR,0.0
ELECTRICITY,2022,SUMMER,ALLDAYS,MID,INDIA,NER,0.0
ELECTRICITY,2022,SUMMER,ALLDAYS,AFTERNOON,INDIA,ER,0.0
ELECTRICITY,2022,SUMMER,ALLDAYS,AFTERNOON,INDIA,WR,0.0
ELECTRICITY,2022,SUMMER,ALLDAYS,AFTERNOON,INDIA,NR,0.0
ELECTRICITY,2022,SUMMER,ALLDAYS,AFTERNOON,INDIA,SR,0.0
ELECTRICITY,2022,SUMMER,ALLDAYS,AFTERNOON,INDIA,NER,0.0
ELECTRICITY,2022,SUMMER,ALLDAYS,EVENING,INDIA,ER,0.0
ELECTRICITY,2022,SUMMER,ALLDAYS,EVENING,INDIA,WR,0.0
ELECTRICITY,2022,SUMMER,ALLDAYS,EVENING,INDIA,NR,0.0
ELECTRICITY,2022,SUMMER,ALLDAYS,EVENING,INDIA,SR,0.0
ELECTRICITY,2022,SUMMER,ALLDAYS,EVENING,INDIA,NER,0.0
ELECTRICITY,2022,SUMMER,ALLDAYS,NIGHT,INDIA,ER,0.0
ELECTRICITY,2022,SUMMER,ALLDAYS,NIGHT,INDIA,WR,0.0
ELECTRICITY,2022,SUMMER,ALLDAYS,NIGHT,INDIA,NR,0.0
ELECTRICITY,2022,SUMMER,ALLDAYS,NIGHT,INDIA,SR,0.0
ELECTRICITY,2022,SUMMER,ALLDAYS,NIGHT,INDIA,NER,0.0
ELECTRICITY,2022,MONSOON,ALLDAYS,EARLY,INDIA,ER,0.0
ELECTRICITY,2022,MONSOON,ALLDAYS,EARLY,INDIA,WR,0.0
ELECTRICITY,2022,MONSOON,ALLDAYS,EARLY,INDIA,NR,0.0
ELECTRICITY,2022,MONSOON,ALLDAYS,EARLY,INDIA,SR,0.0
ELECTRICITY,2022,MONSOON,ALLDAYS,EARLY,INDIA,NER,0.0
ELECTRICITY,2022,MONSOON,ALLDAYS,MORN,INDIA,ER,0.0
ELECTRICITY,2022,MONSOON,ALLDAYS,MORN,INDIA,WR,0.0
ELECTRICITY,2022,MONSOON,ALLDAYS,MORN,INDIA,NR,0.0
ELECTRICITY,2022,MONSOON,ALLDAYS,MORN,INDIA,SR,0.0
ELECTRICITY,2022,MONSOON,ALLDAYS,MORN,INDIA,NER,0.0
ELECTRICITY,2022,MONSOON,ALLDAYS,MID,INDIA,ER,0.0
ELECTRICITY,2022,MONSOON,ALLDAYS,MID,INDIA,WR,0.0
ELECTRICITY,2022,MONSOON,ALLDAYS,MID,INDIA,NR,0.0
ELECTRICITY,2022,MONSOON,ALLDAYS,MID,INDIA,SR,0.0
ELECTRICITY,2022,MONSOON,ALLDAYS,MID,INDIA,NER,0.0
ELECTRICITY,2022,MONSOON,ALLDAYS,AFTERNOON,INDIA,ER,0.0
ELECTRICITY,2022,MONSOON,ALLDAYS,AFTERNOON,INDIA,WR,0.0
ELECTRICITY,2022,MONSOON,ALLDAYS,AFTERNOON,INDIA,NR,0.0
ELECTRICITY,2022,MONSOON,ALLDAYS,AFTERNOON,INDIA,SR,0.0
ELECTRICITY,2022,MONSOON,ALLDAYS,AFTERNOON,INDIA,NER,0.0
ELECTRICITY,2022,MONSOON,ALLDAYS,EVENING,INDIA,ER,0.0
ELECTRICITY,2022,MONSOON,ALLDAYS,EVENING,INDIA,WR,0.0
ELECTRICITY,2022,MONSOON,ALLDAYS,EVENING,INDIA,NR,0.0
ELECTRICITY,2022,MONSOON,ALLDAYS,EVENING,INDIA,SR,0.0
ELECTRICITY,2022,MONSOON,ALLDAYS,EVENING,INDIA,NER,0.0
ELECTRICITY,2022,MONSOON,ALLDAYS,NIGHT,INDIA,ER,0.0
ELECTRICITY,2022,MONSOON,ALLDAYS,NIGHT,INDIA,WR,0.0
ELECTRICITY,2022,MONSOON,ALLDAYS,NIGHT,INDIA,NR,0.0
ELECTRICITY,2022,MONSOON,ALLDAYS,NIGHT,INDIA,SR,0.0
ELECTRICITY,2022,MONSOON,ALLDAYS,NIGHT,INDIA,NER,0.0
ELECTRICITY,2022,AUTUMN,ALLDAYS,EARLY,INDIA,ER,0.0
ELECTRICITY,2022,AUTUMN,ALLDAYS,EARLY,INDIA,WR,0.0
ELECTRICITY,2022,AUTUMN,ALLDAYS,EARLY,INDIA,NR,0.0
ELECTRICITY,2022,AUTUMN,ALLDAYS,EARLY,INDIA,SR,0.0
ELECTRICITY,2022,AUTUMN,ALLDAYS,EARLY,INDIA,NER,0.0
ELECTRICITY,2022,AUTUMN,ALLDAYS,MORN,INDIA,ER,0.0
ELECTRICITY,2022,AUTUMN,ALLDAYS,MORN,INDIA,WR,0.0
ELECTRICITY,2022,AUTUMN,ALLDAYS,MORN,INDIA,NR,0.0
ELECTRICITY,2022,AUTUMN,ALLDAYS,MORN,INDIA,SR,0.0
ELECTRICITY,2022,AUTUMN,ALLDAYS,MORN,INDIA,NER,0.0
ELECTRICITY,2022,AUTUMN,ALLDAYS,MID,INDIA,ER,0.0
ELECTRICITY,2022,AUTUMN,ALLDAYS,MID,INDIA,WR,0.0
ELECTRICITY,2022,AUTUMN,ALLDAYS,MID,INDIA,NR,0.0
ELECTRICITY,2022,AUTUMN,ALLDAYS,MID,INDIA,SR,0.0
ELECTRICITY,2022,AUTUMN,ALLDAYS,MID,INDIA,NER,0.0
ELECTRICITY,2022,AUTUMN,ALLDAYS,AFTERNOON,INDIA,ER,0.0
ELECTRICITY,2022,AUTUMN,ALLDAYS,AFTERNOON,INDIA,WR,0.0
ELECTRICITY,2022,AUTUMN,ALLDAYS,AFTERNOON,INDIA,NR,0.0
ELECTRICITY,2022,AUTUMN,ALLDAYS,AFTERNOON,INDIA,SR,0.0
ELECTRICITY,2022,AUTUMN,ALLDAYS,AFTERNOON,INDIA,NER,0.0
ELECTRICITY,2022,AUTUMN,ALLDAYS,EVENING,INDIA,ER,0.0
ELECTRICITY,2022,AUTUMN,ALLDAYS,EVENING,INDIA,WR,0.0
ELECTRICITY,2022,AUTUMN,ALLDAYS,EVENING,INDIA,NR,0.0
ELECTRICITY,2022,AUTUMN,ALLDAYS,EVENING,INDIA,SR,0.0
ELECTRICITY,2022,AUTUMN,ALLDAYS,EVENING,INDIA,NER,0.0
ELECTRICITY,2022,AUTUMN,ALLDAYS,NIGHT,INDIA,ER,0.0
ELECTRICITY,2022,AUTUMN,ALLDAYS,NIGHT,INDIA,WR,0.0
ELECTRICITY,2022,AUTUMN,ALLDAYS,NIGHT,INDIA,NR,0.0
ELECTRICITY,2022,AUTUMN,ALLDAYS,NIGHT,INDIA,SR,0.0
ELECTRICITY,2022,AUTUMN,ALLDAYS,NIGHT,INDIA,NER,0.0
ELECTRICITY,2022,WINTER,ALLDAYS,EARLY,INDIA,ER,0.0
ELECTRICITY,2022,WINTER,ALLDAYS,EARLY,INDIA,WR,0.0
ELECTRICITY,2022,WINTER,ALLDAYS,EARLY,INDIA,NR,0.0
ELECTRICITY,2022,WINTER,ALLDAYS,EARLY,INDIA,SR,0.0
ELECTRICITY,2022,WINTER,ALLDAYS,EARLY,INDIA,NER,0.0
ELECTRICITY,2022,WINTER,ALLDAYS,MORN,INDIA,ER,0.0
ELECTRICITY,2022,WINTER,ALLDAYS,MORN,INDIA,WR,0.0
ELECTRICITY,2022,WINTER,ALLDAYS,MORN,INDIA,NR,0.0
ELECTRICITY,2022,WINTER,ALLDAYS,MORN,INDIA,SR,0.0
ELECTRICITY,2022,WINTER,ALLDAYS,MORN,INDIA,NER,0.0
ELECTRICITY,2022,WINTER,ALLDAYS,MID,INDIA,ER,0.0
ELECTRICITY,2022,WINTER,ALLDAYS,MID,INDIA,WR,0.0
ELECTRICITY,2022,WINTER,ALLDAYS,MID,INDIA,NR,0.0
ELECTRICITY,2022,WINTER,ALLDAYS,MID,INDIA,SR,0.0
ELECTRICITY,2022,WINTER,ALLDAYS,MID,INDIA,NER,0.0
ELECTRICITY,2022,WINTER,ALLDAYS,AFTERNOON,INDIA,ER,0.0
ELECTRICITY,2022,WINTER,ALLDAYS,AFTERNOON,INDIA,WR,0.0
ELECTRICITY,2022,WINTER,ALLDAYS,AFTERNOON,INDIA,NR,0.0
ELECTRICITY,2022,WINTER,ALLDAYS,AFTERNOON,INDIA,SR,0.0
ELECTRICITY,2022,WINTER,ALLDAYS,AFTERNOON,INDIA,NER,0.0
ELECTRICITY,2022,WINTER,ALLDAYS,EVENING,INDIA,ER,0.0
ELECTRICITY,2022,WINTER,ALLDAYS,EVENING,INDIA,WR,0.0
ELECTRICITY,2022,WINTER,ALLDAYS,EVENING,INDIA,NR,0.0
ELECTRICITY,2022,WINTER,ALLDAYS,EVENING,INDIA,SR,0.0
ELECTRICITY,2022,WINTER,ALLDAYS,EVENING,INDIA,NER,0.0
ELECTRICITY,2022,WINTER,ALLDAYS,NIGHT,INDIA,ER,0.0
ELECTRICITY,2022,WINTER,ALLDAYS,NIGHT,INDIA,WR,0.0
ELECTRICITY,2022,WINTER,ALLDAYS,NIGHT,INDIA,NR,0.0
ELECTRICITY,2022,WINTER,ALLDAYS,NIGHT,INDIA,SR,0.0
ELECTRICITY,2022,WINTER,ALLDAYS,NIGHT,INDIA,NER,0.0
ELECTRICITY,2022,SPRING,ALLDAYS,EARLY,INDIA,ER,0.0
ELECTRICITY,2022,SPRING,ALLDAYS,EARLY,INDIA,WR,0.0
ELECTRICITY,2022,SPRING,ALLDAYS,EARLY,INDIA,NR,0.0
ELECTRICITY,2022,SPRING,ALLDAYS,EARLY,INDIA,SR,0.0
ELECTRICITY,2022,SPRING,ALLDAYS,EARLY,INDIA,NER,0.0
ELECTRICITY,2022,SPRING,ALLDAYS,MORN,INDIA,ER,0.0
ELECTRICITY,2022,SPRING,ALLDAYS,MORN,INDIA,WR,0.0
ELECTRICITY,2022,SPRING,ALLDAYS,MORN,INDIA,NR,0.0
ELECTRICITY,2022,SPRING,ALLDAYS,MORN,INDIA,SR,0.0
ELECTRICITY,2022,SPRING,ALLDAYS,MORN,INDIA,NER,0.0
ELECTRICITY,2022,SPRING,ALLDAYS,MID,INDIA,ER,0.0
ELECTRICITY,2022,SPRING,ALLDAYS,MID,INDIA,WR,0.0
ELECTRICITY,2022,SPRING,ALLDAYS,MID,INDIA,NR,0.0
ELECTRICITY,2022,SPRING,ALLDAYS,MID,INDIA,SR,0.0
ELECTRICITY,2022,SPRING,ALLDAYS,MID,INDIA,NER,0.0
ELECTRICITY,2022,SPRING,ALLDAYS,AFTERNOON,INDIA,ER,0.0
ELECTRICITY,2022,SPRING,ALLDAYS,AFTERNOON,INDIA,WR,0.0
ELECTRICITY,2022,SPRING,ALLDAYS,AFTERNOON,INDIA,NR,0.0
ELECTRICITY,2022,SPRING,ALLDAYS,AFTERNOON,INDIA,SR,0.0
ELECTRICITY,2022,SPRING,ALLDAYS,AFTERNOON,INDIA,NER,0.0
ELECTRICITY,2022,SPRING,ALLDAYS,EVENING,INDIA,ER,0.0
ELECTRICITY,2022,SPRING,ALLDAYS,EVENING,INDIA,WR,0.0
ELECTRICITY,2022,SPRING,ALLDAYS,EVENING,INDIA,NR,0.0
ELECTRICITY,2022,SPRING,ALLDAYS,EVENING,INDIA,SR,0.0
ELECTRICITY,2022,SPRING,ALLDAYS,EVENING,INDIA,NER,0.0
ELECTRICITY,2022,SPRING,ALLDAYS,NIGHT,INDIA,ER,0.0
ELECTRICITY,2022,SPRING,ALLDAYS,NIGHT,INDIA,WR,0.0
ELECTRICITY,2022,SPRING,ALLDAYS,NIGHT,INDIA,NR,0.0
ELECTRICITY,2022,SPRING,ALLDAYS,NIGHT,INDIA,SR,0.0
ELECTRICITY,2022,SPRING,ALLDAYS,NIGHT,INDIA,NER,0.0
ELECTRICITY,2023,SUMMER,ALLDAYS,EARLY,INDIA,ER,0.0
ELECTRICITY,2023,SUMMER,ALLDAYS,EARLY,INDIA,WR,0.0
ELECTRICITY,2023,SUMMER,ALLDAYS,EARLY,INDIA,NR,0.0
ELECTRICITY,2023,SUMMER,ALLDAYS,EARLY,INDIA,SR,0.0
ELECTRICITY,2023,SUMMER,ALLDAYS,EARLY,INDIA,NER,0.0
ELECTRICITY,2023,SUMMER,ALLDAYS,MORN,INDIA,ER,0.0
ELECTRICITY,2023,SUMMER,ALLDAYS,MORN,INDIA,WR,0.0
ELECTRICITY,2023,SUMMER,ALLDAYS,MORN,INDIA,NR,0.0
ELECTRICITY,2023,SUMMER,ALLDAYS,MORN,INDIA,SR,0.0
ELECTRICITY,2023,SUMMER,ALLDAYS,MORN,INDIA,NER,0.0
ELECTRICITY,2023,SUMMER,ALLDAYS,MID,INDIA,ER,0.0
ELECTRICITY,2023,SUMMER,ALLDAYS,MID,INDIA,WR,0.0
ELECTRICITY,2023,SUMMER,ALLDAYS,MID,INDIA,NR,0.0
ELECTRICITY,2023,SUMMER,ALLDAYS,MID,INDIA,SR,0.0
ELECTRICITY,2023,SUMMER,ALLDAYS,MID,INDIA,NER,0.0
ELECTRICITY,2023,SUMMER,ALLDAYS,AFTERNOON,INDIA,ER,0.0
ELECTRICITY,2023,SUMMER,ALLDAYS,AFTERNOON,INDIA,WR,0.0
ELECTRICITY,2023,SUMMER,ALLDAYS,AFTERNOON,INDIA,NR,0.0
ELECTRICITY,2023,SUMMER,ALLDAYS,AFTERNOON,INDIA,SR,0.0
ELECTRICITY,2023,SUMMER,ALLDAYS,AFTERNOON,INDIA,NER,0.0
ELECTRICITY,2023,SUMMER,ALLDAYS,EVENING,INDIA,ER,0.0
ELECTRICITY,2023,SUMMER,ALLDAYS,EVENING,INDIA,WR,0.0
ELECTRICITY,2023,SUMMER,ALLDAYS,EVENING,INDIA,NR,0.0
ELECTRICITY,2023,SUMMER,ALLDAYS,EVENING,INDIA,SR,0.0
ELECTRICITY,2023,SUMMER,ALLDAYS,EVENING,INDIA,NER,0.0
ELECTRICITY,2023,SUMMER,ALLDAYS,NIGHT,INDIA,ER,0.0
ELECTRICITY,2023,SUMMER,ALLDAYS,NIGHT,INDIA,WR,0.0
ELECTRICITY,2023,SUMMER,ALLDAYS,NIGHT,INDIA,NR,0.0
ELECTRICITY,2023,SUMMER,ALLDAYS,NIGHT,INDIA,SR,0.0
ELECTRICITY,2023,SUMMER,ALLDAYS,NIGHT,INDIA,NER,0.0
ELECTRICITY,2023,MONSOON,ALLDAYS,EARLY,INDIA,ER,0.0
ELECTRICITY,2023,MONSOON,ALLDAYS,EARLY,INDIA,WR,0.0
ELECTRICITY,2023,MONSOON,ALLDAYS,EARLY,INDIA,NR,0.0
ELECTRICITY,2023,MONSOON,ALLDAYS,EARLY,INDIA,SR,0.0
ELECTRICITY,2023,MONSOON,ALLDAYS,EARLY,INDIA,NER,0.0
ELECTRICITY,2023,MONSOON,ALLDAYS,MORN,INDIA,ER,0.0
ELECTRICITY,2023,MONSOON,ALLDAYS,MORN,INDIA,WR,0.0
ELECTRICITY,2023,MONSOON,ALLDAYS,MORN,INDIA,NR,0.0
ELECTRICITY,2023,MONSOON,ALLDAYS,MORN,INDIA,SR,0.0
ELECTRICITY,2023,MONSOON,ALLDAYS,MORN,INDIA,NER,0.0
ELECTRICITY,2023,MONSOON,ALLDAYS,MID,INDIA,ER,0.0
ELECTRICITY,2023,MONSOON,ALLDAYS,MID,INDIA,WR,0.0
ELECTRICITY,2023,MONSOON,ALLDAYS,MID,INDIA,NR,0.0
ELECTRICITY,2023,MONSOON,ALLDAYS,MID,INDIA,SR,0.0
ELECTRICITY,2023,MONSOON,ALLDAYS,MID,INDIA,NER,0.0
ELECTRICITY,2023,MONSOON,ALLDAYS,AFTERNOON,INDIA,ER,0.0
ELECTRICITY,2023,MONSOON,ALLDAYS,AFTERNOON,INDIA,WR,0.0
ELECTRICITY,2023,MONSOON,ALLDAYS,AFTERNOON,INDIA,NR,0.0
ELECTRICITY,2023,MONSOON,ALLDAYS,AFTERNOON,INDIA,SR,0.0
ELECTRICITY,2023,MONSOON,ALLDAYS,AFTERNOON,INDIA,NER,0.0
ELECTRICITY,2023,MONSOON,ALLDAYS,EVENING,INDIA,ER,0.0
ELECTRICITY,2023,MONSOON,ALLDAYS,EVENING,INDIA,WR,0.0
ELECTRICITY,2023,MONSOON,ALLDAYS,EVENING,INDIA,NR,0.0
ELECTRICITY,2023,MONSOON,ALLDAYS,EVENING,INDIA,SR,0.0
ELECTRICITY,2023,MONSOON,ALLDAYS,EVENING,INDIA,NER,0.0
ELECTRICITY,2023,MONSOON,ALLDAYS,NIGHT,INDIA,ER,0.0
ELECTRICITY,2023,MONSOON,ALLDAYS,NIGHT,INDIA,WR,0.0
ELECTRICITY,2023,MONSOON,ALLDAYS,NIGHT,INDIA,NR,0.0
ELECTRICITY,2023,MONSOON,ALLDAYS,NIGHT,INDIA,SR,0.0
ELECTRICITY,2023,MONSOON,ALLDAYS,NIGHT,INDIA,NER,0.0
ELECTRICITY,2023,AUTUMN,ALLDAYS,EARLY,INDIA,ER,0.0
ELECTRICITY,2023,AUTUMN,ALLDAYS,EARLY,INDIA,WR,0.0
ELECTRICITY,2023,AUTUMN,ALLDAYS,EARLY,INDIA,NR,0.0
ELECTRICITY,2023,AUTUMN,ALLDAYS,EARLY,INDIA,SR,0.0
ELECTRICITY,2023,AUTUMN,ALLDAYS,EARLY,INDIA,NER,0.0
ELECTRICITY,2023,AUTUMN,ALLDAYS,MORN,INDIA,ER,0.0
ELECTRICITY,2023,AUTUMN,ALLDAYS,MORN,INDIA,WR,0.0
ELECTRICITY,2023,AUTUMN,ALLDAYS,MORN,INDIA,NR,0.0
ELECTRICITY,2023,AUTUMN,ALLDAYS,MORN,INDIA,SR,0.0
ELECTRICITY,2023,AUTUMN,ALLDAYS,MORN,INDIA,NER,0.0
ELECTRICITY,2023,AUTUMN,ALLDAYS,MID,INDIA,ER,0.0
ELECTRICITY,2023,AUTUMN,ALLDAYS,MID,INDIA,WR,0.0
ELECTRICITY,2023,AUTUMN,ALLDAYS,MID,INDIA,NR,0.0
ELECTRICITY,2023,AUTUMN,ALLDAYS,MID,INDIA,SR,0.0
ELECTRICITY,2023,AUTUMN,ALLDAYS,MID,INDIA,NER,0.0
ELECTRICITY,2023,AUTUMN,ALLDAYS,AFTERNOON,INDIA,ER,0.0
ELECTRICITY,2023,AUTUMN,ALLDAYS,AFTERNOON,INDIA,WR,0.0
ELECTRICITY,2023,AUTUMN,ALLDAYS,AFTERNOON,INDIA,NR,0.0
ELECTRICITY,2023,AUTUMN,ALLDAYS,AFTERNOON,INDIA,SR,0.0
ELECTRICITY,2023,AUTUMN,ALLDAYS,AFTERNOON,INDIA,NER,0.0
ELECTRICITY,2023,AUTUMN,ALLDAYS,EVENING,INDIA,ER,0.0
ELECTRICITY,2023,AUTUMN,ALLDAYS,EVENING,INDIA,WR,0.0
ELECTRICITY,2023,AUTUMN,ALLDAYS,EVENING,INDIA,NR,0.0
ELECTRICITY,2023,AUTUMN,ALLDAYS,EVENING,INDIA,SR,0.0
ELECTRICITY,2023,AUTUMN,ALLDAYS,EVENING,INDIA,NER,0.0
ELECTRICITY,2023,AUTUMN,ALLDAYS,NIGHT,INDIA,ER,0.0
ELECTRICITY,2023,AUTUMN,ALLDAYS,NIGHT,INDIA,WR,0.0
ELECTRICITY,2023,AUTUMN,ALLDAYS,NIGHT,INDIA,NR,0.0
ELECTRICITY,2023,AUTUMN,ALLDAYS,NIGHT,INDIA,SR,0.0
ELECTRICITY,2023,AUTUMN,ALLDAYS,NIGHT,INDIA,NER,0.0
ELECTRICITY,2023,WINTER,ALLDAYS,EARLY,INDIA,ER,0.0
ELECTRICITY,2023,WINTER,ALLDAYS,EARLY,INDIA,WR,0.0
ELECTRICITY,2023,WINTER,ALLDAYS,EARLY,INDIA,NR,0.0
ELECTRICITY,2023,WINTER,ALLDAYS,EARLY,INDIA,SR,0.0
ELECTRICITY,2023,WINTER,ALLDAYS,EARLY,INDIA,NER,0.0
ELECTRICITY,2023,WINTER,ALLDAYS,MORN,INDIA,ER,0.0
ELECTRICITY,2023,WINTER,ALLDAYS,MORN,INDIA,WR,0.0
ELECTRICITY,2023,WINTER,ALLDAYS,MORN,INDIA,NR,0.0
ELECTRICITY,2023,WINTER,ALLDAYS,MORN,INDIA,SR,0.0
ELECTRICITY,2023,WINTER,ALLDAYS,MORN,INDIA,NER,0.0
ELECTRICITY,2023,WINTER,ALLDAYS,MID,INDIA,ER,0.0
ELECTRICITY,2023,WINTER,ALLDAYS,MID,INDIA,WR,0.0
ELECTRICITY,2023,WINTER,ALLDAYS,MID,INDIA,NR,0.0
ELECTRICITY,2023,WINTER,ALLDAYS,MID,INDIA,SR,0.0
ELECTRICITY,2023,WINTER,ALLDAYS,MID,INDIA,NER,0.0
ELECTRICITY,2023,WINTER,ALLDAYS,AFTERNOON,INDIA,ER,0.0
ELECTRICITY,2023,WINTER,ALLDAYS,AFTERNOON,INDIA,WR,0.0
ELECTRICITY,2023,WINTER,ALLDAYS,AFTERNOON,INDIA,NR,0.0
ELECTRICITY,2023,WINTER,ALLDAYS,AFTERNOON,INDIA,SR,0.0
ELECTRICITY,2023,WINTER,ALLDAYS,AFTERNOON,INDIA,NER,0.0
ELECTRICITY,2023,WINTER,ALLDAYS,EVENING,INDIA,ER,0.0
ELECTRICITY,2023,WINTER,ALLDAYS,EVENING,INDIA,WR,0.0
ELECTRICITY,2023,WINTER,ALLDAYS,EVENING,INDIA,NR,0.0
ELECTRICITY,2023,WINTER,ALLDAYS,EVENING,INDIA,SR,0.0
ELECTRICITY,2023,WINTER,ALLDAYS,EVENING,INDIA,NER,0.0
ELECTRICITY,2023,WINTER,ALLDAYS,NIGHT,INDIA,ER,0.0
ELECTRICITY,2023,WINTER,ALLDAYS,NIGHT,INDIA,WR,0.0
ELECTRICITY,2023,WINTER,ALLDAYS,NIGHT,INDIA,NR,0.0
ELECTRICITY,2023,WINTER,ALLDAYS,NIGHT,INDIA,SR,0.0
ELECTRICITY,2023,WINTER,ALLDAYS,NIGHT,INDIA,NER,0.0
ELECTRICITY,2023,SPRING,ALLDAYS,EARLY,INDIA,ER,0.0
ELECTRICITY,2023,SPRING,ALLDAYS,EARLY,INDIA,WR,0.0
ELECTRICITY,2023,SPRING,ALLDAYS,EARLY,INDIA,NR,0.0
ELECTRICITY,2023,SPRING,ALLDAYS,EARLY,INDIA,SR,0.0
ELECTRICITY,2023,SPRING,ALLDAYS,EARLY,INDIA,NER,0.0
ELECTRICITY,2023,SPRING,ALLDAYS,MORN,INDIA,ER,0.0
ELECTRICITY,2023,SPRING,ALLDAYS,MORN,INDIA,WR,0.0
ELECTRICITY,2023,SPRING,ALLDAYS,MORN,INDIA,NR,0.0
ELECTRICITY,2023,SPRING,ALLDAYS,MORN,INDIA,SR,0.0
ELECTRICITY,2023,SPRING,ALLDAYS,MORN,INDIA,NER,0.0
ELECTRICITY,2023,SPRING,ALLDAYS,MID,INDIA,ER,0.0
ELECTRICITY,2023,SPRING,ALLDAYS,MID,INDIA,WR,0.0
ELECTRICITY,2023,SPRING,ALLDAYS,MID,INDIA,NR,0.0
ELECTRICITY,2023,SPRING,ALLDAYS,MID,INDIA,SR,0.0
ELECTRICITY,2023,SPRING,ALLDAYS,MID,INDIA,NER,0.0
ELECTRICITY,2023,SPRING,ALLDAYS,AFTERNOON,INDIA,ER,0.0
ELECTRICITY,2023,SPRING,ALLDAYS,AFTERNOON,INDIA,WR,0.0
ELECTRICITY,2023,SPRING,ALLDAYS,AFTERNOON,INDIA,NR,0.0
ELECTRICITY,2023,SPRING,ALLDAYS,AFTERNOON,INDIA,SR,0.0
ELECTRICITY,2023,SPRING,ALLDAYS,AFTERNOON,INDIA,NER,0.0
ELECTRICITY,2023,SPRING,ALLDAYS,EVENING,INDIA,ER,0.0
ELECTRICITY,2023,SPRING,ALLDAYS,EVENING,INDIA,WR,0.0
ELECTRICITY,2023,SPRING,ALLDAYS,EVENING,INDIA,NR,0.0
ELECTRICITY,2023,SPRING,ALLDAYS,EVENING,INDIA,SR,0.0
ELECTRICITY,2023,SPRING,ALLDAYS,EVENING,INDIA,NER,0.0
ELECTRICITY,2023,SPRING,ALLDAYS,NIGHT,INDIA,ER,0.0
ELECTRICITY,2023,SPRING,ALLDAYS,NIGHT,INDIA,WR,0.0
ELECTRICITY,2023,SPRING,ALLDAYS,NIGHT,INDIA,NR,0.0
ELECTRICITY,2023,SPRING,ALLDAYS,NIGHT,INDIA,SR,0.0
ELECTRICITY,2023,SPRING,ALLDAYS,NIGHT,INDIA,NER,0.0
ELECTRICITY,2024,SUMMER,ALLDAYS,EARLY,INDIA,ER,0.0
ELECTRICITY,2024,SUMMER,ALLDAYS,EARLY,INDIA,WR,0.0
ELECTRICITY,2024,SUMMER,ALLDAYS,EARLY,INDIA,NR,0.0
ELECTRICITY,2024,SUMMER,ALLDAYS,EARLY,INDIA,SR,0.0
ELECTRICITY,2024,SUMMER,ALLDAYS,EARLY,INDIA,NER,0.0
ELECTRICITY,2024,SUMMER,ALLDAYS,MORN,INDIA,ER,0.0
ELECTRICITY,2024,SUMMER,ALLDAYS,MORN,INDIA,WR,0.0
ELECTRICITY,2024,SUMMER,ALLDAYS,MORN,INDIA,NR,0.0
ELECTRICITY,2024,SUMMER,ALLDAYS,MORN,INDIA,SR,0.0
ELECTRICITY,2024,SUMMER,ALLDAYS,MORN,INDIA,NER,0.0
ELECTRICITY,2024,SUMMER,ALLDAYS,MID,INDIA,ER,0.0
ELECTRICITY,2024,SUMMER,ALLDAYS,MID,INDIA,WR,0.0
ELECTRICITY,2024,SUMMER,ALLDAYS,MID,INDIA,NR,0.0
ELECTRICITY,2024,SUMMER,ALLDAYS,MID,INDIA,SR,0.0
ELECTRICITY,2024,SUMMER,ALLDAYS,MID,INDIA,NER,0.0
ELECTRICITY,2024,SUMMER,ALLDAYS,AFTERNOON,INDIA,ER,0.0
ELECTRICITY,2024,SUMMER,ALLDAYS,AFTERNOON,INDIA,WR,0.0
ELECTRICITY,2024,SUMMER,ALLDAYS,AFTERNOON,INDIA,NR,0.0
ELECTRICITY,2024,SUMMER,ALLDAYS,AFTERNOON,INDIA,SR,0.0
ELECTRICITY,2024,SUMMER,ALLDAYS,AFTERNOON,INDIA,NER,0.0
ELECTRICITY,2024,SUMMER,ALLDAYS,EVENING,INDIA,ER,0.0
ELECTRICITY,2024,SUMMER,ALLDAYS,EVENING,INDIA,WR,0.0
ELECTRICITY,2024,SUMMER,ALLDAYS,EVENING,INDIA,NR,0.0
ELECTRICITY,2024,SUMMER,ALLDAYS,EVENING,INDIA,SR,0.0
ELECTRICITY,2024,SUMMER,ALLDAYS,EVENING,INDIA,NER,0.0
ELECTRICITY,2024,SUMMER,ALLDAYS,NIGHT,INDIA,ER,0.0
ELECTRICITY,2024,SUMMER,ALLDAYS,NIGHT,INDIA,WR,0.0
ELECTRICITY,2024,SUMMER,ALLDAYS,NIGHT,INDIA,NR,0.0
ELECTRICITY,2024,SUMMER,ALLDAYS,NIGHT,INDIA,SR,0.0
ELECTRICITY,2024,SUMMER,ALLDAYS,NIGHT,INDIA,NER,0.0
ELECTRICITY,2024,MONSOON,ALLDAYS,EARLY,INDIA,ER,0.0
ELECTRICITY,2024,MONSOON,ALLDAYS,EARLY,INDIA,WR,0.0
ELECTRICITY,2024,MONSOON,ALLDAYS,EARLY,INDIA,NR,0.0
ELECTRICITY,2024,MONSOON,ALLDAYS,EARLY,INDIA,SR,0.0
ELECTRICITY,2024,MONSOON,ALLDAYS,EARLY,INDIA,NER,0.0
ELECTRICITY,2024,MONSOON,ALLDAYS,MORN,INDIA,ER,0.0
ELECTRICITY,2024,MONSOON,ALLDAYS,MORN,INDIA,WR,0.0
ELECTRICITY,2024,MONSOON,ALLDAYS,MORN,INDIA,NR,0.0
ELECTRICITY,2024,MONSOON,ALLDAYS,MORN,INDIA,SR,0.0
ELECTRICITY,2024,MONSOON,ALLDAYS,MORN,INDIA,NER,0.0
ELECTRICITY,2024,MONSOON,ALLDAYS,MID,INDIA,ER,0.0
ELECTRICITY,2024,MONSOON,ALLDAYS,MID,INDIA,WR,0.0
ELECTRICITY,2024,MONSOON,ALLDAYS,MID,INDIA,NR,0.0
ELECTRICITY,2024,MONSOON,ALLDAYS,MID,INDIA,SR,0.0
ELECTRICITY,2024,MONSOON,ALLDAYS,MID,INDIA,NER,0.0
ELECTRICITY,2024,MONSOON,ALLDAYS,AFTERNOON,INDIA,ER,0.0
ELECTRICITY,2024,MONSOON,ALLDAYS,AFTERNOON,INDIA,WR,0.0
ELECTRICITY,2024,MONSOON,ALLDAYS,AFTERNOON,INDIA,NR,0.0
ELECTRICITY,2024,MONSOON,ALLDAYS,AFTERNOON,INDIA,SR,0.0
ELECTRICITY,2024,MONSOON,ALLDAYS,AFTERNOON,INDIA,NER,0.0
ELECTRICITY,2024,MONSOON,ALLDAYS,EVENING,INDIA,ER,0.0
ELECTRICITY,2024,MONSOON,ALLDAYS,EVENING,INDIA,WR,0.0
ELECTRICITY,2024,MONSOON,ALLDAYS,EVENING,INDIA,NR,0.0
ELECTRICITY,2024,MONSOON,ALLDAYS,EVENING,INDIA,SR,0.0
ELECTRICITY,2024,MONSOON,ALLDAYS,EVENING,INDIA,NER,0.0
ELECTRICITY,2024,MONSOON,ALLDAYS,NIGHT,INDIA,ER,0.0
ELECTRICITY,2024,MONSOON,ALLDAYS,NIGHT,INDIA,WR,0.0
ELECTRICITY,2024,MONSOON,ALLDAYS,NIGHT,INDIA,NR,0.0
ELECTRICITY,2024,MONSOON,ALLDAYS,NIGHT,INDIA,SR,0.0
ELECTRICITY,2024,MONSOON,ALLDAYS,NIGHT,INDIA,NER,0.0
ELECTRICITY,2024,AUTUMN,ALLDAYS,EARLY,INDIA,ER,0.0
ELECTRICITY,2024,AUTUMN,ALLDAYS,EARLY,INDIA,WR,0.0
ELECTRICITY,2024,AUTUMN,ALLDAYS,EARLY,INDIA,NR,0.0
ELECTRICITY,2024,AUTUMN,ALLDAYS,EARLY,INDIA,SR,0.0
ELECTRICITY,2024,AUTUMN,ALLDAYS,EARLY,INDIA,NER,0.0
ELECTRICITY,2024,AUTUMN,ALLDAYS,MORN,INDIA,ER,0.0
ELECTRICITY,2024,AUTUMN,ALLDAYS,MORN,INDIA,WR,0.0
ELECTRICITY,2024,AUTUMN,ALLDAYS,MORN,INDIA,NR,0.0
ELECTRICITY,2024,AUTUMN,ALLDAYS,MORN,INDIA,SR,0.0
ELECTRICITY,2024,AUTUMN,ALLDAYS,MORN,INDIA,NER,0.0
ELECTRICITY,2024,AUTUMN,ALLDAYS,MID,INDIA,ER,0.0
ELECTRICITY,2024,AUTUMN,ALLDAYS,MID,INDIA,WR,0.0
ELECTRICITY,2024,AUTUMN,ALLDAYS,MID,INDIA,NR,0.0
ELECTRICITY,2024,AUTUMN,ALLDAYS,MID,INDIA,SR,0.0
ELECTRICITY,2024,AUTUMN,ALLDAYS,MID,INDIA,NER,0.0
ELECTRICITY,2024,AUTUMN,ALLDAYS,AFTERNOON,INDIA,ER,0.0
ELECTRICITY,2024,AUTUMN,ALLDAYS,AFTERNOON,INDIA,WR,0.0
ELECTRICITY,2024,AUTUMN,ALLDAYS,AFTERNOON,INDIA,NR,0.0
ELECTRICITY,2024,AUTUMN,ALLDAYS,AFTERNOON,INDIA,SR,0.0
ELECTRICITY,2024,AUTUMN,ALLDAYS,AFTERNOON,INDIA,NER,0.0
ELECTRICITY,2024,AUTUMN,ALLDAYS,EVENING,INDIA,ER,0.0
ELECTRICITY,2024,AUTUMN,ALLDAYS,EVENING,INDIA,WR,0.0
ELECTRICITY,2024,AUTUMN,ALLDAYS,EVENING,INDIA,NR,0.0
ELECTRICITY,2024,AUTUMN,ALLDAYS,EVENING,INDIA,SR,0.0
ELECTRICITY,2024,AUTUMN,ALLDAYS,EVENING,INDIA,NER,0.0
ELECTRICITY,2024,AUTUMN,ALLDAYS,NIGHT,INDIA,ER,0.0
ELECTRICITY,2024,AUTUMN,ALLDAYS,NIGHT,INDIA,WR,0.0
ELECTRICITY,2024,AUTUMN,ALLDAYS,NIGHT,INDIA,NR,0.0
ELECTRICITY,2024,AUTUMN,ALLDAYS,NIGHT,INDIA,SR,0.0
ELECTRICITY,2024,AUTUMN,ALLDAYS,NIGHT,INDIA,NER,0.0
ELECTRICITY,2024,WINTER,ALLDAYS,EARLY,INDIA,ER,0.0
ELECTRICITY,2024,WINTER,ALLDAYS,EARLY,INDIA,WR,0.0
ELECTRICITY,2024,WINTER,ALLDAYS,EARLY,INDIA,NR,0.0
ELECTRICITY,2024,WINTER,ALLDAYS,EARLY,INDIA,SR,0.0
ELECTRICITY,2024,WINTER,ALLDAYS,EARLY,INDIA,NER,0.0
ELECTRICITY,2024,WINTER,ALLDAYS,MORN,INDIA,ER,0.0
ELECTRICITY,2024,WINTER,ALLDAYS,MORN,INDIA,WR,0.0
ELECTRICITY,2024,WINTER,ALLDAYS,MORN,INDIA,NR,0.0
ELECTRICITY,2024,WINTER,ALLDAYS,MORN,INDIA,SR,0.0
ELECTRICITY,2024,WINTER,ALLDAYS,MORN,INDIA,NER,0.0
ELECTRICITY,2024,WINTER,ALLDAYS,MID,INDIA,ER,0.0
ELECTRICITY,2024,WINTER,ALLDAYS,MID,INDIA,WR,0.0
ELECTRICITY,2024,WINTER,ALLDAYS,MID,INDIA,NR,0.0
ELECTRICITY,2024,WINTER,ALLDAYS,MID,INDIA,SR,0.0
ELECTRICITY,2024,WINTER,ALLDAYS,MID,INDIA,NER,0.0
ELECTRICITY,2024,WINTER,ALLDAYS,AFTERNOON,INDIA,ER,0.0
ELECTRICITY,2024,WINTER,ALLDAYS,AFTERNOON,INDIA,WR,0.0
ELECTRICITY,2024,WINTER,ALLDAYS,AFTERNOON,INDIA,NR,0.0
ELECTRICITY,2024,WINTER,ALLDAYS,AFTERNOON,INDIA,SR,0.0
ELECTRICITY,2024,WINTER,ALLDAYS,AFTERNOON,INDIA,NER,0.0
ELECTRICITY,2024,WINTER,ALLDAYS,EVENING,INDIA,ER,0.0
ELECTRICITY,2024,WINTER,ALLDAYS,EVENING,INDIA,WR,0.0
ELECTRICITY,2024,WINTER,ALLDAYS,EVENING,INDIA,NR,0.0
ELECTRICITY,2024,WINTER,ALLDAYS,EVENING,INDIA,SR,0.0
ELECTRICITY,2024,WINTER,ALLDAYS,EVENING,INDIA,NER,0.0
ELECTRICITY,2024,WINTER,ALLDAYS,NIGHT,INDIA,ER,0.0
ELECTRICITY,2024,WINTER,ALLDAYS,NIGHT,INDIA,WR,0.0
ELECTRICITY,2024,WINTER,ALLDAYS,NIGHT,INDIA,NR,0.0
ELECTRICITY,2024,WINTER,ALLDAYS,NIGHT,INDIA,SR,0.0
ELECTRICITY,2024,WINTER,ALLDAYS,NIGHT,INDIA,NER,0.0
ELECTRICITY,2024,SPRING,ALLDAYS,EARLY,INDIA,ER,0.0
ELECTRICITY,2024,SPRING,ALLDAYS,EARLY,INDIA,WR,0.0
ELECTRICITY,2024,SPRING,ALLDAYS,EARLY,INDIA,NR,0.0
ELECTRICITY,2024,SPRING,ALLDAYS,EARLY,INDIA,SR,0.0
ELECTRICITY,2024,SPRING,ALLDAYS,EARLY,INDIA,NER,0.0
ELECTRICITY,2024,SPRING,ALLDAYS,MORN,INDIA,ER,0.0
ELECTRICITY,2024,SPRING,ALLDAYS,MORN,INDIA,WR,0.0
ELECTRICITY,2024,SPRING,ALLDAYS,MORN,INDIA,NR,0.0
ELECTRICITY,2024,SPRING,ALLDAYS,MORN,INDIA,SR,0.0
ELECTRICITY,2024,SPRING,ALLDAYS,MORN,INDIA,NER,0.0
ELECTRICITY,2024,SPRING,ALLDAYS,MID,INDIA,ER,0.0
ELECTRICITY,2024,SPRING,ALLDAYS,MID,INDIA,WR,0.0
ELECTRICITY,2024,SPRING,ALLDAYS,MID,INDIA,NR,0.0
ELECTRICITY,2024,SPRING,ALLDAYS,MID,INDIA,SR,0.0
ELECTRICITY,2024,SPRING,ALLDAYS,MID,INDIA,NER,0.0
ELECTRICITY,2024,SPRING,ALLDAYS,AFTERNOON,INDIA,ER,0.0
ELECTRICITY,2024,SPRING,ALLDAYS,AFTERNOON,INDIA,WR,0.0
ELECTRICITY,2024,SPRING,ALLDAYS,AFTERNOON,INDIA,NR,0.0
ELECTRICITY,2024,SPRING,ALLDAYS,AFTERNOON,INDIA,SR,0.0
ELECTRICITY,2024,SPRING,ALLDAYS,AFTERNOON,INDIA,NER,0.0
ELECTRICITY,2024,SPRING,ALLDAYS,EVENING,INDIA,ER,0.0
ELECTRICITY,2024,SPRING,ALLDAYS,EVENING,INDIA,WR,0.0
ELECTRICITY,2024,SPRING,ALLDAYS,EVENING,INDIA,NR,0.0
ELECTRICITY,2024,SPRING,ALLDAYS,EVENING,INDIA,SR,0.0
ELECTRICITY,2024,SPRING,ALLDAYS,EVENING,INDIA,NER,0.0
ELECTRICITY,2024,SPRING,ALLDAYS,NIGHT,INDIA,ER,0.0
ELECTRICITY,2024,SPRING,ALLDAYS,NIGHT,INDIA,WR,0.0
ELECTRICITY,2024,SPRING,ALLDAYS,NIGHT,INDIA,NR,0.0
ELECTRICITY,2024,SPRING,ALLDAYS,NIGHT,INDIA,SR,0.0
ELECTRICITY,2024,SPRING,ALLDAYS,NIGHT,INDIA,NER,0.0
ELECTRICITY,2025,SUMMER,ALLDAYS,EARLY,INDIA,ER,0.0
ELECTRICITY,2025,SUMMER,ALLDAYS,EARLY,INDIA,WR,0.0
ELECTRICITY,2025,SUMMER,ALLDAYS,EARLY,INDIA,NR,0.0
ELECTRICITY,2025,SUMMER,ALLDAYS,EARLY,INDIA,SR,0.0
ELECTRICITY,2025,SUMMER,ALLDAYS,EARLY,INDIA,NER,0.0
ELECTRICITY,2025,SUMMER,ALLDAYS,MORN,INDIA,ER,0.0
ELECTRICITY,2025,SUMMER,ALLDAYS,MORN,INDIA,WR,0.0
ELECTRICITY,2025,SUMMER,ALLDAYS,MORN,INDIA,NR,0.0
ELECTRICITY,2025,SUMMER,ALLDAYS,MORN,INDIA,SR,0.0
ELECTRICITY,2025,SUMMER,ALLDAYS,MORN,INDIA,NER,0.0
ELECTRICITY,2025,SUMMER,ALLDAYS,MID,INDIA,ER,0.0
ELECTRICITY,2025,SUMMER,ALLDAYS,MID,INDIA,WR,0.0
ELECTRICITY,2025,SUMMER,ALLDAYS,MID,INDIA,NR,0.0
ELECTRICITY,2025,SUMMER,ALLDAYS,MID,INDIA,SR,0.0
ELECTRICITY,2025,SUMMER,ALLDAYS,MID,INDIA,NER,0.0
ELECTRICITY,2025,SUMMER,ALLDAYS,AFTERNOON,INDIA,ER,0.0
ELECTRICITY,2025,SUMMER,ALLDAYS,AFTERNOON,INDIA,WR,0.0
ELECTRICITY,2025,SUMMER,ALLDAYS,AFTERNOON,INDIA,NR,0.0
ELECTRICITY,2025,SUMMER,ALLDAYS,AFTERNOON,INDIA,SR,0.0
ELECTRICITY,2025,SUMMER,ALLDAYS,AFTERNOON,INDIA,NER,0.0
ELECTRICITY,2025,SUMMER,ALLDAYS,EVENING,INDIA,ER,0.0
ELECTRICITY,2025,SUMMER,ALLDAYS,EVENING,INDIA,WR,0.0
ELECTRICITY,2025,SUMMER,ALLDAYS,EVENING,INDIA,NR,0.0
ELECTRICITY,2025,SUMMER,ALLDAYS,EVENING,INDIA,SR,0.0
ELECTRICITY,2025,SUMMER,ALLDAYS,EVENING,INDIA,NER,0.0
ELECTRICITY,2025,SUMMER,ALLDAYS,NIGHT,INDIA,ER,0.0
ELECTRICITY,2025,SUMMER,ALLDAYS,NIGHT,INDIA,WR,0.0
ELECTRICITY,2025,SUMMER,ALLDAYS,NIGHT,INDIA,NR,0.0
ELECTRICITY,2025,SUMMER,ALLDAYS,NIGHT,INDIA,SR,0.0
ELECTRICITY,2025,SUMMER,ALLDAYS,NIGHT,INDIA,NER,0.0
ELECTRICITY,2025,MONSOON,ALLDAYS,EARLY,INDIA,ER,0.0
ELECTRICITY,2025,MONSOON,ALLDAYS,EARLY,INDIA,WR,0.0
ELECTRICITY,2025,MONSOON,ALLDAYS,EARLY,INDIA,NR,0.0
ELECTRICITY,2025,MONSOON,ALLDAYS,EARLY,INDIA,SR,0.0
ELECTRICITY,2025,MONSOON,ALLDAYS,EARLY,INDIA,NER,0.0
ELECTRICITY,2025,MONSOON,ALLDAYS,MORN,INDIA,ER,0.0
ELECTRICITY,2025,MONSOON,ALLDAYS,MORN,INDIA,WR,0.0
ELECTRICITY,2025,MONSOON,ALLDAYS,MORN,INDIA,NR,0.0
ELECTRICITY,2025,MONSOON,ALLDAYS,MORN,INDIA,SR,0.0
ELECTRICITY,2025,MONSOON,ALLDAYS,MORN,INDIA,NER,0.0
ELECTRICITY,2025,MONSOON,ALLDAYS,MID,INDIA,ER,0.0
ELECTRICITY,2025,MONSOON,ALLDAYS,MID,INDIA,WR,0.0
ELECTRICITY,2025,MONSOON,ALLDAYS,MID,INDIA,NR,0.0
ELECTRICITY,2025,MONSOON,ALLDAYS,MID,INDIA,SR,0.0
ELECTRICITY,2025,MONSOON,ALLDAYS,MID,INDIA,NER,0.0
ELECTRICITY,2025,MONSOON,ALLDAYS,AFTERNOON,INDIA,ER,0.0
ELECTRICITY,2025,MONSOON,ALLDAYS,AFTERNOON,INDIA,WR,0.0
ELECTRICITY,2025,MONSOON,ALLDAYS,AFTERNOON,INDIA,NR,0.0
ELECTRICITY,2025,MONSOON,ALLDAYS,AFTERNOON,INDIA,SR,0.0
ELECTRICITY,2025,MONSOON,ALLDAYS,AFTERNOON,INDIA,NER,0.0
ELECTRICITY,2025,MONSOON,ALLDAYS,EVENING,INDIA,ER,0.0
ELECTRICITY,2025,MONSOON,ALLDAYS,EVENING,INDIA,WR,0.0
ELECTRICITY,2025,MONSOON,ALLDAYS,EVENING,INDIA,NR,0.0
ELECTRICITY,2025,MONSOON,ALLDAYS,EVENING,INDIA,SR,0.0
ELECTRICITY,2025,MONSOON,ALLDAYS,EVENING,INDIA,NER,0.0
ELECTRICITY,2025,MONSOON,ALLDAYS,NIGHT,INDIA,ER,0.0
ELECTRICITY,2025,MONSOON,ALLDAYS,NIGHT,INDIA,WR,0.0
ELECTRICITY,2025,MONSOON,ALLDAYS,NIGHT,INDIA,NR,0.0
ELECTRICITY,2025,MONSOON,ALLDAYS,NIGHT,INDIA,SR,0.0
ELECTRICITY,2025,MONSOON,ALLDAYS,NIGHT,INDIA,NER,0.0
ELECTRICITY,2025,AUTUMN,ALLDAYS,EARLY,INDIA,ER,0.0
ELECTRICITY,2025,AUTUMN,ALLDAYS,EARLY,INDIA,WR,0.0
ELECTRICITY,2025,AUTUMN,ALLDAYS,EARLY,INDIA,NR,0.0
ELECTRICITY,2025,AUTUMN,ALLDAYS,EARLY,INDIA,SR,0.0
ELECTRICITY,2025,AUTUMN,ALLDAYS,EARLY,INDIA,NER,0.0
ELECTRICITY,2025,AUTUMN,ALLDAYS,MORN,INDIA,ER,0.0
ELECTRICITY,2025,AUTUMN,ALLDAYS,MORN,INDIA,WR,0.0
ELECTRICITY,2025,AUTUMN,ALLDAYS,MORN,INDIA,NR,0.0
ELECTRICITY,2025,AUTUMN,ALLDAYS,MORN,INDIA,SR,0.0
ELECTRICITY,2025,AUTUMN,ALLDAYS,MORN,INDIA,NER,0.0
ELECTRICITY,2025,AUTUMN,ALLDAYS,MID,INDIA,ER,0.0
ELECTRICITY,2025,AUTUMN,ALLDAYS,MID,INDIA,WR,0.0
ELECTRICITY,2025,AUTUMN,ALLDAYS,MID,INDIA,NR,0.0
ELECTRICITY,2025,AUTUMN,ALLDAYS,MID,INDIA,SR,0.0
ELECTRICITY,2025,AUTUMN,ALLDAYS,MID,INDIA,NER,0.0
ELECTRICITY,2025,AUTUMN,ALLDAYS,AFTERNOON,INDIA,ER,0.0
ELECTRICITY,2025,AUTUMN,ALLDAYS,AFTERNOON,INDIA,WR,0.0
ELECTRICITY,2025,AUTUMN,ALLDAYS,AFTERNOON,INDIA,NR,0.0
ELECTRICITY,2025,AUTUMN,ALLDAYS,AFTERNOON,INDIA,SR,0.0
ELECTRICITY,2025,AUTUMN,ALLDAYS,AFTERNOON,INDIA,NER,0.0
ELECTRICITY,2025,AUTUMN,ALLDAYS,EVENING,INDIA,ER,0.0
ELECTRICITY,2025,AUTUMN,ALLDAYS,EVENING,INDIA,WR,0.0
ELECTRICITY,2025,AUTUMN,ALLDAYS,EVENING,INDIA,NR,0.0
ELECTRICITY,2025,AUTUMN,ALLDAYS,EVENING,INDIA,SR,0.0
ELECTRICITY,2025,AUTUMN,ALLDAYS,EVENING,INDIA,NER,0.0
ELECTRICITY,2025,AUTUMN,ALLDAYS,NIGHT,INDIA,ER,0.0
ELECTRICITY,2025,AUTUMN,ALLDAYS,NIGHT,INDIA,WR,0.0
ELECTRICITY,2025,AUTUMN,ALLDAYS,NIGHT,INDIA,NR,0.0
ELECTRICITY,2025,AUTUMN,ALLDAYS,NIGHT,INDIA,SR,0.0
ELECTRICITY,2025,AUTUMN,ALLDAYS,NIGHT,INDIA,NER,0.0
ELECTRICITY,2025,WINTER,ALLDAYS,EARLY,INDIA,ER,0.0
ELECTRICITY,2025,WINTER,ALLDAYS,EARLY,INDIA,WR,0.0
ELECTRICITY,2025,WINTER,ALLDAYS,EARLY,INDIA,NR,0.0
ELECTRICITY,2025,WINTER,ALLDAYS,EARLY,INDIA,SR,0.0
ELECTRICITY,2025,WINTER,ALLDAYS,EARLY,INDIA,NER,0.0
ELECTRICITY,2025,WINTER,ALLDAYS,MORN,INDIA,ER,0.0
ELECTRICITY,2025,WINTER,ALLDAYS,MORN,INDIA,WR,0.0
ELECTRICITY,2025,WINTER,ALLDAYS,MORN,INDIA,NR,0.0
ELECTRICITY,2025,WINTER,ALLDAYS,MORN,INDIA,SR,0.0
ELECTRICITY,2025,WINTER,ALLDAYS,MORN,INDIA,NER,0.0
ELECTRICITY,2025,WINTER,ALLDAYS,MID,INDIA,ER,0.0
ELECTRICITY,2025,WINTER,ALLDAYS,MID,INDIA,WR,0.0
ELECTRICITY,2025,WINTER,ALLDAYS,MID,INDIA,NR,0.0
ELECTRICITY,2025,WINTER,ALLDAYS,MID,INDIA,SR,0.0
ELECTRICITY,2025,WINTER,ALLDAYS,MID,INDIA,NER,0.0
ELECTRICITY,2025,WINTER,ALLDAYS,AFTERNOON,INDIA,ER,0.0
ELECTRICITY,2025,WINTER,ALLDAYS,AFTERNOON,INDIA,WR,0.0
ELECTRICITY,2025,WINTER,ALLDAYS,AFTERNOON,INDIA,NR,0.0
ELECTRICITY,2025,WINTER,ALLDAYS,AFTERNOON,INDIA,SR,0.0
ELECTRICITY,2025,WINTER,ALLDAYS,AFTERNOON,INDIA,NER,0.0
ELECTRICITY,2025,WINTER,ALLDAYS,EVENING,INDIA,ER,0.0
ELECTRICITY,2025,WINTER,ALLDAYS,EVENING,INDIA,WR,0.0
ELECTRICITY,2025,WINTER,ALLDAYS,EVENING,INDIA,NR,0.0
ELECTRICITY,2025,WINTER,ALLDAYS,EVENING,INDIA,SR,0.0
ELECTRICITY,2025,WINTER,ALLDAYS,EVENING,INDIA,NER,0.0
ELECTRICITY,2025,WINTER,ALLDAYS,NIGHT,INDIA,ER,0.0
ELECTRICITY,2025,WINTER,ALLDAYS,NIGHT,INDIA,WR,0.0
ELECTRICITY,2025,WINTER,ALLDAYS,NIGHT,INDIA,NR,0.0
ELECTRICITY,2025,WINTER,ALLDAYS,NIGHT,INDIA,SR,0.0
ELECTRICITY,2025,WINTER,ALLDAYS,NIGHT,INDIA,NER,0.0
ELECTRICITY,2025,SPRING,ALLDAYS,EARLY,INDIA,ER,0.0
ELECTRICITY,2025,SPRING,ALLDAYS,EARLY,INDIA,WR,0.0
ELECTRICITY,2025,SPRING,ALLDAYS,EARLY,INDIA,NR,0.0
ELECTRICITY,2025,SPRING,ALLDAYS,EARLY,INDIA,SR,0.0
ELECTRICITY,2025,SPRING,ALLDAYS,EARLY,INDIA,NER,0.0
ELECTRICITY,2025,SPRING,ALLDAYS,MORN,INDIA,ER,0.0
ELECTRICITY,2025,SPRING,ALLDAYS,MORN,INDIA,WR,0.0
ELECTRICITY,2025,SPRING,ALLDAYS,MORN,INDIA,NR,0.0
ELECTRICITY,2025,SPRING,ALLDAYS,MORN,INDIA,SR,0.0
ELECTRICITY,2025,SPRING,ALLDAYS,MORN,INDIA,NER,0.0
ELECTRICITY,2025,SPRING,ALLDAYS,MID,INDIA,ER,0.0
ELECTRICITY,2025,SPRING,ALLDAYS,MID,INDIA,WR,0.0
ELECTRICITY,2025,SPRING,ALLDAYS,MID,INDIA,NR,0.0
ELECTRICITY,2025,SPRING,ALLDAYS,MID,INDIA,SR,0.0
ELECTRICITY,2025,SPRING,ALLDAYS,MID,INDIA,NER,0.0
ELECTRICITY,2025,SPRING,ALLDAYS,AFTERNOON,INDIA,ER,0.0
ELECTRICITY,2025,SPRING,ALLDAYS,AFTERNOON,INDIA,WR,0.0
ELECTRICITY,2025,SPRING,ALLDAYS,AFTERNOON,INDIA,NR,0.0
ELECTRICITY,2025,SPRING,ALLDAYS,AFTERNOON,INDIA,SR,0.0
ELECTRICITY,2025,SPRING,ALLDAYS,AFTERNOON,INDIA,NER,0.0
ELECTRICITY,2025,SPRING,ALLDAYS,EVENING,INDIA,ER,0.0
ELECTRICITY,2025,SPRING,ALLDAYS,EVENING,INDIA,WR,0.0
ELECTRICITY,2025,SPRING,ALLDAYS,EVENING,INDIA,NR,0.0
ELECTRICITY,2025,SPRING,ALLDAYS,EVENING,INDIA,SR,0.0
ELECTRICITY,2025,SPRING,ALLDAYS,EVENING,INDIA,NER,0.0
ELECTRICITY,2025,SPRING,ALLDAYS,NIGHT,INDIA,ER,0.0
ELECTRICITY,2025,SPRING,ALLDAYS,NIGHT,INDIA,WR,0.0
ELECTRICITY,2025,SPRING,ALLDAYS,NIGHT,INDIA,NR,0.0
ELECTRICITY,2025,SPRING,ALLDAYS,NIGHT,INDIA,SR,0.0
ELECTRICITY,2025,SPRING,ALLDAYS,NIGHT,INDIA,NER,0.0
ELECTRICITY,2026,SUMMER,ALLDAYS,EARLY,INDIA,ER,0.0
ELECTRICITY,2026,SUMMER,ALLDAYS,EARLY,INDIA,WR,0.0
ELECTRICITY,2026,SUMMER,ALLDAYS,EARLY,INDIA,NR,0.0
ELECTRICITY,2026,SUMMER,ALLDAYS,EARLY,INDIA,SR,0.0
ELECTRICITY,2026,SUMMER,ALLDAYS,EARLY,INDIA,NER,0.0
ELECTRICITY,2026,SUMMER,ALLDAYS,MORN,INDIA,ER,0.0
ELECTRICITY,2026,SUMMER,ALLDAYS,MORN,INDIA,WR,0.0
ELECTRICITY,2026,SUMMER,ALLDAYS,MORN,INDIA,NR,0.0
ELECTRICITY,2026,SUMMER,ALLDAYS,MORN,INDIA,SR,0.0
ELECTRICITY,2026,SUMMER,ALLDAYS,MORN,INDIA,NER,0.0
ELECTRICITY,2026,SUMMER,ALLDAYS,MID,INDIA,ER,0.0
ELECTRICITY,2026,SUMMER,ALLDAYS,MID,INDIA,WR,0.0
ELECTRICITY,2026,SUMMER,ALLDAYS,MID,INDIA,NR,0.0
ELECTRICITY,2026,SUMMER,ALLDAYS,MID,INDIA,SR,0.0
ELECTRICITY,2026,SUMMER,ALLDAYS,MID,INDIA,NER,0.0
ELECTRICITY,2026,SUMMER,ALLDAYS,AFTERNOON,INDIA,ER,0.0
ELECTRICITY,2026,SUMMER,ALLDAYS,AFTERNOON,INDIA,WR,0.0
ELECTRICITY,2026,SUMMER,ALLDAYS,AFTERNOON,INDIA,NR,0.0
ELECTRICITY,2026,SUMMER,ALLDAYS,AFTERNOON,INDIA,SR,0.0
ELECTRICITY,2026,SUMMER,ALLDAYS,AFTERNOON,INDIA,NER,0.0
ELECTRICITY,2026,SUMMER,ALLDAYS,EVENING,INDIA,ER,0.0
ELECTRICITY,2026,SUMMER,ALLDAYS,EVENING,INDIA,WR,0.0
ELECTRICITY,2026,SUMMER,ALLDAYS,EVENING,INDIA,NR,0.0
ELECTRICITY,2026,SUMMER,ALLDAYS,EVENING,INDIA,SR,0.0
ELECTRICITY,2026,SUMMER,ALLDAYS,EVENING,INDIA,NER,0.0
ELECTRICITY,2026,SUMMER,ALLDAYS,NIGHT,INDIA,ER,0.0
ELECTRICITY,2026,SUMMER,ALLDAYS,NIGHT,INDIA,WR,0.0
ELECTRICITY,2026,SUMMER,ALLDAYS,NIGHT,INDIA,NR,0.0
ELECTRICITY,2026,SUMMER,ALLDAYS,NIGHT,INDIA,SR,0.0
ELECTRICITY,2026,SUMMER,ALLDAYS,NIGHT,INDIA,NER,0.0
ELECTRICITY,2026,MONSOON,ALLDAYS,EARLY,INDIA,ER,0.0
ELECTRICITY,2026,MONSOON,ALLDAYS,EARLY,INDIA,WR,0.0
ELECTRICITY,2026,MONSOON,ALLDAYS,EARLY,INDIA,NR,0.0
ELECTRICITY,2026,MONSOON,ALLDAYS,EARLY,INDIA,SR,0.0
ELECTRICITY,2026,MONSOON,ALLDAYS,EARLY,INDIA,NER,0.0
ELECTRICITY,2026,MONSOON,ALLDAYS,MORN,INDIA,ER,0.0
ELECTRICITY,2026,MONSOON,ALLDAYS,MORN,INDIA,WR,0.0
ELECTRICITY,2026,MONSOON,ALLDAYS,MORN,INDIA,NR,0.0
ELECTRICITY,2026,MONSOON,ALLDAYS,MORN,INDIA,SR,0.0
ELECTRICITY,2026,MONSOON,ALLDAYS,MORN,INDIA,NER,0.0
ELECTRICITY,2026,MONSOON,ALLDAYS,MID,INDIA,ER,0.0
ELECTRICITY,2026,MONSOON,ALLDAYS,MID,INDIA,WR,0.0
ELECTRICITY,2026,MONSOON,ALLDAYS,MID,INDIA,NR,0.0
ELECTRICITY,2026,MONSOON,ALLDAYS,MID,INDIA,SR,0.0
ELECTRICITY,2026,MONSOON,ALLDAYS,MID,INDIA,NER,0.0
ELECTRICITY,2026,MONSOON,ALLDAYS,AFTERNOON,INDIA,ER,0.0
ELECTRICITY,2026,MONSOON,ALLDAYS,AFTERNOON,INDIA,WR,0.0
ELECTRICITY,2026,MONSOON,ALLDAYS,AFTERNOON,INDIA,NR,0.0
ELECTRICITY,2026,MONSOON,ALLDAYS,AFTERNOON,INDIA,SR,0.0
ELECTRICITY,2026,MONSOON,ALLDAYS,AFTERNOON,INDIA,NER,0.0
ELECTRICITY,2026,MONSOON,ALLDAYS,EVENING,INDIA,ER,0.0
ELECTRICITY,2026,MONSOON,ALLDAYS,EVENING,INDIA,WR,0.0
ELECTRICITY,2026,MONSOON,ALLDAYS,EVENING,INDIA,NR,0.0
ELECTRICITY,2026,MONSOON,ALLDAYS,EVENING,INDIA,SR,0.0
ELECTRICITY,2026,MONSOON,ALLDAYS,EVENING,INDIA,NER,0.0
ELECTRICITY,2026,MONSOON,ALLDAYS,NIGHT,INDIA,ER,0.0
ELECTRICITY,2026,MONSOON,ALLDAYS,NIGHT,INDIA,WR,0.0
ELECTRICITY,2026,MONSOON,ALLDAYS,NIGHT,INDIA,NR,0.0
ELECTRICITY,2026,MONSOON,ALLDAYS,NIGHT,INDIA,SR,0.0
ELECTRICITY,2026,MONSOON,ALLDAYS,NIGHT,INDIA,NER,0.0
ELECTRICITY,2026,AUTUMN,ALLDAYS,EARLY,INDIA,ER,0.0
ELECTRICITY,2026,AUTUMN,ALLDAYS,EARLY,INDIA,WR,0.0
ELECTRICITY,2026,AUTUMN,ALLDAYS,EARLY,INDIA,NR,0.0
ELECTRICITY,2026,AUTUMN,ALLDAYS,EARLY,INDIA,SR,0.0
ELECTRICITY,2026,AUTUMN,ALLDAYS,EARLY,INDIA,NER,0.0
ELECTRICITY,2026,AUTUMN,ALLDAYS,MORN,INDIA,ER,0.0
ELECTRICITY,2026,AUTUMN,ALLDAYS,MORN,INDIA,WR,0.0
ELECTRICITY,2026,AUTUMN,ALLDAYS,MORN,INDIA,NR,0.0
ELECTRICITY,2026,AUTUMN,ALLDAYS,MORN,INDIA,SR,0.0
ELECTRICITY,2026,AUTUMN,ALLDAYS,MORN,INDIA,NER,0.0
ELECTRICITY,2026,AUTUMN,ALLDAYS,MID,INDIA,ER,0.0
ELECTRICITY,2026,AUTUMN,ALLDAYS,MID,INDIA,WR,0.0
ELECTRICITY,2026,AUTUMN,ALLDAYS,MID,INDIA,NR,0.0
ELECTRICITY,2026,AUTUMN,ALLDAYS,MID,INDIA,SR,0.0
ELECTRICITY,2026,AUTUMN,ALLDAYS,MID,INDIA,NER,0.0
ELECTRICITY,2026,AUTUMN,ALLDAYS,AFTERNOON,INDIA,ER,0.0
ELECTRICITY,2026,AUTUMN,ALLDAYS,AFTERNOON,INDIA,WR,0.0
ELECTRICITY,2026,AUTUMN,ALLDAYS,AFTERNOON,INDIA,NR,0.0
ELECTRICITY,2026,AUTUMN,ALLDAYS,AFTERNOON,INDIA,SR,0.0
ELECTRICITY,2026,AUTUMN,ALLDAYS,AFTERNOON,INDIA,NER,0.0
ELECTRICITY,2026,AUTUMN,ALLDAYS,EVENING,INDIA,ER,0.0
ELECTRICITY,2026,AUTUMN,ALLDAYS,EVENING,INDIA,WR,0.0
ELECTRICITY,2026,AUTUMN,ALLDAYS,EVENING,INDIA,NR,0.0
ELECTRICITY,2026,AUTUMN,ALLDAYS,EVENING,INDIA,SR,0.0
ELECTRICITY,2026,AUTUMN,ALLDAYS,EVENING,INDIA,NER,0.0
ELECTRICITY,2026,AUTUMN,ALLDAYS,NIGHT,INDIA,ER,0.0
ELECTRICITY,2026,AUTUMN,ALLDAYS,NIGHT,INDIA,WR,0.0
ELECTRICITY,2026,AUTUMN,ALLDAYS,NIGHT,INDIA,NR,0.0
ELECTRICITY,2026,AUTUMN,ALLDAYS,NIGHT,INDIA,SR,0.0
ELECTRICITY,2026,AUTUMN,ALLDAYS,NIGHT,INDIA,NER,0.0
ELECTRICITY,2026,WINTER,ALLDAYS,EARLY,INDIA,ER,0.0
ELECTRICITY,2026,WINTER,ALLDAYS,EARLY,INDIA,WR,0.0
ELECTRICITY,2026,WINTER,ALLDAYS,EARLY,INDIA,NR,0.0
ELECTRICITY,2026,WINTER,ALLDAYS,EARLY,INDIA,SR,0.0
ELECTRICITY,2026,WINTER,ALLDAYS,EARLY,INDIA,NER,0.0
ELECTRICITY,2026,WINTER,ALLDAYS,MORN,INDIA,ER,0.0
ELECTRICITY,2026,WINTER,ALLDAYS,MORN,INDIA,WR,0.0
ELECTRICITY,2026,WINTER,ALLDAYS,MORN,INDIA,NR,0.0
ELECTRICITY,2026,WINTER,ALLDAYS,MORN,INDIA,SR,0.0
ELECTRICITY,2026,WINTER,ALLDAYS,MORN,INDIA,NER,0.0
ELECTRICITY,2026,WINTER,ALLDAYS,MID,INDIA,ER,0.0
ELECTRICITY,2026,WINTER,ALLDAYS,MID,INDIA,WR,0.0
ELECTRICITY,2026,WINTER,ALLDAYS,MID,INDIA,NR,0.0
ELECTRICITY,2026,WINTER,ALLDAYS,MID,INDIA,SR,0.0
ELECTRICITY,2026,WINTER,ALLDAYS,MID,INDIA,NER,0.0
ELECTRICITY,2026,WINTER,ALLDAYS,AFTERNOON,INDIA,ER,0.0
ELECTRICITY,2026,WINTER,ALLDAYS,AFTERNOON,INDIA,WR,0.0
ELECTRICITY,2026,WINTER,ALLDAYS,AFTERNOON,INDIA,NR,0.0
ELECTRICITY,2026,WINTER,ALLDAYS,AFTERNOON,INDIA,SR,0.0
ELECTRICITY,2026,WINTER,ALLDAYS,AFTERNOON,INDIA,NER,0.0
ELECTRICITY,2026,WINTER,ALLDAYS,EVENING,INDIA,ER,0.0
ELECTRICITY,2026,WINTER,ALLDAYS,EVENING,INDIA,WR,0.0
ELECTRICITY,2026,WINTER,ALLDAYS,EVENING,INDIA,NR,0.0
ELECTRICITY,2026,WINTER,ALLDAYS,EVENING,INDIA,SR,0.0
ELECTRICITY,2026,WINTER,ALLDAYS,EVENING,INDIA,NER,0.0
ELECTRICITY,2026,WINTER,ALLDAYS,NIGHT,INDIA,ER,0.0
ELECTRICITY,2026,WINTER,ALLDAYS,NIGHT,INDIA,WR,0.0
ELECTRICITY,2026,WINTER,ALLDAYS,NIGHT,INDIA,NR,0.0
ELECTRICITY,2026,WINTER,ALLDAYS,NIGHT,INDIA,SR,0.0
ELECTRICITY,2026,WINTER,ALLDAYS,NIGHT,INDIA,NER,0.0
ELECTRICITY,2026,SPRING,ALLDAYS,EARLY,INDIA,ER,0.0
ELECTRICITY,2026,SPRING,ALLDAYS,EARLY,INDIA,WR,0.0
ELECTRICITY,2026,SPRING,ALLDAYS,EARLY,INDIA,NR,0.0
ELECTRICITY,2026,SPRING,ALLDAYS,EARLY,INDIA,SR,0.0
ELECTRICITY,2026,SPRING,ALLDAYS,EARLY,INDIA,NER,0.0
ELECTRICITY,2026,SPRING,ALLDAYS,MORN,INDIA,ER,0.0
ELECTRICITY,2026,SPRING,ALLDAYS,MORN,INDIA,WR,0.0
ELECTRICITY,2026,SPRING,ALLDAYS,MORN,INDIA,NR,0.0
ELECTRICITY,2026,SPRING,ALLDAYS,MORN,INDIA,SR,0.0
ELECTRICITY,2026,SPRING,ALLDAYS,MORN,INDIA,NER,0.0
ELECTRICITY,2026,SPRING,ALLDAYS,MID,INDIA,ER,0.0
ELECTRICITY,2026,SPRING,ALLDAYS,MID,INDIA,WR,0.0
ELECTRICITY,2026,SPRING,ALLDAYS,MID,INDIA,NR,0.0
ELECTRICITY,2026,SPRING,ALLDAYS,MID,INDIA,SR,0.0
ELECTRICITY,2026,SPRING,ALLDAYS,MID,INDIA,NER,0.0
ELECTRICITY,2026,SPRING,ALLDAYS,AFTERNOON,INDIA,ER,0.0
ELECTRICITY,2026,SPRING,ALLDAYS,AFTERNOON,INDIA,WR,0.0
ELECTRICITY,2026,SPRING,ALLDAYS,AFTERNOON,INDIA,NR,0.0
ELECTRICITY,2026,SPRING,ALLDAYS,AFTERNOON,INDIA,SR,0.0
ELECTRICITY,2026,SPRING,ALLDAYS,AFTERNOON,INDIA,NER,0.0
ELECTRICITY,2026,SPRING,ALLDAYS,EVENING,INDIA,ER,0.0
ELECTRICITY,2026,SPRING,ALLDAYS,EVENING,INDIA,WR,0.0
ELECTRICITY,2026,SPRING,ALLDAYS,EVENING,INDIA,NR,0.0
ELECTRICITY,2026,SPRING,ALLDAYS,EVENING,INDIA,SR,0.0
ELECTRICITY,2026,SPRING,ALLDAYS,EVENING,INDIA,NER,0.0
ELECTRICITY,2026,SPRING,ALLDAYS,NIGHT,INDIA,ER,0.0
ELECTRICITY,2026,SPRING,ALLDAYS,NIGHT,INDIA,WR,0.0
ELECTRICITY,2026,SPRING,ALLDAYS,NIGHT,INDIA,NR,0.0
ELECTRICITY,2026,SPRING,ALLDAYS,NIGHT,INDIA,SR,0.0
ELECTRICITY,2026,SPRING,ALLDAYS,NIGHT,INDIA,NER,0.0
ELECTRICITY,2027,SUMMER,ALLDAYS,EARLY,INDIA,ER,0.0
ELECTRICITY,2027,SUMMER,ALLDAYS,EARLY,INDIA,WR,0.0
ELECTRICITY,2027,SUMMER,ALLDAYS,EARLY,INDIA,NR,0.0
ELECTRICITY,2027,SUMMER,ALLDAYS,EARLY,INDIA,SR,0.0
ELECTRICITY,2027,SUMMER,ALLDAYS,EARLY,INDIA,NER,0.0
ELECTRICITY,2027,SUMMER,ALLDAYS,MORN,INDIA,ER,0.0
ELECTRICITY,2027,SUMMER,ALLDAYS,MORN,INDIA,WR,0.0
ELECTRICITY,2027,SUMMER,ALLDAYS,MORN,INDIA,NR,0.0
ELECTRICITY,2027,SUMMER,ALLDAYS,MORN,INDIA,SR,0.0
ELECTRICITY,2027,SUMMER,ALLDAYS,MORN,INDIA,NER,0.0
ELECTRICITY,2027,SUMMER,ALLDAYS,MID,INDIA,ER,0.0
ELECTRICITY,2027,SUMMER,ALLDAYS,MID,INDIA,WR,0.0
ELECTRICITY,2027,SUMMER,ALLDAYS,MID,INDIA,NR,0.0
ELECTRICITY,2027,SUMMER,ALLDAYS,MID,INDIA,SR,0.0
ELECTRICITY,2027,SUMMER,ALLDAYS,MID,INDIA,NER,0.0
ELECTRICITY,2027,SUMMER,ALLDAYS,AFTERNOON,INDIA,ER,0.0
ELECTRICITY,2027,SUMMER,ALLDAYS,AFTERNOON,INDIA,WR,0.0
ELECTRICITY,2027,SUMMER,ALLDAYS,AFTERNOON,INDIA,NR,0.0
ELECTRICITY,2027,SUMMER,ALLDAYS,AFTERNOON,INDIA,SR,0.0
ELECTRICITY,2027,SUMMER,ALLDAYS,AFTERNOON,INDIA,NER,0.0
ELECTRICITY,2027,SUMMER,ALLDAYS,EVENING,INDIA,ER,0.0
ELECTRICITY,2027,SUMMER,ALLDAYS,EVENING,INDIA,WR,0.0
ELECTRICITY,2027,SUMMER,ALLDAYS,EVENING,INDIA,NR,0.0
ELECTRICITY,2027,SUMMER,ALLDAYS,EVENING,INDIA,SR,0.0
ELECTRICITY,2027,SUMMER,ALLDAYS,EVENING,INDIA,NER,0.0
ELECTRICITY,2027,SUMMER,ALLDAYS,NIGHT,INDIA,ER,0.0
ELECTRICITY,2027,SUMMER,ALLDAYS,NIGHT,INDIA,WR,0.0
ELECTRICITY,2027,SUMMER,ALLDAYS,NIGHT,INDIA,NR,0.0
ELECTRICITY,2027,SUMMER,ALLDAYS,NIGHT,INDIA,SR,0.0
ELECTRICITY,2027,SUMMER,ALLDAYS,NIGHT,INDIA,NER,0.0
ELECTRICITY,2027,MONSOON,ALLDAYS,EARLY,INDIA,ER,0.0
ELECTRICITY,2027,MONSOON,ALLDAYS,EARLY,INDIA,WR,0.0
ELECTRICITY,2027,MONSOON,ALLDAYS,EARLY,INDIA,NR,0.0
ELECTRICITY,2027,MONSOON,ALLDAYS,EARLY,INDIA,SR,0.0
ELECTRICITY,2027,MONSOON,ALLDAYS,EARLY,INDIA,NER,0.0
ELECTRICITY,2027,MONSOON,ALLDAYS,MORN,INDIA,ER,0.0
ELECTRICITY,2027,MONSOON,ALLDAYS,MORN,INDIA,WR,0.0
ELECTRICITY,2027,MONSOON,ALLDAYS,MORN,INDIA,NR,0.0
ELECTRICITY,2027,MONSOON,ALLDAYS,MORN,INDIA,SR,0.0
ELECTRICITY,2027,MONSOON,ALLDAYS,MORN,INDIA,NER,0.0
ELECTRICITY,2027,MONSOON,ALLDAYS,MID,INDIA,ER,0.0
ELECTRICITY,2027,MONSOON,ALLDAYS,MID,INDIA,WR,0.0
ELECTRICITY,2027,MONSOON,ALLDAYS,MID,INDIA,NR,0.0
ELECTRICITY,2027,MONSOON,ALLDAYS,MID,INDIA,SR,0.0
ELECTRICITY,2027,MONSOON,ALLDAYS,MID,INDIA,NER,0.0
ELECTRICITY,2027,MONSOON,ALLDAYS,AFTERNOON,INDIA,ER,0.0
ELECTRICITY,2027,MONSOON,ALLDAYS,AFTERNOON,INDIA,WR,0.0
ELECTRICITY,2027,MONSOON,ALLDAYS,AFTERNOON,INDIA,NR,0.0
ELECTRICITY,2027,MONSOON,ALLDAYS,AFTERNOON,INDIA,SR,0.0
ELECTRICITY,2027,MONSOON,ALLDAYS,AFTERNOON,INDIA,NER,0.0
ELECTRICITY,2027,MONSOON,ALLDAYS,EVENING,INDIA,ER,0.0
ELECTRICITY,2027,MONSOON,ALLDAYS,EVENING,INDIA,WR,0.0
ELECTRICITY,2027,MONSOON,ALLDAYS,EVENING,INDIA,NR,0.0
ELECTRICITY,2027,MONSOON,ALLDAYS,EVENING,INDIA,SR,0.0
ELECTRICITY,2027,MONSOON,ALLDAYS,EVENING,INDIA,NER,0.0
ELECTRICITY,2027,MONSOON,ALLDAYS,NIGHT,INDIA,ER,0.0
ELECTRICITY,2027,MONSOON,ALLDAYS,NIGHT,INDIA,WR,0.0
ELECTRICITY,2027,MONSOON,ALLDAYS,NIGHT,INDIA,NR,0.0
ELECTRICITY,2027,MONSOON,ALLDAYS,NIGHT,INDIA,SR,0.0
ELECTRICITY,2027,MONSOON,ALLDAYS,NIGHT,INDIA,NER,0.0
ELECTRICITY,2027,AUTUMN,ALLDAYS,EARLY,INDIA,ER,0.0
ELECTRICITY,2027,AUTUMN,ALLDAYS,EARLY,INDIA,WR,0.0
ELECTRICITY,2027,AUTUMN,ALLDAYS,EARLY,INDIA,NR,0.0
ELECTRICITY,2027,AUTUMN,ALLDAYS,EARLY,INDIA,SR,0.0
ELECTRICITY,2027,AUTUMN,ALLDAYS,EARLY,INDIA,NER,0.0
ELECTRICITY,2027,AUTUMN,ALLDAYS,MORN,INDIA,ER,0.0
ELECTRICITY,2027,AUTUMN,ALLDAYS,MORN,INDIA,WR,0.0
ELECTRICITY,2027,AUTUMN,ALLDAYS,MORN,INDIA,NR,0.0
ELECTRICITY,2027,AUTUMN,ALLDAYS,MORN,INDIA,SR,0.0
ELECTRICITY,2027,AUTUMN,ALLDAYS,MORN,INDIA,NER,0.0
ELECTRICITY,2027,AUTUMN,ALLDAYS,MID,INDIA,ER,0.0
ELECTRICITY,2027,AUTUMN,ALLDAYS,MID,INDIA,WR,0.0
ELECTRICITY,2027,AUTUMN,ALLDAYS,MID,INDIA,NR,0.0
ELECTRICITY,2027,AUTUMN,ALLDAYS,MID,INDIA,SR,0.0
ELECTRICITY,2027,AUTUMN,ALLDAYS,MID,INDIA,NER,0.0
ELECTRICITY,2027,AUTUMN,ALLDAYS,AFTERNOON,INDIA,ER,0.0
ELECTRICITY,2027,AUTUMN,ALLDAYS,AFTERNOON,INDIA,WR,0.0
ELECTRICITY,2027,AUTUMN,ALLDAYS,AFTERNOON,INDIA,NR,0.0
ELECTRICITY,2027,AUTUMN,ALLDAYS,AFTERNOON,INDIA,SR,0.0
ELECTRICITY,2027,AUTUMN,ALLDAYS,AFTERNOON,INDIA,NER,0.0
ELECTRICITY,2027,AUTUMN,ALLDAYS,EVENING,INDIA,ER,0.0
ELECTRICITY,2027,AUTUMN,ALLDAYS,EVENING,INDIA,WR,0.0
ELECTRICITY,2027,AUTUMN,ALLDAYS,EVENING,INDIA,NR,0.0
ELECTRICITY,2027,AUTUMN,ALLDAYS,EVENING,INDIA,SR,0.0
ELECTRICITY,2027,AUTUMN,ALLDAYS,EVENING,INDIA,NER,0.0
ELECTRICITY,2027,AUTUMN,ALLDAYS,NIGHT,INDIA,ER,0.0
ELECTRICITY,2027,AUTUMN,ALLDAYS,NIGHT,INDIA,WR,0.0
ELECTRICITY,2027,AUTUMN,ALLDAYS,NIGHT,INDIA,NR,0.0
ELECTRICITY,2027,AUTUMN,ALLDAYS,NIGHT,INDIA,SR,0.0
ELECTRICITY,2027,AUTUMN,ALLDAYS,NIGHT,INDIA,NER,0.0
ELECTRICITY,2027,WINTER,ALLDAYS,EARLY,INDIA,ER,0.0
ELECTRICITY,2027,WINTER,ALLDAYS,EARLY,INDIA,WR,0.0
ELECTRICITY,2027,WINTER,ALLDAYS,EARLY,INDIA,NR,0.0
ELECTRICITY,2027,WINTER,ALLDAYS,EARLY,INDIA,SR,0.0
ELECTRICITY,2027,WINTER,ALLDAYS,EARLY,INDIA,NER,0.0
ELECTRICITY,2027,WINTER,ALLDAYS,MORN,INDIA,ER,0.0
ELECTRICITY,2027,WINTER,ALLDAYS,MORN,INDIA,WR,0.0
ELECTRICITY,2027,WINTER,ALLDAYS,MORN,INDIA,NR,0.0
ELECTRICITY,2027,WINTER,ALLDAYS,MORN,INDIA,SR,0.0
ELECTRICITY,2027,WINTER,ALLDAYS,MORN,INDIA,NER,0.0
ELECTRICITY,2027,WINTER,ALLDAYS,MID,INDIA,ER,0.0
ELECTRICITY,2027,WINTER,ALLDAYS,MID,INDIA,WR,0.0
ELECTRICITY,2027,WINTER,ALLDAYS,MID,INDIA,NR,0.0
ELECTRICITY,2027,WINTER,ALLDAYS,MID,INDIA,SR,0.0
ELECTRICITY,2027,WINTER,ALLDAYS,MID,INDIA,NER,0.0
ELECTRICITY,2027,WINTER,ALLDAYS,AFTERNOON,INDIA,ER,0.0
ELECTRICITY,2027,WINTER,ALLDAYS,AFTERNOON,INDIA,WR,0.0
ELECTRICITY,2027,WINTER,ALLDAYS,AFTERNOON,INDIA,NR,0.0
ELECTRICITY,2027,WINTER,ALLDAYS,AFTERNOON,INDIA,SR,0.0
ELECTRICITY,2027,WINTER,ALLDAYS,AFTERNOON,INDIA,NER,0.0
ELECTRICITY,2027,WINTER,ALLDAYS,EVENING,INDIA,ER,0.0
ELECTRICITY,2027,WINTER,ALLDAYS,EVENING,INDIA,WR,0.0
ELECTRICITY,2027,WINTER,ALLDAYS,EVENING,INDIA,NR,0.0
ELECTRICITY,2027,WINTER,ALLDAYS,EVENING,INDIA,SR,0.0
ELECTRICITY,2027,WINTER,ALLDAYS,EVENING,INDIA,NER,0.0
ELECTRICITY,2027,WINTER,ALLDAYS,NIGHT,INDIA,ER,0.0
ELECTRICITY,2027,WINTER,ALLDAYS,NIGHT,INDIA,WR,0.0
ELECTRICITY,2027,WINTER,ALLDAYS,NIGHT,INDIA,NR,0.0
ELECTRICITY,2027,WINTER,ALLDAYS,NIGHT,INDIA,SR,0.0
ELECTRICITY,2027,WINTER,ALLDAYS,NIGHT,INDIA,NER,0.0
ELECTRICITY,2027,SPRING,ALLDAYS,EARLY,INDIA,ER,0.0
ELECTRICITY,2027,SPRING,ALLDAYS,EARLY,INDIA,WR,0.0
ELECTRICITY,2027,SPRING,ALLDAYS,EARLY,INDIA,NR,0.0
ELECTRICITY,2027,SPRING,ALLDAYS,EARLY,INDIA,SR,0.0
ELECTRICITY,2027,SPRING,ALLDAYS,EARLY,INDIA,NER,0.0
ELECTRICITY,2027,SPRING,ALLDAYS,MORN,INDIA,ER,0.0
ELECTRICITY,2027,SPRING,ALLDAYS,MORN,INDIA,WR,0.0
ELECTRICITY,2027,SPRING,ALLDAYS,MORN,INDIA,NR,0.0
ELECTRICITY,2027,SPRING,ALLDAYS,MORN,INDIA,SR,0.0
ELECTRICITY,2027,SPRING,ALLDAYS,MORN,INDIA,NER,0.0
ELECTRICITY,2027,SPRING,ALLDAYS,MID,INDIA,ER,0.0
ELECTRICITY,2027,SPRING,ALLDAYS,MID,INDIA,WR,0.0
ELECTRICITY,2027,SPRING,ALLDAYS,MID,INDIA,NR,0.0
ELECTRICITY,2027,SPRING,ALLDAYS,MID,INDIA,SR,0.0
ELECTRICITY,2027,SPRING,ALLDAYS,MID,INDIA,NER,0.0
ELECTRICITY,2027,SPRING,ALLDAYS,AFTERNOON,INDIA,ER,0.0
ELECTRICITY,2027,SPRING,ALLDAYS,AFTERNOON,INDIA,WR,0.0
ELECTRICITY,2027,SPRING,ALLDAYS,AFTERNOON,INDIA,NR,0.0
ELECTRICITY,2027,SPRING,ALLDAYS,AFTERNOON,INDIA,SR,0.0
ELECTRICITY,2027,SPRING,ALLDAYS,AFTERNOON,INDIA,NER,0.0
ELECTRICITY,2027,SPRING,ALLDAYS,EVENING,INDIA,ER,0.0
ELECTRICITY,2027,SPRING,ALLDAYS,EVENING,INDIA,WR,0.0
ELECTRICITY,2027,SPRING,ALLDAYS,EVENING,INDIA,NR,0.0
ELECTRICITY,2027,SPRING,ALLDAYS,EVENING,INDIA,SR,0.0
ELECTRICITY,2027,SPRING,ALLDAYS,EVENING,INDIA,NER,0.0
ELECTRICITY,2027,SPRING,ALLDAYS,NIGHT,INDIA,ER,0.0
ELECTRICITY,2027,SPRING,ALLDAYS,NIGHT,INDIA,WR,0.0
ELECTRICITY,2027,SPRING,ALLDAYS,NIGHT,INDIA,NR,0.0
ELECTRICITY,2027,SPRING,ALLDAYS,NIGHT,INDIA,SR,0.0
ELECTRICITY,2027,SPRING,ALLDAYS,NIGHT,INDIA,NER,0.0
ELECTRICITY,2028,SUMMER,ALLDAYS,EARLY,INDIA,ER,0.0
ELECTRICITY,2028,SUMMER,ALLDAYS,EARLY,INDIA,WR,0.0
ELECTRICITY,2028,SUMMER,ALLDAYS,EARLY,INDIA,NR,0.0
ELECTRICITY,2028,SUMMER,ALLDAYS,EARLY,INDIA,SR,0.0
ELECTRICITY,2028,SUMMER,ALLDAYS,EARLY,INDIA,NER,0.0
ELECTRICITY,2028,SUMMER,ALLDAYS,MORN,INDIA,ER,0.0
ELECTRICITY,2028,SUMMER,ALLDAYS,MORN,INDIA,WR,0.0
ELECTRICITY,2028,SUMMER,ALLDAYS,MORN,INDIA,NR,0.0
ELECTRICITY,2028,SUMMER,ALLDAYS,MORN,INDIA,SR,0.0
ELECTRICITY,2028,SUMMER,ALLDAYS,MORN,INDIA,NER,0.0
ELECTRICITY,2028,SUMMER,ALLDAYS,MID,INDIA,ER,0.0
ELECTRICITY,2028,SUMMER,ALLDAYS,MID,INDIA,WR,0.0
ELECTRICITY,2028,SUMMER,ALLDAYS,MID,INDIA,NR,0.0
ELECTRICITY,2028,SUMMER,ALLDAYS,MID,INDIA,SR,0.0
ELECTRICITY,2028,SUMMER,ALLDAYS,MID,INDIA,NER,0.0
ELECTRICITY,2028,SUMMER,ALLDAYS,AFTERNOON,INDIA,ER,0.0
ELECTRICITY,2028,SUMMER,ALLDAYS,AFTERNOON,INDIA,WR,0.0
ELECTRICITY,2028,SUMMER,ALLDAYS,AFTERNOON,INDIA,NR,0.0
ELECTRICITY,2028,SUMMER,ALLDAYS,AFTERNOON,INDIA,SR,0.0
ELECTRICITY,2028,SUMMER,ALLDAYS,AFTERNOON,INDIA,NER,0.0
ELECTRICITY,2028,SUMMER,ALLDAYS,EVENING,INDIA,ER,0.0
ELECTRICITY,2028,SUMMER,ALLDAYS,EVENING,INDIA,WR,0.0
ELECTRICITY,2028,SUMMER,ALLDAYS,EVENING,INDIA,NR,0.0
ELECTRICITY,2028,SUMMER,ALLDAYS,EVENING,INDIA,SR,0.0
ELECTRICITY,2028,SUMMER,ALLDAYS,EVENING,INDIA,NER,0.0
ELECTRICITY,2028,SUMMER,ALLDAYS,NIGHT,INDIA,ER,0.0
ELECTRICITY,2028,SUMMER,ALLDAYS,NIGHT,INDIA,WR,0.0
ELECTRICITY,2028,SUMMER,ALLDAYS,NIGHT,INDIA,NR,0.0
ELECTRICITY,2028,SUMMER,ALLDAYS,NIGHT,INDIA,SR,0.0
ELECTRICITY,2028,SUMMER,ALLDAYS,NIGHT,INDIA,NER,0.0
ELECTRICITY,2028,MONSOON,ALLDAYS,EARLY,INDIA,ER,0.0
ELECTRICITY,2028,MONSOON,ALLDAYS,EARLY,INDIA,WR,0.0
ELECTRICITY,2028,MONSOON,ALLDAYS,EARLY,INDIA,NR,0.0
ELECTRICITY,2028,MONSOON,ALLDAYS,EARLY,INDIA,SR,0.0
ELECTRICITY,2028,MONSOON,ALLDAYS,EARLY,INDIA,NER,0.0
ELECTRICITY,2028,MONSOON,ALLDAYS,MORN,INDIA,ER,0.0
ELECTRICITY,2028,MONSOON,ALLDAYS,MORN,INDIA,WR,0.0
ELECTRICITY,2028,MONSOON,ALLDAYS,MORN,INDIA,NR,0.0
ELECTRICITY,2028,MONSOON,ALLDAYS,MORN,INDIA,SR,0.0
ELECTRICITY,2028,MONSOON,ALLDAYS,MORN,INDIA,NER,0.0
ELECTRICITY,2028,MONSOON,ALLDAYS,MID,INDIA,ER,0.0
ELECTRICITY,2028,MONSOON,ALLDAYS,MID,INDIA,WR,0.0
ELECTRICITY,2028,MONSOON,ALLDAYS,MID,INDIA,NR,0.0
ELECTRICITY,2028,MONSOON,ALLDAYS,MID,INDIA,SR,0.0
ELECTRICITY,2028,MONSOON,ALLDAYS,MID,INDIA,NER,0.0
ELECTRICITY,2028,MONSOON,ALLDAYS,AFTERNOON,INDIA,ER,0.0
ELECTRICITY,2028,MONSOON,ALLDAYS,AFTERNOON,INDIA,WR,0.0
ELECTRICITY,2028,MONSOON,ALLDAYS,AFTERNOON,INDIA,NR,0.0
ELECTRICITY,2028,MONSOON,ALLDAYS,AFTERNOON,INDIA,SR,0.0
ELECTRICITY,2028,MONSOON,ALLDAYS,AFTERNOON,INDIA,NER,0.0
ELECTRICITY,2028,MONSOON,ALLDAYS,EVENING,INDIA,ER,0.0
ELECTRICITY,2028,MONSOON,ALLDAYS,EVENING,INDIA,WR,0.0
ELECTRICITY,2028,MONSOON,ALLDAYS,EVENING,INDIA,NR,0.0
ELECTRICITY,2028,MONSOON,ALLDAYS,EVENING,INDIA,SR,0.0
ELECTRICITY,2028,MONSOON,ALLDAYS,EVENING,INDIA,NER,0.0
ELECTRICITY,2028,MONSOON,ALLDAYS,NIGHT,INDIA,ER,0.0
ELECTRICITY,2028,MONSOON,ALLDAYS,NIGHT,INDIA,WR,0.0
ELECTRICITY,2028,MONSOON,ALLDAYS,NIGHT,INDIA,NR,0.0
ELECTRICITY,2028,MONSOON,ALLDAYS,NIGHT,INDIA,SR,0.0
ELECTRICITY,2028,MONSOON,ALLDAYS,NIGHT,INDIA,NER,0.0
ELECTRICITY,2028,AUTUMN,ALLDAYS,EARLY,INDIA,ER,0.0
ELECTRICITY,2028,AUTUMN,ALLDAYS,EARLY,INDIA,WR,0.0
ELECTRICITY,2028,AUTUMN,ALLDAYS,EARLY,INDIA,NR,0.0
ELECTRICITY,2028,AUTUMN,ALLDAYS,EARLY,INDIA,SR,0.0
ELECTRICITY,2028,AUTUMN,ALLDAYS,EARLY,INDIA,NER,0.0
ELECTRICITY,2028,AUTUMN,ALLDAYS,MORN,INDIA,ER,0.0
ELECTRICITY,2028,AUTUMN,ALLDAYS,MORN,INDIA,WR,0.0
ELECTRICITY,2028,AUTUMN,ALLDAYS,MORN,INDIA,NR,0.0
ELECTRICITY,2028,AUTUMN,ALLDAYS,MORN,INDIA,SR,0.0
ELECTRICITY,2028,AUTUMN,ALLDAYS,MORN,INDIA,NER,0.0
ELECTRICITY,2028,AUTUMN,ALLDAYS,MID,INDIA,ER,0.0
ELECTRICITY,2028,AUTUMN,ALLDAYS,MID,INDIA,WR,0.0
ELECTRICITY,2028,AUTUMN,ALLDAYS,MID,INDIA,NR,0.0
ELECTRICITY,2028,AUTUMN,ALLDAYS,MID,INDIA,SR,0.0
ELECTRICITY,2028,AUTUMN,ALLDAYS,MID,INDIA,NER,0.0
ELECTRICITY,2028,AUTUMN,ALLDAYS,AFTERNOON,INDIA,ER,0.0
ELECTRICITY,2028,AUTUMN,ALLDAYS,AFTERNOON,INDIA,WR,0.0
ELECTRICITY,2028,AUTUMN,ALLDAYS,AFTERNOON,INDIA,NR,0.0
ELECTRICITY,2028,AUTUMN,ALLDAYS,AFTERNOON,INDIA,SR,0.0
ELECTRICITY,2028,AUTUMN,ALLDAYS,AFTERNOON,INDIA,NER,0.0
ELECTRICITY,2028,AUTUMN,ALLDAYS,EVENING,INDIA,ER,0.0
ELECTRICITY,2028,AUTUMN,ALLDAYS,EVENING,INDIA,WR,0.0
ELECTRICITY,2028,AUTUMN,ALLDAYS,EVENING,INDIA,NR,0.0
ELECTRICITY,2028,AUTUMN,ALLDAYS,EVENING,INDIA,SR,0.0
ELECTRICITY,2028,AUTUMN,ALLDAYS,EVENING,INDIA,NER,0.0
ELECTRICITY,2028,AUTUMN,ALLDAYS,NIGHT,INDIA,ER,0.0
ELECTRICITY,2028,AUTUMN,ALLDAYS,NIGHT,INDIA,WR,0.0
ELECTRICITY,2028,AUTUMN,ALLDAYS,NIGHT,INDIA,NR,0.0
ELECTRICITY,2028,AUTUMN,ALLDAYS,NIGHT,INDIA,SR,0.0
ELECTRICITY,2028,AUTUMN,ALLDAYS,NIGHT,INDIA,NER,0.0
ELECTRICITY,2028,WINTER,ALLDAYS,EARLY,INDIA,ER,0.0
ELECTRICITY,2028,WINTER,ALLDAYS,EARLY,INDIA,WR,0.0
ELECTRICITY,2028,WINTER,ALLDAYS,EARLY,INDIA,NR,0.0
ELECTRICITY,2028,WINTER,ALLDAYS,EARLY,INDIA,SR,0.0
ELECTRICITY,2028,WINTER,ALLDAYS,EARLY,INDIA,NER,0.0
ELECTRICITY,2028,WINTER,ALLDAYS,MORN,INDIA,ER,0.0
ELECTRICITY,2028,WINTER,ALLDAYS,MORN,INDIA,WR,0.0
ELECTRICITY,2028,WINTER,ALLDAYS,MORN,INDIA,NR,0.0
ELECTRICITY,2028,WINTER,ALLDAYS,MORN,INDIA,SR,0.0
ELECTRICITY,2028,WINTER,ALLDAYS,MORN,INDIA,NER,0.0
ELECTRICITY,2028,WINTER,ALLDAYS,MID,INDIA,ER,0.0
ELECTRICITY,2028,WINTER,ALLDAYS,MID,INDIA,WR,0.0
ELECTRICITY,2028,WINTER,ALLDAYS,MID,INDIA,NR,0.0
ELECTRICITY,2028,WINTER,ALLDAYS,MID,INDIA,SR,0.0
ELECTRICITY,2028,WINTER,ALLDAYS,MID,INDIA,NER,0.0
ELECTRICITY,2028,WINTER,ALLDAYS,AFTERNOON,INDIA,ER,0.0
ELECTRICITY,2028,WINTER,ALLDAYS,AFTERNOON,INDIA,WR,0.0
ELECTRICITY,2028,WINTER,ALLDAYS,AFTERNOON,INDIA,NR,0.0
ELECTRICITY,2028,WINTER,ALLDAYS,AFTERNOON,INDIA,SR,0.0
ELECTRICITY,2028,WINTER,ALLDAYS,AFTERNOON,INDIA,NER,0.0
ELECTRICITY,2028,WINTER,ALLDAYS,EVENING,INDIA,ER,0.0
ELECTRICITY,2028,WINTER,ALLDAYS,EVENING,INDIA,WR,0.0
ELECTRICITY,2028,WINTER,ALLDAYS,EVENING,INDIA,NR,0.0
ELECTRICITY,2028,WINTER,ALLDAYS,EVENING,INDIA,SR,0.0
ELECTRICITY,2028,WINTER,ALLDAYS,EVENING,INDIA,NER,0.0
ELECTRICITY,2028,WINTER,ALLDAYS,NIGHT,INDIA,ER,0.0
ELECTRICITY,2028,WINTER,ALLDAYS,NIGHT,INDIA,WR,0.0
ELECTRICITY,2028,WINTER,ALLDAYS,NIGHT,INDIA,NR,0.0
ELECTRICITY,2028,WINTER,ALLDAYS,NIGHT,INDIA,SR,0.0
ELECTRICITY,2028,WINTER,ALLDAYS,NIGHT,INDIA,NER,0.0
ELECTRICITY,2028,SPRING,ALLDAYS,EARLY,INDIA,ER,0.0
ELECTRICITY,2028,SPRING,ALLDAYS,EARLY,INDIA,WR,0.0
ELECTRICITY,2028,SPRING,ALLDAYS,EARLY,INDIA,NR,0.0
ELECTRICITY,2028,SPRING,ALLDAYS,EARLY,INDIA,SR,0.0
ELECTRICITY,2028,SPRING,ALLDAYS,EARLY,INDIA,NER,0.0
ELECTRICITY,2028,SPRING,ALLDAYS,MORN,INDIA,ER,0.0
ELECTRICITY,2028,SPRING,ALLDAYS,MORN,INDIA,WR,0.0
ELECTRICITY,2028,SPRING,ALLDAYS,MORN,INDIA,NR,0.0
ELECTRICITY,2028,SPRING,ALLDAYS,MORN,INDIA,SR,0.0
ELECTRICITY,2028,SPRING,ALLDAYS,MORN,INDIA,NER,0.0
ELECTRICITY,2028,SPRING,ALLDAYS,MID,INDIA,ER,0.0
ELECTRICITY,2028,SPRING,ALLDAYS,MID,INDIA,WR,0.0
ELECTRICITY,2028,SPRING,ALLDAYS,MID,INDIA,NR,0.0
ELECTRICITY,2028,SPRING,ALLDAYS,MID,INDIA,SR,0.0
ELECTRICITY,2028,SPRING,ALLDAYS,MID,INDIA,NER,0.0
ELECTRICITY,2028,SPRING,ALLDAYS,AFTERNOON,INDIA,ER,0.0
ELECTRICITY,2028,SPRING,ALLDAYS,AFTERNOON,INDIA,WR,0.0
ELECTRICITY,2028,SPRING,ALLDAYS,AFTERNOON,INDIA,NR,0.0
ELECTRICITY,2028,SPRING,ALLDAYS,AFTERNOON,INDIA,SR,0.0
ELECTRICITY,2028,SPRING,ALLDAYS,AFTERNOON,INDIA,NER,0.0
ELECTRICITY,2028,SPRING,ALLDAYS,EVENING,INDIA,ER,0.0
ELECTRICITY,2028,SPRING,ALLDAYS,EVENING,INDIA,WR,0.0
ELECTRICITY,2028,SPRING,ALLDAYS,EVENING,INDIA,NR,0.0
ELECTRICITY,2028,SPRING,ALLDAYS,EVENING,INDIA,SR,0.0
ELECTRICITY,2028,SPRING,ALLDAYS,EVENING,INDIA,NER,0.0
ELECTRICITY,2028,SPRING,ALLDAYS,NIGHT,INDIA,ER,0.0
ELECTRICITY,2028,SPRING,ALLDAYS,NIGHT,INDIA,WR,0.0
ELECTRICITY,2028,SPRING,ALLDAYS,NIGHT,INDIA,NR,0.0
ELECTRICITY,2028,SPRING,ALLDAYS,NIGHT,INDIA,SR,0.0
ELECTRICITY,2028,SPRING,ALLDAYS,NIGHT,INDIA,NER,0.0
ELECTRICITY,2029,SUMMER,ALLDAYS,EARLY,INDIA,ER,0.0
ELECTRICITY,2029,SUMMER,ALLDAYS,EARLY,INDIA,WR,0.0
ELECTRICITY,2029,SUMMER,ALLDAYS,EARLY,INDIA,NR,0.0
ELECTRICITY,2029,SUMMER,ALLDAYS,EARLY,INDIA,SR,0.0
ELECTRICITY,2029,SUMMER,ALLDAYS,EARLY,INDIA,NER,0.0
ELECTRICITY,2029,SUMMER,ALLDAYS,MORN,INDIA,ER,0.0
ELECTRICITY,2029,SUMMER,ALLDAYS,MORN,INDIA,WR,0.0
ELECTRICITY,2029,SUMMER,ALLDAYS,MORN,INDIA,NR,0.0
ELECTRICITY,2029,SUMMER,ALLDAYS,MORN,INDIA,SR,0.0
ELECTRICITY,2029,SUMMER,ALLDAYS,MORN,INDIA,NER,0.0
ELECTRICITY,2029,SUMMER,ALLDAYS,MID,INDIA,ER,0.0
ELECTRICITY,2029,SUMMER,ALLDAYS,MID,INDIA,WR,0.0
ELECTRICITY,2029,SUMMER,ALLDAYS,MID,INDIA,NR,0.0
ELECTRICITY,2029,SUMMER,ALLDAYS,MID,INDIA,SR,0.0
ELECTRICITY,2029,SUMMER,ALLDAYS,MID,INDIA,NER,0.0
ELECTRICITY,2029,SUMMER,ALLDAYS,AFTERNOON,INDIA,ER,0.0
ELECTRICITY,2029,SUMMER,ALLDAYS,AFTERNOON,INDIA,WR,0.0
ELECTRICITY,2029,SUMMER,ALLDAYS,AFTERNOON,INDIA,NR,0.0
ELECTRICITY,2029,SUMMER,ALLDAYS,AFTERNOON,INDIA,SR,0.0
ELECTRICITY,2029,SUMMER,ALLDAYS,AFTERNOON,INDIA,NER,0.0
ELECTRICITY,2029,SUMMER,ALLDAYS,EVENING,INDIA,ER,0.0
ELECTRICITY,2029,SUMMER,ALLDAYS,EVENING,INDIA,WR,0.0
ELECTRICITY,2029,SUMMER,ALLDAYS,EVENING,INDIA,NR,0.0
ELECTRICITY,2029,SUMMER,ALLDAYS,EVENING,INDIA,SR,0.0
ELECTRICITY,2029,SUMMER,ALLDAYS,EVENING,INDIA,NER,0.0
ELECTRICITY,2029,SUMMER,ALLDAYS,NIGHT,INDIA,ER,0.0
ELECTRICITY,2029,SUMMER,ALLDAYS,NIGHT,INDIA,WR,0.0
ELECTRICITY,2029,SUMMER,ALLDAYS,NIGHT,INDIA,NR,0.0
ELECTRICITY,2029,SUMMER,ALLDAYS,NIGHT,INDIA,SR,0.0
ELECTRICITY,2029,SUMMER,ALLDAYS,NIGHT,INDIA,NER,0.0
ELECTRICITY,2029,MONSOON,ALLDAYS,EARLY,INDIA,ER,0.0
ELECTRICITY,2029,MONSOON,ALLDAYS,EARLY,INDIA,WR,0.0
ELECTRICITY,2029,MONSOON,ALLDAYS,EARLY,INDIA,NR,0.0
ELECTRICITY,2029,MONSOON,ALLDAYS,EARLY,INDIA,SR,0.0
ELECTRICITY,2029,MONSOON,ALLDAYS,EARLY,INDIA,NER,0.0
ELECTRICITY,2029,MONSOON,ALLDAYS,MORN,INDIA,ER,0.0
ELECTRICITY,2029,MONSOON,ALLDAYS,MORN,INDIA,WR,0.0
ELECTRICITY,2029,MONSOON,ALLDAYS,MORN,INDIA,NR,0.0
ELECTRICITY,2029,MONSOON,ALLDAYS,MORN,INDIA,SR,0.0
ELECTRICITY,2029,MONSOON,ALLDAYS,MORN,INDIA,NER,0.0
ELECTRICITY,2029,MONSOON,ALLDAYS,MID,INDIA,ER,0.0
ELECTRICITY,2029,MONSOON,ALLDAYS,MID,INDIA,WR,0.0
ELECTRICITY,2029,MONSOON,ALLDAYS,MID,INDIA,NR,0.0
ELECTRICITY,2029,MONSOON,ALLDAYS,MID,INDIA,SR,0.0
ELECTRICITY,2029,MONSOON,ALLDAYS,MID,INDIA,NER,0.0
ELECTRICITY,2029,MONSOON,ALLDAYS,AFTERNOON,INDIA,ER,0.0
ELECTRICITY,2029,MONSOON,ALLDAYS,AFTERNOON,INDIA,WR,0.0
ELECTRICITY,2029,MONSOON,ALLDAYS,AFTERNOON,INDIA,NR,0.0
ELECTRICITY,2029,MONSOON,ALLDAYS,AFTERNOON,INDIA,SR,0.0
ELECTRICITY,2029,MONSOON,ALLDAYS,AFTERNOON,INDIA,NER,0.0
ELECTRICITY,2029,MONSOON,ALLDAYS,EVENING,INDIA,ER,0.0
ELECTRICITY,2029,MONSOON,ALLDAYS,EVENING,INDIA,WR,0.0
ELECTRICITY,2029,MONSOON,ALLDAYS,EVENING,INDIA,NR,0.0
ELECTRICITY,2029,MONSOON,ALLDAYS,EVENING,INDIA,SR,0.0
ELECTRICITY,2029,MONSOON,ALLDAYS,EVENING,INDIA,NER,0.0
ELECTRICITY,2029,MONSOON,ALLDAYS,NIGHT,INDIA,ER,0.0
ELECTRICITY,2029,MONSOON,ALLDAYS,NIGHT,INDIA,WR,0.0
ELECTRICITY,2029,MONSOON,ALLDAYS,NIGHT,INDIA,NR,0.0
ELECTRICITY,2029,MONSOON,ALLDAYS,NIGHT,INDIA,SR,0.0
ELECTRICITY,2029,MONSOON,ALLDAYS,NIGHT,INDIA,NER,0.0
ELECTRICITY,2029,AUTUMN,ALLDAYS,EARLY,INDIA,ER,0.0
ELECTRICITY,2029,AUTUMN,ALLDAYS,EARLY,INDIA,WR,0.0
ELECTRICITY,2029,AUTUMN,ALLDAYS,EARLY,INDIA,NR,0.0
ELECTRICITY,2029,AUTUMN,ALLDAYS,EARLY,INDIA,SR,0.0
ELECTRICITY,2029,AUTUMN,ALLDAYS,EARLY,INDIA,NER,0.0
ELECTRICITY,2029,AUTUMN,ALLDAYS,MORN,INDIA,ER,0.0
ELECTRICITY,2029,AUTUMN,ALLDAYS,MORN,INDIA,WR,0.0
ELECTRICITY,2029,AUTUMN,ALLDAYS,MORN,INDIA,NR,0.0
ELECTRICITY,2029,AUTUMN,ALLDAYS,MORN,INDIA,SR,0.0
ELECTRICITY,2029,AUTUMN,ALLDAYS,MORN,INDIA,NER,0.0
ELECTRICITY,2029,AUTUMN,ALLDAYS,MID,INDIA,ER,0.0
ELECTRICITY,2029,AUTUMN,ALLDAYS,MID,INDIA,WR,0.0
ELECTRICITY,2029,AUTUMN,ALLDAYS,MID,INDIA,NR,0.0
ELECTRICITY,2029,AUTUMN,ALLDAYS,MID,INDIA,SR,0.0
ELECTRICITY,2029,AUTUMN,ALLDAYS,MID,INDIA,NER,0.0
ELECTRICITY,2029,AUTUMN,ALLDAYS,AFTERNOON,INDIA,ER,0.0
ELECTRICITY,2029,AUTUMN,ALLDAYS,AFTERNOON,INDIA,WR,0.0
ELECTRICITY,2029,AUTUMN,ALLDAYS,AFTERNOON,INDIA,NR,0.0
ELECTRICITY,2029,AUTUMN,ALLDAYS,AFTERNOON,INDIA,SR,0.0
ELECTRICITY,2029,AUTUMN,ALLDAYS,AFTERNOON,INDIA,NER,0.0
ELECTRICITY,2029,AUTUMN,ALLDAYS,EVENING,INDIA,ER,0.0
ELECTRICITY,2029,AUTUMN,ALLDAYS,EVENING,INDIA,WR,0.0
ELECTRICITY,2029,AUTUMN,ALLDAYS,EVENING,INDIA,NR,0.0
ELECTRICITY,2029,AUTUMN,ALLDAYS,EVENING,INDIA,SR,0.0
ELECTRICITY,2029,AUTUMN,ALLDAYS,EVENING,INDIA,NER,0.0
ELECTRICITY,2029,AUTUMN,ALLDAYS,NIGHT,INDIA,ER,0.0
ELECTRICITY,2029,AUTUMN,ALLDAYS,NIGHT,INDIA,WR,0.0
ELECTRICITY,2029,AUTUMN,ALLDAYS,NIGHT,INDIA,NR,0.0
ELECTRICITY,2029,AUTUMN,ALLDAYS,NIGHT,INDIA,SR,0.0
ELECTRICITY,2029,AUTUMN,ALLDAYS,NIGHT,INDIA,NER,0.0
ELECTRICITY,2029,WINTER,ALLDAYS,EARLY,INDIA,ER,0.0
ELECTRICITY,2029,WINTER,ALLDAYS,EARLY,INDIA,WR,0.0
ELECTRICITY,2029,WINTER,ALLDAYS,EARLY,INDIA,NR,0.0
ELECTRICITY,2029,WINTER,ALLDAYS,EARLY,INDIA,SR,0.0
ELECTRICITY,2029,WINTER,ALLDAYS,EARLY,INDIA,NER,0.0
ELECTRICITY,2029,WINTER,ALLDAYS,MORN,INDIA,ER,0.0
ELECTRICITY,2029,WINTER,ALLDAYS,MORN,INDIA,WR,0.0
ELECTRICITY,2029,WINTER,ALLDAYS,MORN,INDIA,NR,0.0
ELECTRICITY,2029,WINTER,ALLDAYS,MORN,INDIA,SR,0.0
ELECTRICITY,2029,WINTER,ALLDAYS,MORN,INDIA,NER,0.0
ELECTRICITY,2029,WINTER,ALLDAYS,MID,INDIA,ER,0.0
ELECTRICITY,2029,WINTER,ALLDAYS,MID,INDIA,WR,0.0
ELECTRICITY,2029,WINTER,ALLDAYS,MID,INDIA,NR,0.0
ELECTRICITY,2029,WINTER,ALLDAYS,MID,INDIA,SR,0.0
ELECTRICITY,2029,WINTER,ALLDAYS,MID,INDIA,NER,0.0
ELECTRICITY,2029,WINTER,ALLDAYS,AFTERNOON,INDIA,ER,0.0
ELECTRICITY,2029,WINTER,ALLDAYS,AFTERNOON,INDIA,WR,0.0
ELECTRICITY,2029,WINTER,ALLDAYS,AFTERNOON,INDIA,NR,0.0
ELECTRICITY,2029,WINTER,ALLDAYS,AFTERNOON,INDIA,SR,0.0
ELECTRICITY,2029,WINTER,ALLDAYS,AFTERNOON,INDIA,NER,0.0
ELECTRICITY,2029,WINTER,ALLDAYS,EVENING,INDIA,ER,0.0
ELECTRICITY,2029,WINTER,ALLDAYS,EVENING,INDIA,WR,0.0
ELECTRICITY,2029,WINTER,ALLDAYS,EVENING,INDIA,NR,0.0
ELECTRICITY,2029,WINTER,ALLDAYS,EVENING,INDIA,SR,0.0
ELECTRICITY,2029,WINTER,ALLDAYS,EVENING,INDIA,NER,0.0
ELECTRICITY,2029,WINTER,ALLDAYS,NIGHT,INDIA,ER,0.0
ELECTRICITY,2029,WINTER,ALLDAYS,NIGHT,INDIA,WR,0.0
ELECTRICITY,2029,WINTER,ALLDAYS,NIGHT,INDIA,NR,0.0
ELECTRICITY,2029,WINTER,ALLDAYS,NIGHT,INDIA,SR,0.0
ELECTRICITY,2029,WINTER,ALLDAYS,NIGHT,INDIA,NER,0.0
ELECTRICITY,2029,SPRING,ALLDAYS,EARLY,INDIA,ER,0.0
ELECTRICITY,2029,SPRING,ALLDAYS,EARLY,INDIA,WR,0.0
ELECTRICITY,2029,SPRING,ALLDAYS,EARLY,INDIA,NR,0.0
ELECTRICITY,2029,SPRING,ALLDAYS,EARLY,INDIA,SR,0.0
ELECTRICITY,2029,SPRING,ALLDAYS,EARLY,INDIA,NER,0.0
ELECTRICITY,2029,SPRING,ALLDAYS,MORN,INDIA,ER,0.0
ELECTRICITY,2029,SPRING,ALLDAYS,MORN,INDIA,WR,0.0
ELECTRICITY,2029,SPRING,ALLDAYS,MORN,INDIA,NR,0.0
ELECTRICITY,2029,SPRING,ALLDAYS,MORN,INDIA,SR,0.0
ELECTRICITY,2029,SPRING,ALLDAYS,MORN,INDIA,NER,0.0
ELECTRICITY,2029,SPRING,ALLDAYS,MID,INDIA,ER,0.0
ELECTRICITY,2029,SPRING,ALLDAYS,MID,INDIA,WR,0.0
ELECTRICITY,2029,SPRING,ALLDAYS,MID,INDIA,NR,0.0
ELECTRICITY,2029,SPRING,ALLDAYS,MID,INDIA,SR,0.0
ELECTRICITY,2029,SPRING,ALLDAYS,MID,INDIA,NER,0.0
ELECTRICITY,2029,SPRING,ALLDAYS,AFTERNOON,INDIA,ER,0.0
ELECTRICITY,2029,SPRING,ALLDAYS,AFTERNOON,INDIA,WR,0.0
ELECTRICITY,2029,SPRING,ALLDAYS,AFTERNOON,INDIA,NR,0.0
ELECTRICITY,2029,SPRING,ALLDAYS,AFTERNOON,INDIA,SR,0.0
ELECTRICITY,2029,SPRING,ALLDAYS,AFTERNOON,INDIA,NER,0.0
ELECTRICITY,2029,SPRING,ALLDAYS,EVENING,INDIA,ER,0.0
ELECTRICITY,2029,SPRING,ALLDAYS,EVENING,INDIA,WR,0.0
ELECTRICITY,2029,SPRING,ALLDAYS,EVENING,INDIA,NR,0.0
ELECTRICITY,2029,SPRING,ALLDAYS,EVENING,INDIA,SR,0.0
ELECTRICITY,2029,SPRING,ALLDAYS,EVENING,INDIA,NER,0.0
ELECTRICITY,2029,SPRING,ALLDAYS,NIGHT,INDIA,ER,0.0
ELECTRICITY,2029,SPRING,ALLDAYS,NIGHT,INDIA,WR,0.0
ELECTRICITY,2029,SPRING,ALLDAYS,NIGHT,INDIA,NR,0.0
ELECTRICITY,2029,SPRING,ALLDAYS,NIGHT,INDIA,SR,0.0
ELECTRICITY,2029,SPRING,ALLDAYS,NIGHT,INDIA,NER,0.0
ELECTRICITY,2030,SUMMER,ALLDAYS,EARLY,INDIA,ER,0.0
ELECTRICITY,2030,SUMMER,ALLDAYS,EARLY,INDIA,WR,0.0
ELECTRICITY,2030,SUMMER,ALLDAYS,EARLY,INDIA,NR,0.0
ELECTRICITY,2030,SUMMER,ALLDAYS,EARLY,INDIA,SR,0.0
ELECTRICITY,2030,SUMMER,ALLDAYS,EARLY,INDIA,NER,0.0
ELECTRICITY,2030,SUMMER,ALLDAYS,MORN,INDIA,ER,0.0
ELECTRICITY,2030,SUMMER,ALLDAYS,MORN,INDIA,WR,0.0
ELECTRICITY,2030,SUMMER,ALLDAYS,MORN,INDIA,NR,0.0
ELECTRICITY,2030,SUMMER,ALLDAYS,MORN,INDIA,SR,0.0
ELECTRICITY,2030,SUMMER,ALLDAYS,MORN,INDIA,NER,0.0
ELECTRICITY,2030,SUMMER,ALLDAYS,MID,INDIA,ER,0.0
ELECTRICITY,2030,SUMMER,ALLDAYS,MID,INDIA,WR,0.0
ELECTRICITY,2030,SUMMER,ALLDAYS,MID,INDIA,NR,0.0
ELECTRICITY,2030,SUMMER,ALLDAYS,MID,INDIA,SR,0.0
ELECTRICITY,2030,SUMMER,ALLDAYS,MID,INDIA,NER,0.0
ELECTRICITY,2030,SUMMER,ALLDAYS,AFTERNOON,INDIA,ER,0.0
ELECTRICITY,2030,SUMMER,ALLDAYS,AFTERNOON,INDIA,WR,0.0
ELECTRICITY,2030,SUMMER,ALLDAYS,AFTERNOON,INDIA,NR,0.0
ELECTRICITY,2030,SUMMER,ALLDAYS,AFTERNOON,INDIA,SR,0.0
ELECTRICITY,2030,SUMMER,ALLDAYS,AFTERNOON,INDIA,NER,0.0
ELECTRICITY,2030,SUMMER,ALLDAYS,EVENING,INDIA,ER,0.0
ELECTRICITY,2030,SUMMER,ALLDAYS,EVENING,INDIA,WR,0.0
ELECTRICITY,2030,SUMMER,ALLDAYS,EVENING,INDIA,NR,0.0
ELECTRICITY,2030,SUMMER,ALLDAYS,EVENING,INDIA,SR,0.0
ELECTRICITY,2030,SUMMER,ALLDAYS,EVENING,INDIA,NER,0.0
ELECTRICITY,2030,SUMMER,ALLDAYS,NIGHT,INDIA,ER,0.0
ELECTRICITY,2030,SUMMER,ALLDAYS,NIGHT,INDIA,WR,0.0
ELECTRICITY,2030,SUMMER,ALLDAYS,NIGHT,INDIA,NR,0.0
ELECTRICITY,2030,SUMMER,ALLDAYS,NIGHT,INDIA,SR,0.0
ELECTRICITY,2030,SUMMER,ALLDAYS,NIGHT,INDIA,NER,0.0
ELECTRICITY,2030,MONSOON,ALLDAYS,EARLY,INDIA,ER,0.0
ELECTRICITY,2030,MONSOON,ALLDAYS,EARLY,INDIA,WR,0.0
ELECTRICITY,2030,MONSOON,ALLDAYS,EARLY,INDIA,NR,0.0
ELECTRICITY,2030,MONSOON,ALLDAYS,EARLY,INDIA,SR,0.0
ELECTRICITY,2030,MONSOON,ALLDAYS,EARLY,INDIA,NER,0.0
ELECTRICITY,2030,MONSOON,ALLDAYS,MORN,INDIA,ER,0.0
ELECTRICITY,2030,MONSOON,ALLDAYS,MORN,INDIA,WR,0.0
ELECTRICITY,2030,MONSOON,ALLDAYS,MORN,INDIA,NR,0.0
ELECTRICITY,2030,MONSOON,ALLDAYS,MORN,INDIA,SR,0.0
ELECTRICITY,2030,MONSOON,ALLDAYS,MORN,INDIA,NER,0.0
ELECTRICITY,2030,MONSOON,ALLDAYS,MID,INDIA,ER,0.0
ELECTRICITY,2030,MONSOON,ALLDAYS,MID,INDIA,WR,0.0
ELECTRICITY,2030,MONSOON,ALLDAYS,MID,INDIA,NR,0.0
ELECTRICITY,2030,MONSOON,ALLDAYS,MID,INDIA,SR,0.0
ELECTRICITY,2030,MONSOON,ALLDAYS,MID,INDIA,NER,0.0
ELECTRICITY,2030,MONSOON,ALLDAYS,AFTERNOON,INDIA,ER,0.0
ELECTRICITY,2030,MONSOON,ALLDAYS,AFTERNOON,INDIA,WR,0.0
ELECTRICITY,2030,MONSOON,ALLDAYS,AFTERNOON,INDIA,NR,0.0
ELECTRICITY,2030,MONSOON,ALLDAYS,AFTERNOON,INDIA,SR,0.0
ELECTRICITY,2030,MONSOON,ALLDAYS,AFTERNOON,INDIA,NER,0.0
ELECTRICITY,2030,MONSOON,ALLDAYS,EVENING,INDIA,ER,0.0
ELECTRICITY,2030,MONSOON,ALLDAYS,EVENING,INDIA,WR,0.0
ELECTRICITY,2030,MONSOON,ALLDAYS,EVENING,INDIA,NR,0.0
ELECTRICITY,2030,MONSOON,ALLDAYS,EVENING,INDIA,SR,0.0
ELECTRICITY,2030,MONSOON,ALLDAYS,EVENING,INDIA,NER,0.0
ELECTRICITY,2030,MONSOON,ALLDAYS,NIGHT,INDIA,ER,0.0
ELECTRICITY,2030,MONSOON,ALLDAYS,NIGHT,INDIA,WR,0.0
ELECTRICITY,2030,MONSOON,ALLDAYS,NIGHT,INDIA,NR,0.0
ELECTRICITY,2030,MONSOON,ALLDAYS,NIGHT,INDIA,SR,0.0
ELECTRICITY,2030,MONSOON,ALLDAYS,NIGHT,INDIA,NER,0.0
ELECTRICITY,2030,AUTUMN,ALLDAYS,EARLY,INDIA,ER,0.0
ELECTRICITY,2030,AUTUMN,ALLDAYS,EARLY,INDIA,WR,0.0
ELECTRICITY,2030,AUTUMN,ALLDAYS,EARLY,INDIA,NR,0.0
ELECTRICITY,2030,AUTUMN,ALLDAYS,EARLY,INDIA,SR,0.0
ELECTRICITY,2030,AUTUMN,ALLDAYS,EARLY,INDIA,NER,0.0
ELECTRICITY,2030,AUTUMN,ALLDAYS,MORN,INDIA,ER,0.0
ELECTRICITY,2030,AUTUMN,ALLDAYS,MORN,INDIA,WR,0.0
ELECTRICITY,2030,AUTUMN,ALLDAYS,MORN,INDIA,NR,0.0
ELECTRICITY,2030,AUTUMN,ALLDAYS,MORN,INDIA,SR,0.0
ELECTRICITY,2030,AUTUMN,ALLDAYS,MORN,INDIA,NER,0.0
ELECTRICITY,2030,AUTUMN,ALLDAYS,MID,INDIA,ER,0.0
ELECTRICITY,2030,AUTUMN,ALLDAYS,MID,INDIA,WR,0.0
ELECTRICITY,2030,AUTUMN,ALLDAYS,MID,INDIA,NR,0.0
ELECTRICITY,2030,AUTUMN,ALLDAYS,MID,INDIA,SR,0.0
ELECTRICITY,2030,AUTUMN,ALLDAYS,MID,INDIA,NER,0.0
ELECTRICITY,2030,AUTUMN,ALLDAYS,AFTERNOON,INDIA,ER,0.0
ELECTRICITY,2030,AUTUMN,ALLDAYS,AFTERNOON,INDIA,WR,0.0
ELECTRICITY,2030,AUTUMN,ALLDAYS,AFTERNOON,INDIA,NR,0.0
ELECTRICITY,2030,AUTUMN,ALLDAYS,AFTERNOON,INDIA,SR,0.0
ELECTRICITY,2030,AUTUMN,ALLDAYS,AFTERNOON,INDIA,NER,0.0
ELECTRICITY,2030,AUTUMN,ALLDAYS,EVENING,INDIA,ER,0.0
ELECTRICITY,2030,AUTUMN,ALLDAYS,EVENING,INDIA,WR,0.0
ELECTRICITY,2030,AUTUMN,ALLDAYS,EVENING,INDIA,NR,0.0
ELECTRICITY,2030,AUTUMN,ALLDAYS,EVENING,INDIA,SR,0.0
ELECTRICITY,2030,AUTUMN,ALLDAYS,EVENING,INDIA,NER,0.0
ELECTRICITY,2030,AUTUMN,ALLDAYS,NIGHT,INDIA,ER,0.0
ELECTRICITY,2030,AUTUMN,ALLDAYS,NIGHT,INDIA,WR,0.0
ELECTRICITY,2030,AUTUMN,ALLDAYS,NIGHT,INDIA,NR,0.0
ELECTRICITY,2030,AUTUMN,ALLDAYS,NIGHT,INDIA,SR,0.0
ELECTRICITY,2030,AUTUMN,ALLDAYS,NIGHT,INDIA,NER,0.0
ELECTRICITY,2030,WINTER,ALLDAYS,EARLY,INDIA,ER,0.0
ELECTRICITY,2030,WINTER,ALLDAYS,EARLY,INDIA,WR,0.0
ELECTRICITY,2030,WINTER,ALLDAYS,EARLY,INDIA,NR,0.0
ELECTRICITY,2030,WINTER,ALLDAYS,EARLY,INDIA,SR,0.0
ELECTRICITY,2030,WINTER,ALLDAYS,EARLY,INDIA,NER,0.0
ELECTRICITY,2030,WINTER,ALLDAYS,MORN,INDIA,ER,0.0
ELECTRICITY,2030,WINTER,ALLDAYS,MORN,INDIA,WR,0.0
ELECTRICITY,2030,WINTER,ALLDAYS,MORN,INDIA,NR,0.0
ELECTRICITY,2030,WINTER,ALLDAYS,MORN,INDIA,SR,0.0
ELECTRICITY,2030,WINTER,ALLDAYS,MORN,INDIA,NER,0.0
ELECTRICITY,2030,WINTER,ALLDAYS,MID,INDIA,ER,0.0
ELECTRICITY,2030,WINTER,ALLDAYS,MID,INDIA,WR,0.0
ELECTRICITY,2030,WINTER,ALLDAYS,MID,INDIA,NR,0.0
ELECTRICITY,2030,WINTER,ALLDAYS,MID,INDIA,SR,0.0
ELECTRICITY,2030,WINTER,ALLDAYS,MID,INDIA,NER,0.0
ELECTRICITY,2030,WINTER,ALLDAYS,AFTERNOON,INDIA,ER,0.0
ELECTRICITY,2030,WINTER,ALLDAYS,AFTERNOON,INDIA,WR,0.0
ELECTRICITY,2030,WINTER,ALLDAYS,AFTERNOON,INDIA,NR,0.0
ELECTRICITY,2030,WINTER,ALLDAYS,AFTERNOON,INDIA,SR,0.0
ELECTRICITY,2030,WINTER,ALLDAYS,AFTERNOON,INDIA,NER,0.0
ELECTRICITY,2030,WINTER,ALLDAYS,EVENING,INDIA,ER,0.0
ELECTRICITY,2030,WINTER,ALLDAYS,EVENING,INDIA,WR,0.0
ELECTRICITY,2030,WINTER,ALLDAYS,EVENING,INDIA,NR,0.0
ELECTRICITY,2030,WINTER,ALLDAYS,EVENING,INDIA,SR,0.0
ELECTRICITY,2030,WINTER,ALLDAYS,EVENING,INDIA,NER,0.0
ELECTRICITY,2030,WINTER,ALLDAYS,NIGHT,INDIA,ER,0.0
ELECTRICITY,2030,WINTER,ALLDAYS,NIGHT,INDIA,WR,0.0
ELECTRICITY,2030,WINTER,ALLDAYS,NIGHT,INDIA,NR,0.0
ELECTRICITY,2030,WINTER,ALLDAYS,NIGHT,INDIA,SR,0.0
ELECTRICITY,2030,WINTER,ALLDAYS,NIGHT,INDIA,NER,0.0
ELECTRICITY,2030,SPRING,ALLDAYS,EARLY,INDIA,ER,0.0
ELECTRICITY,2030,SPRING,ALLDAYS,EARLY,INDIA,WR,0.0
ELECTRICITY,2030,SPRING,ALLDAYS,EARLY,INDIA,NR,0.0
ELECTRICITY,2030,SPRING,ALLDAYS,EARLY,INDIA,SR,0.0
ELECTRICITY,2030,SPRING,ALLDAYS,EARLY,INDIA,NER,0.0
ELECTRICITY,2030,SPRING,ALLDAYS,MORN,INDIA,ER,0.0
ELECTRICITY,2030,SPRING,ALLDAYS,MORN,INDIA,WR,0.0
ELECTRICITY,2030,SPRING,ALLDAYS,MORN,INDIA,NR,0.0
ELECTRICITY,2030,SPRING,ALLDAYS,MORN,INDIA,SR,0.0
ELECTRICITY,2030,SPRING,ALLDAYS,MORN,INDIA,NER,0.0
ELECTRICITY,2030,SPRING,ALLDAYS,MID,INDIA,ER,0.0
ELECTRICITY,2030,SPRING,ALLDAYS,MID,INDIA,WR,0.0
ELECTRICITY,2030,SPRING,ALLDAYS,MID,INDIA,NR,0.0
ELECTRICITY,2030,SPRING,ALLDAYS,MID,INDIA,SR,0.0
ELECTRICITY,2030,SPRING,ALLDAYS,MID,INDIA,NER,0.0
ELECTRICITY,2030,SPRING,ALLDAYS,AFTERNOON,INDIA,ER,0.0
ELECTRICITY,2030,SPRING,ALLDAYS,AFTERNOON,INDIA,WR,0.0
ELECTRICITY,2030,SPRING,ALLDAYS,AFTERNOON,INDIA,NR,0.0
ELECTRICITY,2030,SPRING,ALLDAYS,AFTERNOON,INDIA,SR,0.0
ELECTRICITY,2030,SPRING,ALLDAYS,AFTERNOON,INDIA,NER,0.0
ELECTRICITY,2030,SPRING,ALLDAYS,EVENING,INDIA,ER,0.0
ELECTRICITY,2030,SPRING,ALLDAYS,EVENING,INDIA,WR,0.0
ELECTRICITY,2030,SPRING,ALLDAYS,EVENING,INDIA,NR,0.0
ELECTRICITY,2030,SPRING,ALLDAYS,EVENING,INDIA,SR,0.0
ELECTRICITY,2030,SPRING,ALLDAYS,EVENING,INDIA,NER,0.0
ELECTRICITY,2030,SPRING,ALLDAYS,NIGHT,INDIA,ER,0.0
ELECTRICITY,2030,SPRING,ALLDAYS,NIGHT,INDIA,WR,0.0
ELECTRICITY,2030,SPRING,ALLDAYS,NIGHT,INDIA,NR,0.0
ELECTRICITY,2030,SPRING,ALLDAYS,NIGHT,INDIA,SR,0.0
ELECTRICITY,2030,SPRING,ALLDAYS,NIGHT,INDIA,NER,0.0
ELECTRICITY,2031,SUMMER,ALLDAYS,EARLY,INDIA,ER,0.0
ELECTRICITY,2031,SUMMER,ALLDAYS,EARLY,INDIA,WR,0.0
ELECTRICITY,2031,SUMMER,ALLDAYS,EARLY,INDIA,NR,0.0
ELECTRICITY,2031,SUMMER,ALLDAYS,EARLY,INDIA,SR,0.0
ELECTRICITY,2031,SUMMER,ALLDAYS,EARLY,INDIA,NER,0.0
ELECTRICITY,2031,SUMMER,ALLDAYS,MORN,INDIA,ER,0.0
ELECTRICITY,2031,SUMMER,ALLDAYS,MORN,INDIA,WR,0.0
ELECTRICITY,2031,SUMMER,ALLDAYS,MORN,INDIA,NR,0.0
ELECTRICITY,2031,SUMMER,ALLDAYS,MORN,INDIA,SR,0.0
ELECTRICITY,2031,SUMMER,ALLDAYS,MORN,INDIA,NER,0.0
ELECTRICITY,2031,SUMMER,ALLDAYS,MID,INDIA,ER,0.0
ELECTRICITY,2031,SUMMER,ALLDAYS,MID,INDIA,WR,0.0
ELECTRICITY,2031,SUMMER,ALLDAYS,MID,INDIA,NR,0.0
ELECTRICITY,2031,SUMMER,ALLDAYS,MID,INDIA,SR,0.0
ELECTRICITY,2031,SUMMER,ALLDAYS,MID,INDIA,NER,0.0
ELECTRICITY,2031,SUMMER,ALLDAYS,AFTERNOON,INDIA,ER,0.0
ELECTRICITY,2031,SUMMER,ALLDAYS,AFTERNOON,INDIA,WR,0.0
ELECTRICITY,2031,SUMMER,ALLDAYS,AFTERNOON,INDIA,NR,0.0
ELECTRICITY,2031,SUMMER,ALLDAYS,AFTERNOON,INDIA,SR,0.0
ELECTRICITY,2031,SUMMER,ALLDAYS,AFTERNOON,INDIA,NER,0.0
ELECTRICITY,2031,SUMMER,ALLDAYS,EVENING,INDIA,ER,0.0
ELECTRICITY,2031,SUMMER,ALLDAYS,EVENING,INDIA,WR,0.0
ELECTRICITY,2031,SUMMER,ALLDAYS,EVENING,INDIA,NR,0.0
ELECTRICITY,2031,SUMMER,ALLDAYS,EVENING,INDIA,SR,0.0
ELECTRICITY,2031,SUMMER,ALLDAYS,EVENING,INDIA,NER,0.0
ELECTRICITY,2031,SUMMER,ALLDAYS,NIGHT,INDIA,ER,0.0
ELECTRICITY,2031,SUMMER,ALLDAYS,NIGHT,INDIA,WR,0.0
ELECTRICITY,2031,SUMMER,ALLDAYS,NIGHT,INDIA,NR,0.0
ELECTRICITY,2031,SUMMER,ALLDAYS,NIGHT,INDIA,SR,0.0
ELECTRICITY,2031,SUMMER,ALLDAYS,NIGHT,INDIA,NER,0.0
ELECTRICITY,2031,MONSOON,ALLDAYS,EARLY,INDIA,ER,0.0
ELECTRICITY,2031,MONSOON,ALLDAYS,EARLY,INDIA,WR,0.0
ELECTRICITY,2031,MONSOON,ALLDAYS,EARLY,INDIA,NR,0.0
ELECTRICITY,2031,MONSOON,ALLDAYS,EARLY,INDIA,SR,0.0
ELECTRICITY,2031,MONSOON,ALLDAYS,EARLY,INDIA,NER,0.0
ELECTRICITY,2031,MONSOON,ALLDAYS,MORN,INDIA,ER,0.0
ELECTRICITY,2031,MONSOON,ALLDAYS,MORN,INDIA,WR,0.0
ELECTRICITY,2031,MONSOON,ALLDAYS,MORN,INDIA,NR,0.0
ELECTRICITY,2031,MONSOON,ALLDAYS,MORN,INDIA,SR,0.0
ELECTRICITY,2031,MONSOON,ALLDAYS,MORN,INDIA,NER,0.0
ELECTRICITY,2031,MONSOON,ALLDAYS,MID,INDIA,ER,0.0
ELECTRICITY,2031,MONSOON,ALLDAYS,MID,INDIA,WR,0.0
ELECTRICITY,2031,MONSOON,ALLDAYS,MID,INDIA,NR,0.0
ELECTRICITY,2031,MONSOON,ALLDAYS,MID,INDIA,SR,0.0
ELECTRICITY,2031,MONSOON,ALLDAYS,MID,INDIA,NER,0.0
ELECTRICITY,2031,MONSOON,ALLDAYS,AFTERNOON,INDIA,ER,0.0
ELECTRICITY,2031,MONSOON,ALLDAYS,AFTERNOON,INDIA,WR,0.0
ELECTRICITY,2031,MONSOON,ALLDAYS,AFTERNOON,INDIA,NR,0.0
ELECTRICITY,2031,MONSOON,ALLDAYS,AFTERNOON,INDIA,SR,0.0
ELECTRICITY,2031,MONSOON,ALLDAYS,AFTERNOON,INDIA,NER,0.0
ELECTRICITY,2031,MONSOON,ALLDAYS,EVENING,INDIA,ER,0.0
ELECTRICITY,2031,MONSOON,ALLDAYS,EVENING,INDIA,WR,0.0
ELECTRICITY,2031,MONSOON,ALLDAYS,EVENING,INDIA,NR,0.0
ELECTRICITY,2031,MONSOON,ALLDAYS,EVENING,INDIA,SR,0.0
ELECTRICITY,2031,MONSOON,ALLDAYS,EVENING,INDIA,NER,0.0
ELECTRICITY,2031,MONSOON,ALLDAYS,NIGHT,INDIA,ER,0.0
ELECTRICITY,2031,MONSOON,ALLDAYS,NIGHT,INDIA,WR,0.0
ELECTRICITY,2031,MONSOON,ALLDAYS,NIGHT,INDIA,NR,0.0
ELECTRICITY,2031,MONSOON,ALLDAYS,NIGHT,INDIA,SR,0.0
ELECTRICITY,2031,MONSOON,ALLDAYS,NIGHT,INDIA,NER,0.0
ELECTRICITY,2031,AUTUMN,ALLDAYS,EARLY,INDIA,ER,0.0
ELECTRICITY,2031,AUTUMN,ALLDAYS,EARLY,INDIA,WR,0.0
ELECTRICITY,2031,AUTUMN,ALLDAYS,EARLY,INDIA,NR,0.0
ELECTRICITY,2031,AUTUMN,ALLDAYS,EARLY,INDIA,SR,0.0
ELECTRICITY,2031,AUTUMN,ALLDAYS,EARLY,INDIA,NER,0.0
ELECTRICITY,2031,AUTUMN,ALLDAYS,MORN,INDIA,ER,0.0
ELECTRICITY,2031,AUTUMN,ALLDAYS,MORN,INDIA,WR,0.0
ELECTRICITY,2031,AUTUMN,ALLDAYS,MORN,INDIA,NR,0.0
ELECTRICITY,2031,AUTUMN,ALLDAYS,MORN,INDIA,SR,0.0
ELECTRICITY,2031,AUTUMN,ALLDAYS,MORN,INDIA,NER,0.0
ELECTRICITY,2031,AUTUMN,ALLDAYS,MID,INDIA,ER,0.0
ELECTRICITY,2031,AUTUMN,ALLDAYS,MID,INDIA,WR,0.0
ELECTRICITY,2031,AUTUMN,ALLDAYS,MID,INDIA,NR,0.0
ELECTRICITY,2031,AUTUMN,ALLDAYS,MID,INDIA,SR,0.0
ELECTRICITY,2031,AUTUMN,ALLDAYS,MID,INDIA,NER,0.0
ELECTRICITY,2031,AUTUMN,ALLDAYS,AFTERNOON,INDIA,ER,0.0
ELECTRICITY,2031,AUTUMN,ALLDAYS,AFTERNOON,INDIA,WR,0.0
ELECTRICITY,2031,AUTUMN,ALLDAYS,AFTERNOON,INDIA,NR,0.0
ELECTRICITY,2031,AUTUMN,ALLDAYS,AFTERNOON,INDIA,SR,0.0
ELECTRICITY,2031,AUTUMN,ALLDAYS,AFTERNOON,INDIA,NER,0.0
ELECTRICITY,2031,AUTUMN,ALLDAYS,EVENING,INDIA,ER,0.0
ELECTRICITY,2031,AUTUMN,ALLDAYS,EVENING,INDIA,WR,0.0
ELECTRICITY,2031,AUTUMN,ALLDAYS,EVENING,INDIA,NR,0.0
ELECTRICITY,2031,AUTUMN,ALLDAYS,EVENING,INDIA,SR,0.0
ELECTRICITY,2031,AUTUMN,ALLDAYS,EVENING,INDIA,NER,0.0
ELECTRICITY,2031,AUTUMN,ALLDAYS,NIGHT,INDIA,ER,0.0
ELECTRICITY,2031,AUTUMN,ALLDAYS,NIGHT,INDIA,WR,0.0
ELECTRICITY,2031,AUTUMN,ALLDAYS,NIGHT,INDIA,NR,0.0
ELECTRICITY,2031,AUTUMN,ALLDAYS,NIGHT,INDIA,SR,0.0
ELECTRICITY,2031,AUTUMN,ALLDAYS,NIGHT,INDIA,NER,0.0
ELECTRICITY,2031,WINTER,ALLDAYS,EARLY,INDIA,ER,0.0
ELECTRICITY,2031,WINTER,ALLDAYS,EARLY,INDIA,WR,0.0
ELECTRICITY,2031,WINTER,ALLDAYS,EARLY,INDIA,NR,0.0
ELECTRICITY,2031,WINTER,ALLDAYS,EARLY,INDIA,SR,0.0
ELECTRICITY,2031,WINTER,ALLDAYS,EARLY,INDIA,NER,0.0
ELECTRICITY,2031,WINTER,ALLDAYS,MORN,INDIA,ER,0.0
ELECTRICITY,2031,WINTER,ALLDAYS,MORN,INDIA,WR,0.0
ELECTRICITY,2031,WINTER,ALLDAYS,MORN,INDIA,NR,0.0
ELECTRICITY,2031,WINTER,ALLDAYS,MORN,INDIA,SR,0.0
ELECTRICITY,2031,WINTER,ALLDAYS,MORN,INDIA,NER,0.0
ELECTRICITY,2031,WINTER,ALLDAYS,MID,INDIA,ER,0.0
ELECTRICITY,2031,WINTER,ALLDAYS,MID,INDIA,WR,0.0
ELECTRICITY,2031,WINTER,ALLDAYS,MID,INDIA,NR,0.0
ELECTRICITY,2031,WINTER,ALLDAYS,MID,INDIA,SR,0.0
ELECTRICITY,2031,WINTER,ALLDAYS,MID,INDIA,NER,0.0
ELECTRICITY,2031,WINTER,ALLDAYS,AFTERNOON,INDIA,ER,0.0
ELECTRICITY,2031,WINTER,ALLDAYS,AFTERNOON,INDIA,WR,0.0
ELECTRICITY,2031,WINTER,ALLDAYS,AFTERNOON,INDIA,NR,0.0
ELECTRICITY,2031,WINTER,ALLDAYS,AFTERNOON,INDIA,SR,0.0
ELECTRICITY,2031,WINTER,ALLDAYS,AFTERNOON,INDIA,NER,0.0
ELECTRICITY,2031,WINTER,ALLDAYS,EVENING,INDIA,ER,0.0
ELECTRICITY,2031,WINTER,ALLDAYS,EVENING,INDIA,WR,0.0
ELECTRICITY,2031,WINTER,ALLDAYS,EVENING,INDIA,NR,0.0
ELECTRICITY,2031,WINTER,ALLDAYS,EVENING,INDIA,SR,0.0
ELECTRICITY,2031,WINTER,ALLDAYS,EVENING,INDIA,NER,0.0
ELECTRICITY,2031,WINTER,ALLDAYS,NIGHT,INDIA,ER,0.0
ELECTRICITY,2031,WINTER,ALLDAYS,NIGHT,INDIA,WR,0.0
ELECTRICITY,2031,WINTER,ALLDAYS,NIGHT,INDIA,NR,0.0
ELECTRICITY,2031,WINTER,ALLDAYS,NIGHT,INDIA,SR,0.0
ELECTRICITY,2031,WINTER,ALLDAYS,NIGHT,INDIA,NER,0.0
ELECTRICITY,2031,SPRING,ALLDAYS,EARLY,INDIA,ER,0.0
ELECTRICITY,2031,SPRING,ALLDAYS,EARLY,INDIA,WR,0.0
ELECTRICITY,2031,SPRING,ALLDAYS,EARLY,INDIA,NR,0.0
ELECTRICITY,2031,SPRING,ALLDAYS,EARLY,INDIA,SR,0.0
ELECTRICITY,2031,SPRING,ALLDAYS,EARLY,INDIA,NER,0.0
ELECTRICITY,2031,SPRING,ALLDAYS,MORN,INDIA,ER,0.0
ELECTRICITY,2031,SPRING,ALLDAYS,MORN,INDIA,WR,0.0
ELECTRICITY,2031,SPRING,ALLDAYS,MORN,INDIA,NR,0.0
ELECTRICITY,2031,SPRING,ALLDAYS,MORN,INDIA,SR,0.0
ELECTRICITY,2031,SPRING,ALLDAYS,MORN,INDIA,NER,0.0
ELECTRICITY,2031,SPRING,ALLDAYS,MID,INDIA,ER,0.0
ELECTRICITY,2031,SPRING,ALLDAYS,MID,INDIA,WR,0.0
ELECTRICITY,2031,SPRING,ALLDAYS,MID,INDIA,NR,0.0
ELECTRICITY,2031,SPRING,ALLDAYS,MID,INDIA,SR,0.0
ELECTRICITY,2031,SPRING,ALLDAYS,MID,INDIA,NER,0.0
ELECTRICITY,2031,SPRING,ALLDAYS,AFTERNOON,INDIA,ER,0.0
ELECTRICITY,2031,SPRING,ALLDAYS,AFTERNOON,INDIA,WR,0.0
ELECTRICITY,2031,SPRING,ALLDAYS,AFTERNOON,INDIA,NR,0.0
ELECTRICITY,2031,SPRING,ALLDAYS,AFTERNOON,INDIA,SR,0.0
ELECTRICITY,2031,SPRING,ALLDAYS,AFTERNOON,INDIA,NER,0.0
ELECTRICITY,2031,SPRING,ALLDAYS,EVENING,INDIA,ER,0.0
ELECTRICITY,2031,SPRING,ALLDAYS,EVENING,INDIA,WR,0.0
ELECTRICITY,2031,SPRING,ALLDAYS,EVENING,INDIA,NR,0.0
ELECTRICITY,2031,SPRING,ALLDAYS,EVENING,INDIA,SR,0.0
ELECTRICITY,2031,SPRING,ALLDAYS,EVENING,INDIA,NER,0.0
ELECTRICITY,2031,SPRING,ALLDAYS,NIGHT,INDIA,ER,0.0
ELECTRICITY,2031,SPRING,ALLDAYS,NIGHT,INDIA,WR,0.0
ELECTRICITY,2031,SPRING,ALLDAYS,NIGHT,INDIA,NR,0.0
ELECTRICITY,2031,SPRING,ALLDAYS,NIGHT,INDIA,SR,0.0
ELECTRICITY,2031,SPRING,ALLDAYS,NIGHT,INDIA,NER,0.0
MS,2021,,,,INDIA,,0.0
MS,2022,,,,INDIA,,0.0
MS,2023,,,,INDIA,,0.0
MS,2024,,,,INDIA,,0.0
MS,2025,,,,INDIA,,0.0
MS,2026,,,,INDIA,,0.0
MS,2027,,,,INDIA,,0.0
MS,2028,,,,INDIA,,0.0
MS,2029,,,,INDIA,,0.0
MS,2030,,,,INDIA,,0.0
MS,2031,,,,INDIA,,0.0
HSD,2021,,,,INDIA,,0.0
HSD,2022,,,,INDIA,,0.0
HSD,2023,,,,INDIA,,0.0
HSD,2024,,,,INDIA,,0.0
HSD,2025,,,,INDIA,,0.0
HSD,2026,,,,INDIA,,0.0
HSD,2027,,,,INDIA,,0.0
HSD,2028,,,,INDIA,,0.0
HSD,2029,,,,INDIA,,0.0
HSD,2030,,,,INDIA,,0.0
HSD,2031,,,,INDIA,,0.0
ATF,2021,,,,INDIA,,0.0
ATF,2022,,,,INDIA,,0.0
ATF,2023,,,,INDIA,,0.0
ATF,2024,,,,INDIA,,0.0
ATF,2025,,,,INDIA,,0.0
ATF,2026,,,,INDIA,,0.0
ATF,2027,,,,INDIA,,0.0
ATF,2028,,,,INDIA,,0.0
ATF,2029,,,,INDIA,,0.0
ATF,2030,,,,INDIA,,0.0
ATF,2031,,,,INDIA,,0.0
LPG,2021,,,,INDIA,,0.0
LPG,2022,,,,INDIA,,0.0
LPG,2023,,,,INDIA,,0.0
LPG,2024,,,,INDIA,,0.0
LPG,2025,,,,INDIA,,0.0
LPG,2026,,,,INDIA,,0.0
LPG,2027,,,,INDIA,,0.0
LPG,2028,,,,INDIA,,0.0
LPG,2029,,,,INDIA,,0.0
LPG,2030,,,,INDIA,,0.0
LPG,2031,,,,INDIA,,0.0
PP_OTHER,2021,,,,INDIA,,0.0
PP_OTHER,2022,,,,INDIA,,0.0
PP_OTHER,2023,,,,INDIA,,0.0
PP_OTHER,2024,,,,INDIA,,0.0
PP_OTHER,2025,,,,INDIA,,0.0
PP_OTHER,2026,,,,INDIA,,0.0
PP_OTHER,2027,,,,INDIA,,0.0
PP_OTHER,2028,,,,INDIA,,0.0
PP_OTHER,2029,,,,INDIA,,0.0
PP_OTHER,2030,,,,INDIA,,0.0
PP_OTHER,2031,,,,INDIA,,0.0
